budget,model,logical_scenario,priority,solver_status,projects_selected,total_investment,budget_utilization_percent,total_potential,total_risk,total_strategic,target_potential,target_risk,target_strategic,scale_potential,scale_risk,scale_strategic,undesirable_potential,undesirable_risk,undesirable_strategic,normalized_deviation_potential,normalized_deviation_risk,normalized_deviation_strategic,normalized_achievement_potential,normalized_achievement_risk,normalized_achievement_strategic
25000000,GP,assumed_logic,balanced,Optimal,18,24779429.0,99.117716,570.0099999999999,1337.500001,1200.0,706.67,0.0,1475.0,706.67,1933.333333,1475.0,136.66,1337.5,275.0,0.1933858802552818,0.6918103449468639,0.1864406779661017,0.8066141197447182,0.3081896550531361,0.8135593220338984
25000000,GP,assumed_logic,potential_focused,Optimal,24,24929310.0,99.71724,706.6700000000001,1879.166667,1125.0,706.67,0.0,1475.0,706.67,1933.333333,1475.0,0.0,1879.1667,350.0,0.0,0.9719827760296522,0.2372881355932203,1.0,0.0280172239703477,0.7627118644067796
25000000,GP,assumed_logic,risk_focused,Optimal,7,23434328.0,93.737312,374.18000000000006,266.666668,425.0,706.67,0.0,1475.0,706.67,1933.333333,1475.0,332.49,266.66667,1050.0,0.4705024976297282,0.1379310362306777,0.711864406779661,0.5294975023702718,0.8620689637693222,0.288135593220339
25000000,GP,assumed_logic,strategy_focused,Optimal,22,24515477.0,98.061908,576.67,1854.166667,1425.0,706.67,0.0,1475.0,706.67,1933.333333,1475.0,130.0,1854.1667,50.0,0.1839613964085075,0.959051741544664,0.0338983050847457,0.8160386035914925,0.0409482584553358,0.9661016949152542
25000000,IP,assumed_logic,single_objective,Optimal,24,24929310.0,99.71724,706.6700000000001,1879.166667,1125.0,706.67,0.0,1475.0,706.67,1933.333333,1475.0,0.0,1879.166667,350.0,0.0,0.9719827589606866,0.23728813559322035,1.0,0.028017241039313356,0.7627118644067796
25000000,GP,baseline,balanced,Optimal,18,24833829.0,99.335316,570.01,1337.500001,1225.0,706.67,0.0,1475.0,706.67,1887.5,1475.0,136.66,1337.5,250.0,0.1933858802552818,0.7086092715231788,0.1694915254237288,0.8066141197447182,0.2913907284768212,0.8305084745762712
25000000,GP,baseline,potential_focused,Optimal,24,24929310.0,99.71724,706.6700000000001,1879.166667,1125.0,706.67,0.0,1475.0,706.67,1887.5,1475.0,0.0,1879.1667,350.0,0.0,0.9955850066225166,0.2372881355932203,1.0,0.0044149933774834,0.7627118644067796
25000000,GP,baseline,risk_focused,Optimal,7,23665331.0,94.661324,365.84,283.33333400000004,525.0,706.67,0.0,1475.0,706.67,1887.5,1475.0,340.83,283.33333,950.0,0.4823043287531662,0.1501103735099337,0.6440677966101694,0.5176956712468337,0.8498896264900662,0.3559322033898305
25000000,GP,baseline,strategy_focused,Optimal,21,24635477.0,98.541908,566.67,1741.666667,1425.0,706.67,0.0,1475.0,706.67,1887.5,1475.0,140.0,1741.6667,50.0,0.1981122730553157,0.9227373245033113,0.0338983050847457,0.8018877269446842,0.0772626754966887,0.9661016949152542
25000000,IP,baseline,single_objective,Optimal,24,24929310.0,99.71724,706.6700000000001,1879.166667,1125.0,706.67,0.0,1475.0,706.67,1887.5,1475.0,0.0,1879.166667,350.0,0.0,0.9955849891390728,0.23728813559322035,1.0,0.004415010860927215,0.7627118644067796
