project_id,company_id,startup_name,sector,country_code,status,founded_at,first_funding_at,last_funding_at,first_funding_year,last_funding_year,funding_duration_years,funding_rounds,funding_total_usd,investment_cost,acquisition,ipo,funding_band,rounds_score,duration_score,status_score,outcome_score,investment_potential_score,risk_score,strategic_score,budget,model,logical_scenario,priority
P001,c:263415,Bolt,software,,operating,,2013-02-01,2013-02-01,2013,2013,0,1,16000.0,16000.0,0,0,Low,0.0,0.0,70,0.0,17.5,100.0,100.0,25000000,GP,assumed_logic,balanced
P002,c:84886,QRcao,software,POL,closed,2011-08-01,2011-08-01,2011-08-01,2011,2011,0,1,7208.0,7208.0,0,0,Low,0.0,0.0,20,0.0,5.0,100.0,100.0,25000000,GP,assumed_logic,balanced
P003,c:77139,BestVendor,software,USA,acquired,2011-01-01,2011-03-18,2012-02-01,2011,2012,1,4,4200000.0,4200000.0,1,0,Medium,75.0,33.33333333333333,90,50.0,63.33,45.833333,100.0,25000000,GP,assumed_logic,balanced
P021,c:60564,Jazzdesk,web,,operating,2010-05-10,2010-05-10,2010-05-10,2010,2010,0,1,129690.0,129690.0,0,0,Low,0.0,0.0,70,0.0,17.5,100.0,75.0,25000000,GP,assumed_logic,balanced
P022,c:64602,OpenChime,web,USA,operating,2010-09-01,2011-06-01,2011-06-01,2011,2011,0,1,700000.0,700000.0,0,0,Low,0.0,0.0,70,0.0,17.5,100.0,75.0,25000000,GP,assumed_logic,balanced
P031,c:48335,PhoneTell,mobile,USA,operating,2009-06-01,2010-05-24,2010-05-24,2010,2010,0,1,1000000.0,1000000.0,0,0,Low,0.0,0.0,70,0.0,17.5,100.0,75.0,25000000,GP,assumed_logic,balanced
P032,c:141791,Infinite Monkeys,mobile,SGP,operating,2011-01-03,2011-01-01,2013-03-29,2011,2013,2,2,600000.0,600000.0,0,0,Low,25.0,66.66666666666666,70,0.0,41.67,54.166667,75.0,25000000,GP,assumed_logic,balanced
P034,c:124630,Cycell,mobile,GBR,operating,,2011-09-30,2012-12-09,2011,2012,1,2,2535759.0,2535759.0,0,0,Medium,25.0,33.33333333333333,70,0.0,33.33,70.833333,75.0,25000000,GP,assumed_logic,balanced
P041,c:185453,Currently,ecommerce,,operating,2012-01-01,2012-10-18,2012-10-18,2012,2012,0,1,140000.0,140000.0,0,0,Low,0.0,0.0,70,0.0,17.5,100.0,50.0,25000000,GP,assumed_logic,balanced
P043,c:46413,SixthEye,ecommerce,USA,operating,2010-01-01,2010-04-14,2013-09-04,2010,2013,3,3,2204171.0,2204171.0,0,0,Medium,50.0,100.0,70,0.0,57.5,25.0,50.0,25000000,GP,assumed_logic,balanced
P051,c:134081,Live Mobile,enterprise,IRL,operating,2011-05-10,2011-01-01,2011-06-15,2011,2011,0,2,670086.0,670086.0,0,0,Low,25.0,0.0,70,0.0,25.0,87.5,100.0,25000000,GP,assumed_logic,balanced
P052,c:151530,HireArt,enterprise,USA,operating,2012-01-01,2012-01-01,2012-01-01,2012,2012,0,1,1400000.0,1400000.0,0,0,Low,0.0,0.0,70,0.0,17.5,100.0,100.0,25000000,GP,assumed_logic,balanced
P053,c:80585,AeroFS,enterprise,USA,operating,2010-01-01,2010-08-01,2012-12-09,2010,2012,2,3,5500000.0,5500000.0,0,0,Medium,50.0,66.66666666666666,70,0.0,49.17,41.666667,100.0,25000000,GP,assumed_logic,balanced
P073,c:82968,Local Yokel Media,advertising,USA,operating,2011-04-10,2011-03-03,2013-06-11,2011,2013,2,2,2288352.0,2288352.0,0,0,Medium,25.0,66.66666666666666,70,0.0,41.67,54.166667,25.0,25000000,GP,assumed_logic,balanced
P081,c:218853,KOPIS MOBILE,hardware,USA,operating,2012-01-01,2013-04-15,2013-04-15,2013,2013,0,1,50000.0,50000.0,0,0,Low,0.0,0.0,70,0.0,17.5,100.0,50.0,25000000,GP,assumed_logic,balanced
P082,c:52607,Orthocone,hardware,SWE,operating,,2010-02-19,2010-02-19,2010,2010,0,1,122000.0,122000.0,0,0,Low,0.0,0.0,70,0.0,17.5,100.0,50.0,25000000,GP,assumed_logic,balanced
P091,c:235022,Cold Plasma Medical Technologies,medical,USA,operating,2012-01-01,2010-04-09,2012-12-19,2010,2012,2,5,1416163.0,1416163.0,0,0,Low,100.0,66.66666666666666,70,0.0,64.17,16.666667,0.0,25000000,GP,assumed_logic,balanced
P095,c:167154,DoctorAtWork.com,medical,RUS,operating,2009-10-01,2010-07-01,2012-06-01,2010,2012,2,3,1800000.0,1800000.0,0,0,Medium,50.0,66.66666666666666,70,0.0,49.17,41.666667,0.0,25000000,GP,assumed_logic,balanced
P001,c:263415,Bolt,software,,operating,,2013-02-01,2013-02-01,2013,2013,0,1,16000.0,16000.0,0,0,Low,0.0,0.0,70,0.0,17.5,100.0,100.0,25000000,GP,assumed_logic,potential_focused
P002,c:84886,QRcao,software,POL,closed,2011-08-01,2011-08-01,2011-08-01,2011,2011,0,1,7208.0,7208.0,0,0,Low,0.0,0.0,20,0.0,5.0,100.0,100.0,25000000,GP,assumed_logic,potential_focused
P003,c:77139,BestVendor,software,USA,acquired,2011-01-01,2011-03-18,2012-02-01,2011,2012,1,4,4200000.0,4200000.0,1,0,Medium,75.0,33.33333333333333,90,50.0,63.33,45.833333,100.0,25000000,GP,assumed_logic,potential_focused
P011,c:220366,Spartan Bioscience,biotech,CAN,operating,2005-01-01,2012-05-16,2012-05-16,2012,2012,0,1,110000.0,110000.0,0,0,Low,0.0,0.0,70,0.0,17.5,100.0,0.0,25000000,GP,assumed_logic,potential_focused
P012,c:270121,Intrepid Bioinformatics,biotech,USA,operating,2006-01-01,2010-04-27,2011-08-04,2010,2011,1,2,875000.0,875000.0,0,0,Low,25.0,33.33333333333333,70,0.0,33.33,70.833333,0.0,25000000,GP,assumed_logic,potential_focused
P013,c:241316,Salutaris Medical Devices,biotech,USA,operating,,2010-01-29,2012-09-05,2010,2012,2,3,3099128.0,3099128.0,0,0,Medium,50.0,66.66666666666666,70,0.0,49.17,41.666667,0.0,25000000,GP,assumed_logic,potential_focused
P021,c:60564,Jazzdesk,web,,operating,2010-05-10,2010-05-10,2010-05-10,2010,2010,0,1,129690.0,129690.0,0,0,Low,0.0,0.0,70,0.0,17.5,100.0,75.0,25000000,GP,assumed_logic,potential_focused
P022,c:64602,OpenChime,web,USA,operating,2010-09-01,2011-06-01,2011-06-01,2011,2011,0,1,700000.0,700000.0,0,0,Low,0.0,0.0,70,0.0,17.5,100.0,75.0,25000000,GP,assumed_logic,potential_focused
P031,c:48335,PhoneTell,mobile,USA,operating,2009-06-01,2010-05-24,2010-05-24,2010,2010,0,1,1000000.0,1000000.0,0,0,Low,0.0,0.0,70,0.0,17.5,100.0,75.0,25000000,GP,assumed_logic,potential_focused
P032,c:141791,Infinite Monkeys,mobile,SGP,operating,2011-01-03,2011-01-01,2013-03-29,2011,2013,2,2,600000.0,600000.0,0,0,Low,25.0,66.66666666666666,70,0.0,41.67,54.166667,75.0,25000000,GP,assumed_logic,potential_focused
P034,c:124630,Cycell,mobile,GBR,operating,,2011-09-30,2012-12-09,2011,2012,1,2,2535759.0,2535759.0,0,0,Medium,25.0,33.33333333333333,70,0.0,33.33,70.833333,75.0,25000000,GP,assumed_logic,potential_focused
P041,c:185453,Currently,ecommerce,,operating,2012-01-01,2012-10-18,2012-10-18,2012,2012,0,1,140000.0,140000.0,0,0,Low,0.0,0.0,70,0.0,17.5,100.0,50.0,25000000,GP,assumed_logic,potential_focused
P042,c:199660,Yellowsmith,ecommerce,USA,operating,2012-08-01,2012-08-20,2012-08-20,2012,2012,0,1,850000.0,850000.0,0,0,Low,0.0,0.0,70,0.0,17.5,100.0,50.0,25000000,GP,assumed_logic,potential_focused
P043,c:46413,SixthEye,ecommerce,USA,operating,2010-01-01,2010-04-14,2013-09-04,2010,2013,3,3,2204171.0,2204171.0,0,0,Medium,50.0,100.0,70,0.0,57.5,25.0,50.0,25000000,GP,assumed_logic,potential_focused
P051,c:134081,Live Mobile,enterprise,IRL,operating,2011-05-10,2011-01-01,2011-06-15,2011,2011,0,2,670086.0,670086.0,0,0,Low,25.0,0.0,70,0.0,25.0,87.5,100.0,25000000,GP,assumed_logic,potential_focused
P061,c:65631,Explore Engage,games_video,AUS,operating,2010-01-20,2011-04-14,2011-04-14,2011,2011,0,1,200000.0,200000.0,0,0,Low,0.0,0.0,70,0.0,17.5,100.0,25.0,25000000,GP,assumed_logic,potential_focused
P062,c:213816,Roll20,games_video,,operating,2012-04-01,2012-05-01,2012-05-01,2012,2012,0,1,40000.0,40000.0,0,0,Low,0.0,0.0,70,0.0,17.5,100.0,25.0,25000000,GP,assumed_logic,potential_focused
P072,c:203218,DishOpinion,advertising,USA,operating,2012-10-01,2012-11-18,2012-11-18,2012,2012,0,1,500000.0,500000.0,0,0,Low,0.0,0.0,70,0.0,17.5,100.0,25.0,25000000,GP,assumed_logic,potential_focused
P073,c:82968,Local Yokel Media,advertising,USA,operating,2011-04-10,2011-03-03,2013-06-11,2011,2013,2,2,2288352.0,2288352.0,0,0,Medium,25.0,66.66666666666666,70,0.0,41.67,54.166667,25.0,25000000,GP,assumed_logic,potential_focused
P081,c:218853,KOPIS MOBILE,hardware,USA,operating,2012-01-01,2013-04-15,2013-04-15,2013,2013,0,1,50000.0,50000.0,0,0,Low,0.0,0.0,70,0.0,17.5,100.0,50.0,25000000,GP,assumed_logic,potential_focused
P082,c:52607,Orthocone,hardware,SWE,operating,,2010-02-19,2010-02-19,2010,2010,0,1,122000.0,122000.0,0,0,Low,0.0,0.0,70,0.0,17.5,100.0,50.0,25000000,GP,assumed_logic,potential_focused
P091,c:235022,Cold Plasma Medical Technologies,medical,USA,operating,2012-01-01,2010-04-09,2012-12-19,2010,2012,2,5,1416163.0,1416163.0,0,0,Low,100.0,66.66666666666666,70,0.0,64.17,16.666667,0.0,25000000,GP,assumed_logic,potential_focused
P092,c:84369,CamStent,medical,GBR,operating,,2011-08-05,2012-05-11,2011,2012,1,2,1375753.0,1375753.0,0,0,Low,25.0,33.33333333333333,70,0.0,33.33,70.833333,0.0,25000000,GP,assumed_logic,potential_focused
P095,c:167154,DoctorAtWork.com,medical,RUS,operating,2009-10-01,2010-07-01,2012-06-01,2010,2012,2,3,1800000.0,1800000.0,0,0,Medium,50.0,66.66666666666666,70,0.0,49.17,41.666667,0.0,25000000,GP,assumed_logic,potential_focused
P003,c:77139,BestVendor,software,USA,acquired,2011-01-01,2011-03-18,2012-02-01,2011,2012,1,4,4200000.0,4200000.0,1,0,Medium,75.0,33.33333333333333,90,50.0,63.33,45.833333,100.0,25000000,GP,assumed_logic,risk_focused
P032,c:141791,Infinite Monkeys,mobile,SGP,operating,2011-01-03,2011-01-01,2013-03-29,2011,2013,2,2,600000.0,600000.0,0,0,Low,25.0,66.66666666666666,70,0.0,41.67,54.166667,75.0,25000000,GP,assumed_logic,risk_focused
P043,c:46413,SixthEye,ecommerce,USA,operating,2010-01-01,2010-04-14,2013-09-04,2010,2013,3,3,2204171.0,2204171.0,0,0,Medium,50.0,100.0,70,0.0,57.5,25.0,50.0,25000000,GP,assumed_logic,risk_focused
P053,c:80585,AeroFS,enterprise,USA,operating,2010-01-01,2010-08-01,2012-12-09,2010,2012,2,3,5500000.0,5500000.0,0,0,Medium,50.0,66.66666666666666,70,0.0,49.17,41.666667,100.0,25000000,GP,assumed_logic,risk_focused
P057,c:145223,ownCloud,enterprise,USA,operating,,2011-12-23,2013-12-09,2011,2013,2,3,7713994.0,7713994.0,0,0,High,50.0,66.66666666666666,70,0.0,49.17,41.666667,100.0,25000000,GP,assumed_logic,risk_focused
P091,c:235022,Cold Plasma Medical Technologies,medical,USA,operating,2012-01-01,2010-04-09,2012-12-19,2010,2012,2,5,1416163.0,1416163.0,0,0,Low,100.0,66.66666666666666,70,0.0,64.17,16.666667,0.0,25000000,GP,assumed_logic,risk_focused
P095,c:167154,DoctorAtWork.com,medical,RUS,operating,2009-10-01,2010-07-01,2012-06-01,2010,2012,2,3,1800000.0,1800000.0,0,0,Medium,50.0,66.66666666666666,70,0.0,49.17,41.666667,0.0,25000000,GP,assumed_logic,risk_focused
P001,c:263415,Bolt,software,,operating,,2013-02-01,2013-02-01,2013,2013,0,1,16000.0,16000.0,0,0,Low,0.0,0.0,70,0.0,17.5,100.0,100.0,25000000,GP,assumed_logic,strategy_focused
P002,c:84886,QRcao,software,POL,closed,2011-08-01,2011-08-01,2011-08-01,2011,2011,0,1,7208.0,7208.0,0,0,Low,0.0,0.0,20,0.0,5.0,100.0,100.0,25000000,GP,assumed_logic,strategy_focused
P003,c:77139,BestVendor,software,USA,acquired,2011-01-01,2011-03-18,2012-02-01,2011,2012,1,4,4200000.0,4200000.0,1,0,Medium,75.0,33.33333333333333,90,50.0,63.33,45.833333,100.0,25000000,GP,assumed_logic,strategy_focused
P021,c:60564,Jazzdesk,web,,operating,2010-05-10,2010-05-10,2010-05-10,2010,2010,0,1,129690.0,129690.0,0,0,Low,0.0,0.0,70,0.0,17.5,100.0,75.0,25000000,GP,assumed_logic,strategy_focused
P022,c:64602,OpenChime,web,USA,operating,2010-09-01,2011-06-01,2011-06-01,2011,2011,0,1,700000.0,700000.0,0,0,Low,0.0,0.0,70,0.0,17.5,100.0,75.0,25000000,GP,assumed_logic,strategy_focused
P031,c:48335,PhoneTell,mobile,USA,operating,2009-06-01,2010-05-24,2010-05-24,2010,2010,0,1,1000000.0,1000000.0,0,0,Low,0.0,0.0,70,0.0,17.5,100.0,75.0,25000000,GP,assumed_logic,strategy_focused
P032,c:141791,Infinite Monkeys,mobile,SGP,operating,2011-01-03,2011-01-01,2013-03-29,2011,2013,2,2,600000.0,600000.0,0,0,Low,25.0,66.66666666666666,70,0.0,41.67,54.166667,75.0,25000000,GP,assumed_logic,strategy_focused
P033,c:155382,Between,mobile,KOR,operating,2011-02-10,2011-11-01,2013-01-01,2011,2013,2,2,4000000.0,4000000.0,0,0,Medium,25.0,66.66666666666666,70,0.0,41.67,54.166667,75.0,25000000,GP,assumed_logic,strategy_focused
P034,c:124630,Cycell,mobile,GBR,operating,,2011-09-30,2012-12-09,2011,2012,1,2,2535759.0,2535759.0,0,0,Medium,25.0,33.33333333333333,70,0.0,33.33,70.833333,75.0,25000000,GP,assumed_logic,strategy_focused
P041,c:185453,Currently,ecommerce,,operating,2012-01-01,2012-10-18,2012-10-18,2012,2012,0,1,140000.0,140000.0,0,0,Low,0.0,0.0,70,0.0,17.5,100.0,50.0,25000000,GP,assumed_logic,strategy_focused
P042,c:199660,Yellowsmith,ecommerce,USA,operating,2012-08-01,2012-08-20,2012-08-20,2012,2012,0,1,850000.0,850000.0,0,0,Low,0.0,0.0,70,0.0,17.5,100.0,50.0,25000000,GP,assumed_logic,strategy_focused
P043,c:46413,SixthEye,ecommerce,USA,operating,2010-01-01,2010-04-14,2013-09-04,2010,2013,3,3,2204171.0,2204171.0,0,0,Medium,50.0,100.0,70,0.0,57.5,25.0,50.0,25000000,GP,assumed_logic,strategy_focused
P044,c:148023,Commerce Sciences,ecommerce,USA,operating,2011-01-01,2012-07-02,2012-07-02,2012,2012,0,1,1800000.0,1800000.0,0,0,Medium,0.0,0.0,70,0.0,17.5,100.0,50.0,25000000,GP,assumed_logic,strategy_focused
P051,c:134081,Live Mobile,enterprise,IRL,operating,2011-05-10,2011-01-01,2011-06-15,2011,2011,0,2,670086.0,670086.0,0,0,Low,25.0,0.0,70,0.0,25.0,87.5,100.0,25000000,GP,assumed_logic,strategy_focused
P052,c:151530,HireArt,enterprise,USA,operating,2012-01-01,2012-01-01,2012-01-01,2012,2012,0,1,1400000.0,1400000.0,0,0,Low,0.0,0.0,70,0.0,17.5,100.0,100.0,25000000,GP,assumed_logic,strategy_focused
P055,c:141409,Vivocha,enterprise,ITA,operating,2012-04-18,2012-09-12,2012-09-12,2012,2012,0,1,1934400.0,1934400.0,0,0,Medium,0.0,0.0,70,0.0,17.5,100.0,100.0,25000000,GP,assumed_logic,strategy_focused
P061,c:65631,Explore Engage,games_video,AUS,operating,2010-01-20,2011-04-14,2011-04-14,2011,2011,0,1,200000.0,200000.0,0,0,Low,0.0,0.0,70,0.0,17.5,100.0,25.0,25000000,GP,assumed_logic,strategy_focused
P062,c:213816,Roll20,games_video,,operating,2012-04-01,2012-05-01,2012-05-01,2012,2012,0,1,40000.0,40000.0,0,0,Low,0.0,0.0,70,0.0,17.5,100.0,25.0,25000000,GP,assumed_logic,strategy_focused
P072,c:203218,DishOpinion,advertising,USA,operating,2012-10-01,2012-11-18,2012-11-18,2012,2012,0,1,500000.0,500000.0,0,0,Low,0.0,0.0,70,0.0,17.5,100.0,25.0,25000000,GP,assumed_logic,strategy_focused
P081,c:218853,KOPIS MOBILE,hardware,USA,operating,2012-01-01,2013-04-15,2013-04-15,2013,2013,0,1,50000.0,50000.0,0,0,Low,0.0,0.0,70,0.0,17.5,100.0,50.0,25000000,GP,assumed_logic,strategy_focused
P082,c:52607,Orthocone,hardware,SWE,operating,,2010-02-19,2010-02-19,2010,2010,0,1,122000.0,122000.0,0,0,Low,0.0,0.0,70,0.0,17.5,100.0,50.0,25000000,GP,assumed_logic,strategy_focused
P091,c:235022,Cold Plasma Medical Technologies,medical,USA,operating,2012-01-01,2010-04-09,2012-12-19,2010,2012,2,5,1416163.0,1416163.0,0,0,Low,100.0,66.66666666666666,70,0.0,64.17,16.666667,0.0,25000000,GP,assumed_logic,strategy_focused
P001,c:263415,Bolt,software,,operating,,2013-02-01,2013-02-01,2013,2013,0,1,16000.0,16000.0,0,0,Low,0.0,0.0,70,0.0,17.5,100.0,100.0,50000000,GP,assumed_logic,balanced
P002,c:84886,QRcao,software,POL,closed,2011-08-01,2011-08-01,2011-08-01,2011,2011,0,1,7208.0,7208.0,0,0,Low,0.0,0.0,20,0.0,5.0,100.0,100.0,50000000,GP,assumed_logic,balanced
P003,c:77139,BestVendor,software,USA,acquired,2011-01-01,2011-03-18,2012-02-01,2011,2012,1,4,4200000.0,4200000.0,1,0,Medium,75.0,33.33333333333333,90,50.0,63.33,45.833333,100.0,50000000,GP,assumed_logic,balanced
P013,c:241316,Salutaris Medical Devices,biotech,USA,operating,,2010-01-29,2012-09-05,2010,2012,2,3,3099128.0,3099128.0,0,0,Medium,50.0,66.66666666666666,70,0.0,49.17,41.666667,0.0,50000000,GP,assumed_logic,balanced
P021,c:60564,Jazzdesk,web,,operating,2010-05-10,2010-05-10,2010-05-10,2010,2010,0,1,129690.0,129690.0,0,0,Low,0.0,0.0,70,0.0,17.5,100.0,75.0,50000000,GP,assumed_logic,balanced
P022,c:64602,OpenChime,web,USA,operating,2010-09-01,2011-06-01,2011-06-01,2011,2011,0,1,700000.0,700000.0,0,0,Low,0.0,0.0,70,0.0,17.5,100.0,75.0,50000000,GP,assumed_logic,balanced
P025,c:191939,ID.me,web,USA,operating,2010-01-01,2013-03-17,2013-09-17,2013,2013,0,2,3300000.0,3300000.0,0,0,Medium,25.0,0.0,70,0.0,25.0,87.5,75.0,50000000,GP,assumed_logic,balanced
P031,c:48335,PhoneTell,mobile,USA,operating,2009-06-01,2010-05-24,2010-05-24,2010,2010,0,1,1000000.0,1000000.0,0,0,Low,0.0,0.0,70,0.0,17.5,100.0,75.0,50000000,GP,assumed_logic,balanced
P032,c:141791,Infinite Monkeys,mobile,SGP,operating,2011-01-03,2011-01-01,2013-03-29,2011,2013,2,2,600000.0,600000.0,0,0,Low,25.0,66.66666666666666,70,0.0,41.67,54.166667,75.0,50000000,GP,assumed_logic,balanced
P033,c:155382,Between,mobile,KOR,operating,2011-02-10,2011-11-01,2013-01-01,2011,2013,2,2,4000000.0,4000000.0,0,0,Medium,25.0,66.66666666666666,70,0.0,41.67,54.166667,75.0,50000000,GP,assumed_logic,balanced
P034,c:124630,Cycell,mobile,GBR,operating,,2011-09-30,2012-12-09,2011,2012,1,2,2535759.0,2535759.0,0,0,Medium,25.0,33.33333333333333,70,0.0,33.33,70.833333,75.0,50000000,GP,assumed_logic,balanced
P041,c:185453,Currently,ecommerce,,operating,2012-01-01,2012-10-18,2012-10-18,2012,2012,0,1,140000.0,140000.0,0,0,Low,0.0,0.0,70,0.0,17.5,100.0,50.0,50000000,GP,assumed_logic,balanced
P043,c:46413,SixthEye,ecommerce,USA,operating,2010-01-01,2010-04-14,2013-09-04,2010,2013,3,3,2204171.0,2204171.0,0,0,Medium,50.0,100.0,70,0.0,57.5,25.0,50.0,50000000,GP,assumed_logic,balanced
P051,c:134081,Live Mobile,enterprise,IRL,operating,2011-05-10,2011-01-01,2011-06-15,2011,2011,0,2,670086.0,670086.0,0,0,Low,25.0,0.0,70,0.0,25.0,87.5,100.0,50000000,GP,assumed_logic,balanced
P052,c:151530,HireArt,enterprise,USA,operating,2012-01-01,2012-01-01,2012-01-01,2012,2012,0,1,1400000.0,1400000.0,0,0,Low,0.0,0.0,70,0.0,17.5,100.0,100.0,50000000,GP,assumed_logic,balanced
P053,c:80585,AeroFS,enterprise,USA,operating,2010-01-01,2010-08-01,2012-12-09,2010,2012,2,3,5500000.0,5500000.0,0,0,Medium,50.0,66.66666666666666,70,0.0,49.17,41.666667,100.0,50000000,GP,assumed_logic,balanced
P055,c:141409,Vivocha,enterprise,ITA,operating,2012-04-18,2012-09-12,2012-09-12,2012,2012,0,1,1934400.0,1934400.0,0,0,Medium,0.0,0.0,70,0.0,17.5,100.0,100.0,50000000,GP,assumed_logic,balanced
P057,c:145223,ownCloud,enterprise,USA,operating,,2011-12-23,2013-12-09,2011,2013,2,3,7713994.0,7713994.0,0,0,High,50.0,66.66666666666666,70,0.0,49.17,41.666667,100.0,50000000,GP,assumed_logic,balanced
P073,c:82968,Local Yokel Media,advertising,USA,operating,2011-04-10,2011-03-03,2013-06-11,2011,2013,2,2,2288352.0,2288352.0,0,0,Medium,25.0,66.66666666666666,70,0.0,41.67,54.166667,25.0,50000000,GP,assumed_logic,balanced
P075,c:59637,Connexity,advertising,USA,operating,2011-05-01,2010-10-21,2012-08-02,2010,2012,2,3,5000000.0,5000000.0,0,0,Medium,50.0,66.66666666666666,70,0.0,49.17,41.666667,25.0,50000000,GP,assumed_logic,balanced
P081,c:218853,KOPIS MOBILE,hardware,USA,operating,2012-01-01,2013-04-15,2013-04-15,2013,2013,0,1,50000.0,50000.0,0,0,Low,0.0,0.0,70,0.0,17.5,100.0,50.0,50000000,GP,assumed_logic,balanced
P082,c:52607,Orthocone,hardware,SWE,operating,,2010-02-19,2010-02-19,2010,2010,0,1,122000.0,122000.0,0,0,Low,0.0,0.0,70,0.0,17.5,100.0,50.0,50000000,GP,assumed_logic,balanced
P091,c:235022,Cold Plasma Medical Technologies,medical,USA,operating,2012-01-01,2010-04-09,2012-12-19,2010,2012,2,5,1416163.0,1416163.0,0,0,Low,100.0,66.66666666666666,70,0.0,64.17,16.666667,0.0,50000000,GP,assumed_logic,balanced
P095,c:167154,DoctorAtWork.com,medical,RUS,operating,2009-10-01,2010-07-01,2012-06-01,2010,2012,2,3,1800000.0,1800000.0,0,0,Medium,50.0,66.66666666666666,70,0.0,49.17,41.666667,0.0,50000000,GP,assumed_logic,balanced
P001,c:263415,Bolt,software,,operating,,2013-02-01,2013-02-01,2013,2013,0,1,16000.0,16000.0,0,0,Low,0.0,0.0,70,0.0,17.5,100.0,100.0,50000000,GP,assumed_logic,potential_focused
P002,c:84886,QRcao,software,POL,closed,2011-08-01,2011-08-01,2011-08-01,2011,2011,0,1,7208.0,7208.0,0,0,Low,0.0,0.0,20,0.0,5.0,100.0,100.0,50000000,GP,assumed_logic,potential_focused
P003,c:77139,BestVendor,software,USA,acquired,2011-01-01,2011-03-18,2012-02-01,2011,2012,1,4,4200000.0,4200000.0,1,0,Medium,75.0,33.33333333333333,90,50.0,63.33,45.833333,100.0,50000000,GP,assumed_logic,potential_focused
P011,c:220366,Spartan Bioscience,biotech,CAN,operating,2005-01-01,2012-05-16,2012-05-16,2012,2012,0,1,110000.0,110000.0,0,0,Low,0.0,0.0,70,0.0,17.5,100.0,0.0,50000000,GP,assumed_logic,potential_focused
P012,c:270121,Intrepid Bioinformatics,biotech,USA,operating,2006-01-01,2010-04-27,2011-08-04,2010,2011,1,2,875000.0,875000.0,0,0,Low,25.0,33.33333333333333,70,0.0,33.33,70.833333,0.0,50000000,GP,assumed_logic,potential_focused
P013,c:241316,Salutaris Medical Devices,biotech,USA,operating,,2010-01-29,2012-09-05,2010,2012,2,3,3099128.0,3099128.0,0,0,Medium,50.0,66.66666666666666,70,0.0,49.17,41.666667,0.0,50000000,GP,assumed_logic,potential_focused
P021,c:60564,Jazzdesk,web,,operating,2010-05-10,2010-05-10,2010-05-10,2010,2010,0,1,129690.0,129690.0,0,0,Low,0.0,0.0,70,0.0,17.5,100.0,75.0,50000000,GP,assumed_logic,potential_focused
P022,c:64602,OpenChime,web,USA,operating,2010-09-01,2011-06-01,2011-06-01,2011,2011,0,1,700000.0,700000.0,0,0,Low,0.0,0.0,70,0.0,17.5,100.0,75.0,50000000,GP,assumed_logic,potential_focused
P025,c:191939,ID.me,web,USA,operating,2010-01-01,2013-03-17,2013-09-17,2013,2013,0,2,3300000.0,3300000.0,0,0,Medium,25.0,0.0,70,0.0,25.0,87.5,75.0,50000000,GP,assumed_logic,potential_focused
P031,c:48335,PhoneTell,mobile,USA,operating,2009-06-01,2010-05-24,2010-05-24,2010,2010,0,1,1000000.0,1000000.0,0,0,Low,0.0,0.0,70,0.0,17.5,100.0,75.0,50000000,GP,assumed_logic,potential_focused
P032,c:141791,Infinite Monkeys,mobile,SGP,operating,2011-01-03,2011-01-01,2013-03-29,2011,2013,2,2,600000.0,600000.0,0,0,Low,25.0,66.66666666666666,70,0.0,41.67,54.166667,75.0,50000000,GP,assumed_logic,potential_focused
P033,c:155382,Between,mobile,KOR,operating,2011-02-10,2011-11-01,2013-01-01,2011,2013,2,2,4000000.0,4000000.0,0,0,Medium,25.0,66.66666666666666,70,0.0,41.67,54.166667,75.0,50000000,GP,assumed_logic,potential_focused
P034,c:124630,Cycell,mobile,GBR,operating,,2011-09-30,2012-12-09,2011,2012,1,2,2535759.0,2535759.0,0,0,Medium,25.0,33.33333333333333,70,0.0,33.33,70.833333,75.0,50000000,GP,assumed_logic,potential_focused
P041,c:185453,Currently,ecommerce,,operating,2012-01-01,2012-10-18,2012-10-18,2012,2012,0,1,140000.0,140000.0,0,0,Low,0.0,0.0,70,0.0,17.5,100.0,50.0,50000000,GP,assumed_logic,potential_focused
P042,c:199660,Yellowsmith,ecommerce,USA,operating,2012-08-01,2012-08-20,2012-08-20,2012,2012,0,1,850000.0,850000.0,0,0,Low,0.0,0.0,70,0.0,17.5,100.0,50.0,50000000,GP,assumed_logic,potential_focused
P043,c:46413,SixthEye,ecommerce,USA,operating,2010-01-01,2010-04-14,2013-09-04,2010,2013,3,3,2204171.0,2204171.0,0,0,Medium,50.0,100.0,70,0.0,57.5,25.0,50.0,50000000,GP,assumed_logic,potential_focused
P044,c:148023,Commerce Sciences,ecommerce,USA,operating,2011-01-01,2012-07-02,2012-07-02,2012,2012,0,1,1800000.0,1800000.0,0,0,Medium,0.0,0.0,70,0.0,17.5,100.0,50.0,50000000,GP,assumed_logic,potential_focused
P051,c:134081,Live Mobile,enterprise,IRL,operating,2011-05-10,2011-01-01,2011-06-15,2011,2011,0,2,670086.0,670086.0,0,0,Low,25.0,0.0,70,0.0,25.0,87.5,100.0,50000000,GP,assumed_logic,potential_focused
P052,c:151530,HireArt,enterprise,USA,operating,2012-01-01,2012-01-01,2012-01-01,2012,2012,0,1,1400000.0,1400000.0,0,0,Low,0.0,0.0,70,0.0,17.5,100.0,100.0,50000000,GP,assumed_logic,potential_focused
P053,c:80585,AeroFS,enterprise,USA,operating,2010-01-01,2010-08-01,2012-12-09,2010,2012,2,3,5500000.0,5500000.0,0,0,Medium,50.0,66.66666666666666,70,0.0,49.17,41.666667,100.0,50000000,GP,assumed_logic,potential_focused
P055,c:141409,Vivocha,enterprise,ITA,operating,2012-04-18,2012-09-12,2012-09-12,2012,2012,0,1,1934400.0,1934400.0,0,0,Medium,0.0,0.0,70,0.0,17.5,100.0,100.0,50000000,GP,assumed_logic,potential_focused
P061,c:65631,Explore Engage,games_video,AUS,operating,2010-01-20,2011-04-14,2011-04-14,2011,2011,0,1,200000.0,200000.0,0,0,Low,0.0,0.0,70,0.0,17.5,100.0,25.0,50000000,GP,assumed_logic,potential_focused
P062,c:213816,Roll20,games_video,,operating,2012-04-01,2012-05-01,2012-05-01,2012,2012,0,1,40000.0,40000.0,0,0,Low,0.0,0.0,70,0.0,17.5,100.0,25.0,50000000,GP,assumed_logic,potential_focused
P072,c:203218,DishOpinion,advertising,USA,operating,2012-10-01,2012-11-18,2012-11-18,2012,2012,0,1,500000.0,500000.0,0,0,Low,0.0,0.0,70,0.0,17.5,100.0,25.0,50000000,GP,assumed_logic,potential_focused
P073,c:82968,Local Yokel Media,advertising,USA,operating,2011-04-10,2011-03-03,2013-06-11,2011,2013,2,2,2288352.0,2288352.0,0,0,Medium,25.0,66.66666666666666,70,0.0,41.67,54.166667,25.0,50000000,GP,assumed_logic,potential_focused
P075,c:59637,Connexity,advertising,USA,operating,2011-05-01,2010-10-21,2012-08-02,2010,2012,2,3,5000000.0,5000000.0,0,0,Medium,50.0,66.66666666666666,70,0.0,49.17,41.666667,25.0,50000000,GP,assumed_logic,potential_focused
P081,c:218853,KOPIS MOBILE,hardware,USA,operating,2012-01-01,2013-04-15,2013-04-15,2013,2013,0,1,50000.0,50000.0,0,0,Low,0.0,0.0,70,0.0,17.5,100.0,50.0,50000000,GP,assumed_logic,potential_focused
P082,c:52607,Orthocone,hardware,SWE,operating,,2010-02-19,2010-02-19,2010,2010,0,1,122000.0,122000.0,0,0,Low,0.0,0.0,70,0.0,17.5,100.0,50.0,50000000,GP,assumed_logic,potential_focused
P085,c:282769,Packet Digital,hardware,USA,operating,2003-01-01,2010-01-10,2010-01-10,2010,2010,0,1,2000800.0,2000800.0,0,0,Medium,0.0,0.0,70,0.0,17.5,100.0,50.0,50000000,GP,assumed_logic,potential_focused
P091,c:235022,Cold Plasma Medical Technologies,medical,USA,operating,2012-01-01,2010-04-09,2012-12-19,2010,2012,2,5,1416163.0,1416163.0,0,0,Low,100.0,66.66666666666666,70,0.0,64.17,16.666667,0.0,50000000,GP,assumed_logic,potential_focused
P092,c:84369,CamStent,medical,GBR,operating,,2011-08-05,2012-05-11,2011,2012,1,2,1375753.0,1375753.0,0,0,Low,25.0,33.33333333333333,70,0.0,33.33,70.833333,0.0,50000000,GP,assumed_logic,potential_focused
P095,c:167154,DoctorAtWork.com,medical,RUS,operating,2009-10-01,2010-07-01,2012-06-01,2010,2012,2,3,1800000.0,1800000.0,0,0,Medium,50.0,66.66666666666666,70,0.0,49.17,41.666667,0.0,50000000,GP,assumed_logic,potential_focused
P003,c:77139,BestVendor,software,USA,acquired,2011-01-01,2011-03-18,2012-02-01,2011,2012,1,4,4200000.0,4200000.0,1,0,Medium,75.0,33.33333333333333,90,50.0,63.33,45.833333,100.0,50000000,GP,assumed_logic,risk_focused
P008,c:215373,Axion Health,software,USA,operating,2004-01-01,2012-04-24,2013-05-22,2012,2013,1,4,11200600.0,11200600.0,0,0,High,75.0,33.33333333333333,70,0.0,48.33,45.833333,100.0,50000000,GP,assumed_logic,risk_focused
P028,c:43789,Leetchi,web,FRA,operating,2009-03-01,2010-02-01,2012-03-01,2010,2012,2,3,7850000.0,7850000.0,0,0,High,50.0,66.66666666666666,70,0.0,49.17,41.666667,75.0,50000000,GP,assumed_logic,risk_focused
P032,c:141791,Infinite Monkeys,mobile,SGP,operating,2011-01-03,2011-01-01,2013-03-29,2011,2013,2,2,600000.0,600000.0,0,0,Low,25.0,66.66666666666666,70,0.0,41.67,54.166667,75.0,50000000,GP,assumed_logic,risk_focused
P033,c:155382,Between,mobile,KOR,operating,2011-02-10,2011-11-01,2013-01-01,2011,2013,2,2,4000000.0,4000000.0,0,0,Medium,25.0,66.66666666666666,70,0.0,41.67,54.166667,75.0,50000000,GP,assumed_logic,risk_focused
P043,c:46413,SixthEye,ecommerce,USA,operating,2010-01-01,2010-04-14,2013-09-04,2010,2013,3,3,2204171.0,2204171.0,0,0,Medium,50.0,100.0,70,0.0,57.5,25.0,50.0,50000000,GP,assumed_logic,risk_focused
P053,c:80585,AeroFS,enterprise,USA,operating,2010-01-01,2010-08-01,2012-12-09,2010,2012,2,3,5500000.0,5500000.0,0,0,Medium,50.0,66.66666666666666,70,0.0,49.17,41.666667,100.0,50000000,GP,assumed_logic,risk_focused
P057,c:145223,ownCloud,enterprise,USA,operating,,2011-12-23,2013-12-09,2011,2013,2,3,7713994.0,7713994.0,0,0,High,50.0,66.66666666666666,70,0.0,49.17,41.666667,100.0,50000000,GP,assumed_logic,risk_focused
P075,c:59637,Connexity,advertising,USA,operating,2011-05-01,2010-10-21,2012-08-02,2010,2012,2,3,5000000.0,5000000.0,0,0,Medium,50.0,66.66666666666666,70,0.0,49.17,41.666667,25.0,50000000,GP,assumed_logic,risk_focused
P091,c:235022,Cold Plasma Medical Technologies,medical,USA,operating,2012-01-01,2010-04-09,2012-12-19,2010,2012,2,5,1416163.0,1416163.0,0,0,Low,100.0,66.66666666666666,70,0.0,64.17,16.666667,0.0,50000000,GP,assumed_logic,risk_focused
P001,c:263415,Bolt,software,,operating,,2013-02-01,2013-02-01,2013,2013,0,1,16000.0,16000.0,0,0,Low,0.0,0.0,70,0.0,17.5,100.0,100.0,50000000,GP,assumed_logic,strategy_focused
P002,c:84886,QRcao,software,POL,closed,2011-08-01,2011-08-01,2011-08-01,2011,2011,0,1,7208.0,7208.0,0,0,Low,0.0,0.0,20,0.0,5.0,100.0,100.0,50000000,GP,assumed_logic,strategy_focused
P004,c:73717,ToutApp,software,USA,operating,2010-11-01,2011-05-15,2013-12-11,2011,2013,2,3,4620000.0,4620000.0,0,0,Medium,50.0,66.66666666666666,70,0.0,49.17,41.666667,100.0,50000000,GP,assumed_logic,strategy_focused
P005,c:238577,Imimtek,software,USA,operating,2011-01-01,2012-03-26,2013-10-09,2012,2013,1,3,5124997.0,5124997.0,0,0,Medium,50.0,33.33333333333333,70,0.0,40.83,58.333333,100.0,50000000,GP,assumed_logic,strategy_focused
P021,c:60564,Jazzdesk,web,,operating,2010-05-10,2010-05-10,2010-05-10,2010,2010,0,1,129690.0,129690.0,0,0,Low,0.0,0.0,70,0.0,17.5,100.0,75.0,50000000,GP,assumed_logic,strategy_focused
P022,c:64602,OpenChime,web,USA,operating,2010-09-01,2011-06-01,2011-06-01,2011,2011,0,1,700000.0,700000.0,0,0,Low,0.0,0.0,70,0.0,17.5,100.0,75.0,50000000,GP,assumed_logic,strategy_focused
P023,c:73522,VHX,web,USA,operating,2011-05-01,2012-06-19,2013-08-29,2012,2013,1,2,4450000.0,4450000.0,0,0,Medium,25.0,33.33333333333333,70,0.0,33.33,70.833333,75.0,50000000,GP,assumed_logic,strategy_focused
P025,c:191939,ID.me,web,USA,operating,2010-01-01,2013-03-17,2013-09-17,2013,2013,0,2,3300000.0,3300000.0,0,0,Medium,25.0,0.0,70,0.0,25.0,87.5,75.0,50000000,GP,assumed_logic,strategy_focused
P031,c:48335,PhoneTell,mobile,USA,operating,2009-06-01,2010-05-24,2010-05-24,2010,2010,0,1,1000000.0,1000000.0,0,0,Low,0.0,0.0,70,0.0,17.5,100.0,75.0,50000000,GP,assumed_logic,strategy_focused
P032,c:141791,Infinite Monkeys,mobile,SGP,operating,2011-01-03,2011-01-01,2013-03-29,2011,2013,2,2,600000.0,600000.0,0,0,Low,25.0,66.66666666666666,70,0.0,41.67,54.166667,75.0,50000000,GP,assumed_logic,strategy_focused
P033,c:155382,Between,mobile,KOR,operating,2011-02-10,2011-11-01,2013-01-01,2011,2013,2,2,4000000.0,4000000.0,0,0,Medium,25.0,66.66666666666666,70,0.0,41.67,54.166667,75.0,50000000,GP,assumed_logic,strategy_focused
P034,c:124630,Cycell,mobile,GBR,operating,,2011-09-30,2012-12-09,2011,2012,1,2,2535759.0,2535759.0,0,0,Medium,25.0,33.33333333333333,70,0.0,33.33,70.833333,75.0,50000000,GP,assumed_logic,strategy_focused
P041,c:185453,Currently,ecommerce,,operating,2012-01-01,2012-10-18,2012-10-18,2012,2012,0,1,140000.0,140000.0,0,0,Low,0.0,0.0,70,0.0,17.5,100.0,50.0,50000000,GP,assumed_logic,strategy_focused
P042,c:199660,Yellowsmith,ecommerce,USA,operating,2012-08-01,2012-08-20,2012-08-20,2012,2012,0,1,850000.0,850000.0,0,0,Low,0.0,0.0,70,0.0,17.5,100.0,50.0,50000000,GP,assumed_logic,strategy_focused
P043,c:46413,SixthEye,ecommerce,USA,operating,2010-01-01,2010-04-14,2013-09-04,2010,2013,3,3,2204171.0,2204171.0,0,0,Medium,50.0,100.0,70,0.0,57.5,25.0,50.0,50000000,GP,assumed_logic,strategy_focused
P044,c:148023,Commerce Sciences,ecommerce,USA,operating,2011-01-01,2012-07-02,2012-07-02,2012,2012,0,1,1800000.0,1800000.0,0,0,Medium,0.0,0.0,70,0.0,17.5,100.0,50.0,50000000,GP,assumed_logic,strategy_focused
P051,c:134081,Live Mobile,enterprise,IRL,operating,2011-05-10,2011-01-01,2011-06-15,2011,2011,0,2,670086.0,670086.0,0,0,Low,25.0,0.0,70,0.0,25.0,87.5,100.0,50000000,GP,assumed_logic,strategy_focused
P052,c:151530,HireArt,enterprise,USA,operating,2012-01-01,2012-01-01,2012-01-01,2012,2012,0,1,1400000.0,1400000.0,0,0,Low,0.0,0.0,70,0.0,17.5,100.0,100.0,50000000,GP,assumed_logic,strategy_focused
P053,c:80585,AeroFS,enterprise,USA,operating,2010-01-01,2010-08-01,2012-12-09,2010,2012,2,3,5500000.0,5500000.0,0,0,Medium,50.0,66.66666666666666,70,0.0,49.17,41.666667,100.0,50000000,GP,assumed_logic,strategy_focused
P054,c:184279,MobileSpan,enterprise,USA,operating,2011-01-01,2013-01-17,2013-01-22,2013,2013,0,2,4565448.0,4565448.0,0,0,Medium,25.0,0.0,70,0.0,25.0,87.5,100.0,50000000,GP,assumed_logic,strategy_focused
P055,c:141409,Vivocha,enterprise,ITA,operating,2012-04-18,2012-09-12,2012-09-12,2012,2012,0,1,1934400.0,1934400.0,0,0,Medium,0.0,0.0,70,0.0,17.5,100.0,100.0,50000000,GP,assumed_logic,strategy_focused
P061,c:65631,Explore Engage,games_video,AUS,operating,2010-01-20,2011-04-14,2011-04-14,2011,2011,0,1,200000.0,200000.0,0,0,Low,0.0,0.0,70,0.0,17.5,100.0,25.0,50000000,GP,assumed_logic,strategy_focused
P062,c:213816,Roll20,games_video,,operating,2012-04-01,2012-05-01,2012-05-01,2012,2012,0,1,40000.0,40000.0,0,0,Low,0.0,0.0,70,0.0,17.5,100.0,25.0,50000000,GP,assumed_logic,strategy_focused
P072,c:203218,DishOpinion,advertising,USA,operating,2012-10-01,2012-11-18,2012-11-18,2012,2012,0,1,500000.0,500000.0,0,0,Low,0.0,0.0,70,0.0,17.5,100.0,25.0,50000000,GP,assumed_logic,strategy_focused
P081,c:218853,KOPIS MOBILE,hardware,USA,operating,2012-01-01,2013-04-15,2013-04-15,2013,2013,0,1,50000.0,50000.0,0,0,Low,0.0,0.0,70,0.0,17.5,100.0,50.0,50000000,GP,assumed_logic,strategy_focused
P082,c:52607,Orthocone,hardware,SWE,operating,,2010-02-19,2010-02-19,2010,2010,0,1,122000.0,122000.0,0,0,Low,0.0,0.0,70,0.0,17.5,100.0,50.0,50000000,GP,assumed_logic,strategy_focused
P085,c:282769,Packet Digital,hardware,USA,operating,2003-01-01,2010-01-10,2010-01-10,2010,2010,0,1,2000800.0,2000800.0,0,0,Medium,0.0,0.0,70,0.0,17.5,100.0,50.0,50000000,GP,assumed_logic,strategy_focused
P091,c:235022,Cold Plasma Medical Technologies,medical,USA,operating,2012-01-01,2010-04-09,2012-12-19,2010,2012,2,5,1416163.0,1416163.0,0,0,Low,100.0,66.66666666666666,70,0.0,64.17,16.666667,0.0,50000000,GP,assumed_logic,strategy_focused
P001,c:263415,Bolt,software,,operating,,2013-02-01,2013-02-01,2013,2013,0,1,16000.0,16000.0,0,0,Low,0.0,0.0,70,0.0,17.5,100.0,100.0,75000000,GP,assumed_logic,balanced
P002,c:84886,QRcao,software,POL,closed,2011-08-01,2011-08-01,2011-08-01,2011,2011,0,1,7208.0,7208.0,0,0,Low,0.0,0.0,20,0.0,5.0,100.0,100.0,75000000,GP,assumed_logic,balanced
P004,c:73717,ToutApp,software,USA,operating,2010-11-01,2011-05-15,2013-12-11,2011,2013,2,3,4620000.0,4620000.0,0,0,Medium,50.0,66.66666666666666,70,0.0,49.17,41.666667,100.0,75000000,GP,assumed_logic,balanced
P005,c:238577,Imimtek,software,USA,operating,2011-01-01,2012-03-26,2013-10-09,2012,2013,1,3,5124997.0,5124997.0,0,0,Medium,50.0,33.33333333333333,70,0.0,40.83,58.333333,100.0,75000000,GP,assumed_logic,balanced
P012,c:270121,Intrepid Bioinformatics,biotech,USA,operating,2006-01-01,2010-04-27,2011-08-04,2010,2011,1,2,875000.0,875000.0,0,0,Low,25.0,33.33333333333333,70,0.0,33.33,70.833333,0.0,75000000,GP,assumed_logic,balanced
P013,c:241316,Salutaris Medical Devices,biotech,USA,operating,,2010-01-29,2012-09-05,2010,2012,2,3,3099128.0,3099128.0,0,0,Medium,50.0,66.66666666666666,70,0.0,49.17,41.666667,0.0,75000000,GP,assumed_logic,balanced
P021,c:60564,Jazzdesk,web,,operating,2010-05-10,2010-05-10,2010-05-10,2010,2010,0,1,129690.0,129690.0,0,0,Low,0.0,0.0,70,0.0,17.5,100.0,75.0,75000000,GP,assumed_logic,balanced
P022,c:64602,OpenChime,web,USA,operating,2010-09-01,2011-06-01,2011-06-01,2011,2011,0,1,700000.0,700000.0,0,0,Low,0.0,0.0,70,0.0,17.5,100.0,75.0,75000000,GP,assumed_logic,balanced
P023,c:73522,VHX,web,USA,operating,2011-05-01,2012-06-19,2013-08-29,2012,2013,1,2,4450000.0,4450000.0,0,0,Medium,25.0,33.33333333333333,70,0.0,33.33,70.833333,75.0,75000000,GP,assumed_logic,balanced
P025,c:191939,ID.me,web,USA,operating,2010-01-01,2013-03-17,2013-09-17,2013,2013,0,2,3300000.0,3300000.0,0,0,Medium,25.0,0.0,70,0.0,25.0,87.5,75.0,75000000,GP,assumed_logic,balanced
P028,c:43789,Leetchi,web,FRA,operating,2009-03-01,2010-02-01,2012-03-01,2010,2012,2,3,7850000.0,7850000.0,0,0,High,50.0,66.66666666666666,70,0.0,49.17,41.666667,75.0,75000000,GP,assumed_logic,balanced
P031,c:48335,PhoneTell,mobile,USA,operating,2009-06-01,2010-05-24,2010-05-24,2010,2010,0,1,1000000.0,1000000.0,0,0,Low,0.0,0.0,70,0.0,17.5,100.0,75.0,75000000,GP,assumed_logic,balanced
P032,c:141791,Infinite Monkeys,mobile,SGP,operating,2011-01-03,2011-01-01,2013-03-29,2011,2013,2,2,600000.0,600000.0,0,0,Low,25.0,66.66666666666666,70,0.0,41.67,54.166667,75.0,75000000,GP,assumed_logic,balanced
P033,c:155382,Between,mobile,KOR,operating,2011-02-10,2011-11-01,2013-01-01,2011,2013,2,2,4000000.0,4000000.0,0,0,Medium,25.0,66.66666666666666,70,0.0,41.67,54.166667,75.0,75000000,GP,assumed_logic,balanced
P034,c:124630,Cycell,mobile,GBR,operating,,2011-09-30,2012-12-09,2011,2012,1,2,2535759.0,2535759.0,0,0,Medium,25.0,33.33333333333333,70,0.0,33.33,70.833333,75.0,75000000,GP,assumed_logic,balanced
P041,c:185453,Currently,ecommerce,,operating,2012-01-01,2012-10-18,2012-10-18,2012,2012,0,1,140000.0,140000.0,0,0,Low,0.0,0.0,70,0.0,17.5,100.0,50.0,75000000,GP,assumed_logic,balanced
P043,c:46413,SixthEye,ecommerce,USA,operating,2010-01-01,2010-04-14,2013-09-04,2010,2013,3,3,2204171.0,2204171.0,0,0,Medium,50.0,100.0,70,0.0,57.5,25.0,50.0,75000000,GP,assumed_logic,balanced
P051,c:134081,Live Mobile,enterprise,IRL,operating,2011-05-10,2011-01-01,2011-06-15,2011,2011,0,2,670086.0,670086.0,0,0,Low,25.0,0.0,70,0.0,25.0,87.5,100.0,75000000,GP,assumed_logic,balanced
P052,c:151530,HireArt,enterprise,USA,operating,2012-01-01,2012-01-01,2012-01-01,2012,2012,0,1,1400000.0,1400000.0,0,0,Low,0.0,0.0,70,0.0,17.5,100.0,100.0,75000000,GP,assumed_logic,balanced
P053,c:80585,AeroFS,enterprise,USA,operating,2010-01-01,2010-08-01,2012-12-09,2010,2012,2,3,5500000.0,5500000.0,0,0,Medium,50.0,66.66666666666666,70,0.0,49.17,41.666667,100.0,75000000,GP,assumed_logic,balanced
P054,c:184279,MobileSpan,enterprise,USA,operating,2011-01-01,2013-01-17,2013-01-22,2013,2013,0,2,4565448.0,4565448.0,0,0,Medium,25.0,0.0,70,0.0,25.0,87.5,100.0,75000000,GP,assumed_logic,balanced
P055,c:141409,Vivocha,enterprise,ITA,operating,2012-04-18,2012-09-12,2012-09-12,2012,2012,0,1,1934400.0,1934400.0,0,0,Medium,0.0,0.0,70,0.0,17.5,100.0,100.0,75000000,GP,assumed_logic,balanced
P057,c:145223,ownCloud,enterprise,USA,operating,,2011-12-23,2013-12-09,2011,2013,2,3,7713994.0,7713994.0,0,0,High,50.0,66.66666666666666,70,0.0,49.17,41.666667,100.0,75000000,GP,assumed_logic,balanced
P073,c:82968,Local Yokel Media,advertising,USA,operating,2011-04-10,2011-03-03,2013-06-11,2011,2013,2,2,2288352.0,2288352.0,0,0,Medium,25.0,66.66666666666666,70,0.0,41.67,54.166667,25.0,75000000,GP,assumed_logic,balanced
P075,c:59637,Connexity,advertising,USA,operating,2011-05-01,2010-10-21,2012-08-02,2010,2012,2,3,5000000.0,5000000.0,0,0,Medium,50.0,66.66666666666666,70,0.0,49.17,41.666667,25.0,75000000,GP,assumed_logic,balanced
P081,c:218853,KOPIS MOBILE,hardware,USA,operating,2012-01-01,2013-04-15,2013-04-15,2013,2013,0,1,50000.0,50000.0,0,0,Low,0.0,0.0,70,0.0,17.5,100.0,50.0,75000000,GP,assumed_logic,balanced
P082,c:52607,Orthocone,hardware,SWE,operating,,2010-02-19,2010-02-19,2010,2010,0,1,122000.0,122000.0,0,0,Low,0.0,0.0,70,0.0,17.5,100.0,50.0,75000000,GP,assumed_logic,balanced
P091,c:235022,Cold Plasma Medical Technologies,medical,USA,operating,2012-01-01,2010-04-09,2012-12-19,2010,2012,2,5,1416163.0,1416163.0,0,0,Low,100.0,66.66666666666666,70,0.0,64.17,16.666667,0.0,75000000,GP,assumed_logic,balanced
P092,c:84369,CamStent,medical,GBR,operating,,2011-08-05,2012-05-11,2011,2012,1,2,1375753.0,1375753.0,0,0,Low,25.0,33.33333333333333,70,0.0,33.33,70.833333,0.0,75000000,GP,assumed_logic,balanced
P095,c:167154,DoctorAtWork.com,medical,RUS,operating,2009-10-01,2010-07-01,2012-06-01,2010,2012,2,3,1800000.0,1800000.0,0,0,Medium,50.0,66.66666666666666,70,0.0,49.17,41.666667,0.0,75000000,GP,assumed_logic,balanced
P001,c:263415,Bolt,software,,operating,,2013-02-01,2013-02-01,2013,2013,0,1,16000.0,16000.0,0,0,Low,0.0,0.0,70,0.0,17.5,100.0,100.0,75000000,GP,assumed_logic,potential_focused
P002,c:84886,QRcao,software,POL,closed,2011-08-01,2011-08-01,2011-08-01,2011,2011,0,1,7208.0,7208.0,0,0,Low,0.0,0.0,20,0.0,5.0,100.0,100.0,75000000,GP,assumed_logic,potential_focused
P003,c:77139,BestVendor,software,USA,acquired,2011-01-01,2011-03-18,2012-02-01,2011,2012,1,4,4200000.0,4200000.0,1,0,Medium,75.0,33.33333333333333,90,50.0,63.33,45.833333,100.0,75000000,GP,assumed_logic,potential_focused
P011,c:220366,Spartan Bioscience,biotech,CAN,operating,2005-01-01,2012-05-16,2012-05-16,2012,2012,0,1,110000.0,110000.0,0,0,Low,0.0,0.0,70,0.0,17.5,100.0,0.0,75000000,GP,assumed_logic,potential_focused
P012,c:270121,Intrepid Bioinformatics,biotech,USA,operating,2006-01-01,2010-04-27,2011-08-04,2010,2011,1,2,875000.0,875000.0,0,0,Low,25.0,33.33333333333333,70,0.0,33.33,70.833333,0.0,75000000,GP,assumed_logic,potential_focused
P013,c:241316,Salutaris Medical Devices,biotech,USA,operating,,2010-01-29,2012-09-05,2010,2012,2,3,3099128.0,3099128.0,0,0,Medium,50.0,66.66666666666666,70,0.0,49.17,41.666667,0.0,75000000,GP,assumed_logic,potential_focused
P021,c:60564,Jazzdesk,web,,operating,2010-05-10,2010-05-10,2010-05-10,2010,2010,0,1,129690.0,129690.0,0,0,Low,0.0,0.0,70,0.0,17.5,100.0,75.0,75000000,GP,assumed_logic,potential_focused
P022,c:64602,OpenChime,web,USA,operating,2010-09-01,2011-06-01,2011-06-01,2011,2011,0,1,700000.0,700000.0,0,0,Low,0.0,0.0,70,0.0,17.5,100.0,75.0,75000000,GP,assumed_logic,potential_focused
P023,c:73522,VHX,web,USA,operating,2011-05-01,2012-06-19,2013-08-29,2012,2013,1,2,4450000.0,4450000.0,0,0,Medium,25.0,33.33333333333333,70,0.0,33.33,70.833333,75.0,75000000,GP,assumed_logic,potential_focused
P025,c:191939,ID.me,web,USA,operating,2010-01-01,2013-03-17,2013-09-17,2013,2013,0,2,3300000.0,3300000.0,0,0,Medium,25.0,0.0,70,0.0,25.0,87.5,75.0,75000000,GP,assumed_logic,potential_focused
P031,c:48335,PhoneTell,mobile,USA,operating,2009-06-01,2010-05-24,2010-05-24,2010,2010,0,1,1000000.0,1000000.0,0,0,Low,0.0,0.0,70,0.0,17.5,100.0,75.0,75000000,GP,assumed_logic,potential_focused
P032,c:141791,Infinite Monkeys,mobile,SGP,operating,2011-01-03,2011-01-01,2013-03-29,2011,2013,2,2,600000.0,600000.0,0,0,Low,25.0,66.66666666666666,70,0.0,41.67,54.166667,75.0,75000000,GP,assumed_logic,potential_focused
P033,c:155382,Between,mobile,KOR,operating,2011-02-10,2011-11-01,2013-01-01,2011,2013,2,2,4000000.0,4000000.0,0,0,Medium,25.0,66.66666666666666,70,0.0,41.67,54.166667,75.0,75000000,GP,assumed_logic,potential_focused
P034,c:124630,Cycell,mobile,GBR,operating,,2011-09-30,2012-12-09,2011,2012,1,2,2535759.0,2535759.0,0,0,Medium,25.0,33.33333333333333,70,0.0,33.33,70.833333,75.0,75000000,GP,assumed_logic,potential_focused
P041,c:185453,Currently,ecommerce,,operating,2012-01-01,2012-10-18,2012-10-18,2012,2012,0,1,140000.0,140000.0,0,0,Low,0.0,0.0,70,0.0,17.5,100.0,50.0,75000000,GP,assumed_logic,potential_focused
P042,c:199660,Yellowsmith,ecommerce,USA,operating,2012-08-01,2012-08-20,2012-08-20,2012,2012,0,1,850000.0,850000.0,0,0,Low,0.0,0.0,70,0.0,17.5,100.0,50.0,75000000,GP,assumed_logic,potential_focused
P043,c:46413,SixthEye,ecommerce,USA,operating,2010-01-01,2010-04-14,2013-09-04,2010,2013,3,3,2204171.0,2204171.0,0,0,Medium,50.0,100.0,70,0.0,57.5,25.0,50.0,75000000,GP,assumed_logic,potential_focused
P044,c:148023,Commerce Sciences,ecommerce,USA,operating,2011-01-01,2012-07-02,2012-07-02,2012,2012,0,1,1800000.0,1800000.0,0,0,Medium,0.0,0.0,70,0.0,17.5,100.0,50.0,75000000,GP,assumed_logic,potential_focused
P051,c:134081,Live Mobile,enterprise,IRL,operating,2011-05-10,2011-01-01,2011-06-15,2011,2011,0,2,670086.0,670086.0,0,0,Low,25.0,0.0,70,0.0,25.0,87.5,100.0,75000000,GP,assumed_logic,potential_focused
P052,c:151530,HireArt,enterprise,USA,operating,2012-01-01,2012-01-01,2012-01-01,2012,2012,0,1,1400000.0,1400000.0,0,0,Low,0.0,0.0,70,0.0,17.5,100.0,100.0,75000000,GP,assumed_logic,potential_focused
P053,c:80585,AeroFS,enterprise,USA,operating,2010-01-01,2010-08-01,2012-12-09,2010,2012,2,3,5500000.0,5500000.0,0,0,Medium,50.0,66.66666666666666,70,0.0,49.17,41.666667,100.0,75000000,GP,assumed_logic,potential_focused
P054,c:184279,MobileSpan,enterprise,USA,operating,2011-01-01,2013-01-17,2013-01-22,2013,2013,0,2,4565448.0,4565448.0,0,0,Medium,25.0,0.0,70,0.0,25.0,87.5,100.0,75000000,GP,assumed_logic,potential_focused
P055,c:141409,Vivocha,enterprise,ITA,operating,2012-04-18,2012-09-12,2012-09-12,2012,2012,0,1,1934400.0,1934400.0,0,0,Medium,0.0,0.0,70,0.0,17.5,100.0,100.0,75000000,GP,assumed_logic,potential_focused
P057,c:145223,ownCloud,enterprise,USA,operating,,2011-12-23,2013-12-09,2011,2013,2,3,7713994.0,7713994.0,0,0,High,50.0,66.66666666666666,70,0.0,49.17,41.666667,100.0,75000000,GP,assumed_logic,potential_focused
P061,c:65631,Explore Engage,games_video,AUS,operating,2010-01-20,2011-04-14,2011-04-14,2011,2011,0,1,200000.0,200000.0,0,0,Low,0.0,0.0,70,0.0,17.5,100.0,25.0,75000000,GP,assumed_logic,potential_focused
P062,c:213816,Roll20,games_video,,operating,2012-04-01,2012-05-01,2012-05-01,2012,2012,0,1,40000.0,40000.0,0,0,Low,0.0,0.0,70,0.0,17.5,100.0,25.0,75000000,GP,assumed_logic,potential_focused
P072,c:203218,DishOpinion,advertising,USA,operating,2012-10-01,2012-11-18,2012-11-18,2012,2012,0,1,500000.0,500000.0,0,0,Low,0.0,0.0,70,0.0,17.5,100.0,25.0,75000000,GP,assumed_logic,potential_focused
P073,c:82968,Local Yokel Media,advertising,USA,operating,2011-04-10,2011-03-03,2013-06-11,2011,2013,2,2,2288352.0,2288352.0,0,0,Medium,25.0,66.66666666666666,70,0.0,41.67,54.166667,25.0,75000000,GP,assumed_logic,potential_focused
P074,c:41242,AlmondNet,advertising,USA,operating,1998-01-01,2010-02-02,2012-10-02,2010,2012,2,2,5407657.0,5407657.0,0,0,Medium,25.0,66.66666666666666,70,0.0,41.67,54.166667,25.0,75000000,GP,assumed_logic,potential_focused
P075,c:59637,Connexity,advertising,USA,operating,2011-05-01,2010-10-21,2012-08-02,2010,2012,2,3,5000000.0,5000000.0,0,0,Medium,50.0,66.66666666666666,70,0.0,49.17,41.666667,25.0,75000000,GP,assumed_logic,potential_focused
P081,c:218853,KOPIS MOBILE,hardware,USA,operating,2012-01-01,2013-04-15,2013-04-15,2013,2013,0,1,50000.0,50000.0,0,0,Low,0.0,0.0,70,0.0,17.5,100.0,50.0,75000000,GP,assumed_logic,potential_focused
P082,c:52607,Orthocone,hardware,SWE,operating,,2010-02-19,2010-02-19,2010,2010,0,1,122000.0,122000.0,0,0,Low,0.0,0.0,70,0.0,17.5,100.0,50.0,75000000,GP,assumed_logic,potential_focused
P085,c:282769,Packet Digital,hardware,USA,operating,2003-01-01,2010-01-10,2010-01-10,2010,2010,0,1,2000800.0,2000800.0,0,0,Medium,0.0,0.0,70,0.0,17.5,100.0,50.0,75000000,GP,assumed_logic,potential_focused
P091,c:235022,Cold Plasma Medical Technologies,medical,USA,operating,2012-01-01,2010-04-09,2012-12-19,2010,2012,2,5,1416163.0,1416163.0,0,0,Low,100.0,66.66666666666666,70,0.0,64.17,16.666667,0.0,75000000,GP,assumed_logic,potential_focused
P092,c:84369,CamStent,medical,GBR,operating,,2011-08-05,2012-05-11,2011,2012,1,2,1375753.0,1375753.0,0,0,Low,25.0,33.33333333333333,70,0.0,33.33,70.833333,0.0,75000000,GP,assumed_logic,potential_focused
P093,c:44072,EMKinetics,medical,,operating,,2010-03-12,2011-06-22,2010,2011,1,2,2982624.0,2982624.0,0,0,Medium,25.0,33.33333333333333,70,0.0,33.33,70.833333,0.0,75000000,GP,assumed_logic,potential_focused
P095,c:167154,DoctorAtWork.com,medical,RUS,operating,2009-10-01,2010-07-01,2012-06-01,2010,2012,2,3,1800000.0,1800000.0,0,0,Medium,50.0,66.66666666666666,70,0.0,49.17,41.666667,0.0,75000000,GP,assumed_logic,potential_focused
P003,c:77139,BestVendor,software,USA,acquired,2011-01-01,2011-03-18,2012-02-01,2011,2012,1,4,4200000.0,4200000.0,1,0,Medium,75.0,33.33333333333333,90,50.0,63.33,45.833333,100.0,75000000,GP,assumed_logic,risk_focused
P006,c:39269,Wave Systems,software,USA,ipo,1988-01-01,2011-10-06,2013-03-13,2011,2013,2,2,12100000.0,12100000.0,0,1,High,25.0,66.66666666666666,100,50.0,59.17,54.166667,100.0,75000000,GP,assumed_logic,risk_focused
P008,c:215373,Axion Health,software,USA,operating,2004-01-01,2012-04-24,2013-05-22,2012,2013,1,4,11200600.0,11200600.0,0,0,High,75.0,33.33333333333333,70,0.0,48.33,45.833333,100.0,75000000,GP,assumed_logic,risk_focused
P028,c:43789,Leetchi,web,FRA,operating,2009-03-01,2010-02-01,2012-03-01,2010,2012,2,3,7850000.0,7850000.0,0,0,High,50.0,66.66666666666666,70,0.0,49.17,41.666667,75.0,75000000,GP,assumed_logic,risk_focused
P032,c:141791,Infinite Monkeys,mobile,SGP,operating,2011-01-03,2011-01-01,2013-03-29,2011,2013,2,2,600000.0,600000.0,0,0,Low,25.0,66.66666666666666,70,0.0,41.67,54.166667,75.0,75000000,GP,assumed_logic,risk_focused
P043,c:46413,SixthEye,ecommerce,USA,operating,2010-01-01,2010-04-14,2013-09-04,2010,2013,3,3,2204171.0,2204171.0,0,0,Medium,50.0,100.0,70,0.0,57.5,25.0,50.0,75000000,GP,assumed_logic,risk_focused
P053,c:80585,AeroFS,enterprise,USA,operating,2010-01-01,2010-08-01,2012-12-09,2010,2012,2,3,5500000.0,5500000.0,0,0,Medium,50.0,66.66666666666666,70,0.0,49.17,41.666667,100.0,75000000,GP,assumed_logic,risk_focused
P057,c:145223,ownCloud,enterprise,USA,operating,,2011-12-23,2013-12-09,2011,2013,2,3,7713994.0,7713994.0,0,0,High,50.0,66.66666666666666,70,0.0,49.17,41.666667,100.0,75000000,GP,assumed_logic,risk_focused
P059,c:57256,SwiftKey,enterprise,GBR,operating,2008-08-01,2010-09-22,2013-09-04,2010,2013,3,4,21591233.0,21591233.0,0,0,Very High,75.0,100.0,70,0.0,65.0,12.5,100.0,75000000,GP,assumed_logic,risk_focused
P091,c:235022,Cold Plasma Medical Technologies,medical,USA,operating,2012-01-01,2010-04-09,2012-12-19,2010,2012,2,5,1416163.0,1416163.0,0,0,Low,100.0,66.66666666666666,70,0.0,64.17,16.666667,0.0,75000000,GP,assumed_logic,risk_focused
P001,c:263415,Bolt,software,,operating,,2013-02-01,2013-02-01,2013,2013,0,1,16000.0,16000.0,0,0,Low,0.0,0.0,70,0.0,17.5,100.0,100.0,75000000,GP,assumed_logic,strategy_focused
P002,c:84886,QRcao,software,POL,closed,2011-08-01,2011-08-01,2011-08-01,2011,2011,0,1,7208.0,7208.0,0,0,Low,0.0,0.0,20,0.0,5.0,100.0,100.0,75000000,GP,assumed_logic,strategy_focused
P004,c:73717,ToutApp,software,USA,operating,2010-11-01,2011-05-15,2013-12-11,2011,2013,2,3,4620000.0,4620000.0,0,0,Medium,50.0,66.66666666666666,70,0.0,49.17,41.666667,100.0,75000000,GP,assumed_logic,strategy_focused
P005,c:238577,Imimtek,software,USA,operating,2011-01-01,2012-03-26,2013-10-09,2012,2013,1,3,5124997.0,5124997.0,0,0,Medium,50.0,33.33333333333333,70,0.0,40.83,58.333333,100.0,75000000,GP,assumed_logic,strategy_focused
P021,c:60564,Jazzdesk,web,,operating,2010-05-10,2010-05-10,2010-05-10,2010,2010,0,1,129690.0,129690.0,0,0,Low,0.0,0.0,70,0.0,17.5,100.0,75.0,75000000,GP,assumed_logic,strategy_focused
P022,c:64602,OpenChime,web,USA,operating,2010-09-01,2011-06-01,2011-06-01,2011,2011,0,1,700000.0,700000.0,0,0,Low,0.0,0.0,70,0.0,17.5,100.0,75.0,75000000,GP,assumed_logic,strategy_focused
P023,c:73522,VHX,web,USA,operating,2011-05-01,2012-06-19,2013-08-29,2012,2013,1,2,4450000.0,4450000.0,0,0,Medium,25.0,33.33333333333333,70,0.0,33.33,70.833333,75.0,75000000,GP,assumed_logic,strategy_focused
P025,c:191939,ID.me,web,USA,operating,2010-01-01,2013-03-17,2013-09-17,2013,2013,0,2,3300000.0,3300000.0,0,0,Medium,25.0,0.0,70,0.0,25.0,87.5,75.0,75000000,GP,assumed_logic,strategy_focused
P028,c:43789,Leetchi,web,FRA,operating,2009-03-01,2010-02-01,2012-03-01,2010,2012,2,3,7850000.0,7850000.0,0,0,High,50.0,66.66666666666666,70,0.0,49.17,41.666667,75.0,75000000,GP,assumed_logic,strategy_focused
P031,c:48335,PhoneTell,mobile,USA,operating,2009-06-01,2010-05-24,2010-05-24,2010,2010,0,1,1000000.0,1000000.0,0,0,Low,0.0,0.0,70,0.0,17.5,100.0,75.0,75000000,GP,assumed_logic,strategy_focused
P032,c:141791,Infinite Monkeys,mobile,SGP,operating,2011-01-03,2011-01-01,2013-03-29,2011,2013,2,2,600000.0,600000.0,0,0,Low,25.0,66.66666666666666,70,0.0,41.67,54.166667,75.0,75000000,GP,assumed_logic,strategy_focused
P033,c:155382,Between,mobile,KOR,operating,2011-02-10,2011-11-01,2013-01-01,2011,2013,2,2,4000000.0,4000000.0,0,0,Medium,25.0,66.66666666666666,70,0.0,41.67,54.166667,75.0,75000000,GP,assumed_logic,strategy_focused
P034,c:124630,Cycell,mobile,GBR,operating,,2011-09-30,2012-12-09,2011,2012,1,2,2535759.0,2535759.0,0,0,Medium,25.0,33.33333333333333,70,0.0,33.33,70.833333,75.0,75000000,GP,assumed_logic,strategy_focused
P035,c:275254,Snapverse,mobile,,operating,,2013-10-29,2013-10-29,2013,2013,0,1,3500000.0,3500000.0,0,0,Medium,0.0,0.0,70,0.0,17.5,100.0,75.0,75000000,GP,assumed_logic,strategy_focused
P041,c:185453,Currently,ecommerce,,operating,2012-01-01,2012-10-18,2012-10-18,2012,2012,0,1,140000.0,140000.0,0,0,Low,0.0,0.0,70,0.0,17.5,100.0,50.0,75000000,GP,assumed_logic,strategy_focused
P042,c:199660,Yellowsmith,ecommerce,USA,operating,2012-08-01,2012-08-20,2012-08-20,2012,2012,0,1,850000.0,850000.0,0,0,Low,0.0,0.0,70,0.0,17.5,100.0,50.0,75000000,GP,assumed_logic,strategy_focused
P043,c:46413,SixthEye,ecommerce,USA,operating,2010-01-01,2010-04-14,2013-09-04,2010,2013,3,3,2204171.0,2204171.0,0,0,Medium,50.0,100.0,70,0.0,57.5,25.0,50.0,75000000,GP,assumed_logic,strategy_focused
P044,c:148023,Commerce Sciences,ecommerce,USA,operating,2011-01-01,2012-07-02,2012-07-02,2012,2012,0,1,1800000.0,1800000.0,0,0,Medium,0.0,0.0,70,0.0,17.5,100.0,50.0,75000000,GP,assumed_logic,strategy_focused
P045,c:189033,Jifiti.com,ecommerce,USA,operating,2011-09-01,2013-07-29,2013-11-26,2013,2013,0,2,3500000.0,3500000.0,0,0,Medium,25.0,0.0,70,0.0,25.0,87.5,50.0,75000000,GP,assumed_logic,strategy_focused
P051,c:134081,Live Mobile,enterprise,IRL,operating,2011-05-10,2011-01-01,2011-06-15,2011,2011,0,2,670086.0,670086.0,0,0,Low,25.0,0.0,70,0.0,25.0,87.5,100.0,75000000,GP,assumed_logic,strategy_focused
P052,c:151530,HireArt,enterprise,USA,operating,2012-01-01,2012-01-01,2012-01-01,2012,2012,0,1,1400000.0,1400000.0,0,0,Low,0.0,0.0,70,0.0,17.5,100.0,100.0,75000000,GP,assumed_logic,strategy_focused
P053,c:80585,AeroFS,enterprise,USA,operating,2010-01-01,2010-08-01,2012-12-09,2010,2012,2,3,5500000.0,5500000.0,0,0,Medium,50.0,66.66666666666666,70,0.0,49.17,41.666667,100.0,75000000,GP,assumed_logic,strategy_focused
P054,c:184279,MobileSpan,enterprise,USA,operating,2011-01-01,2013-01-17,2013-01-22,2013,2013,0,2,4565448.0,4565448.0,0,0,Medium,25.0,0.0,70,0.0,25.0,87.5,100.0,75000000,GP,assumed_logic,strategy_focused
P055,c:141409,Vivocha,enterprise,ITA,operating,2012-04-18,2012-09-12,2012-09-12,2012,2012,0,1,1934400.0,1934400.0,0,0,Medium,0.0,0.0,70,0.0,17.5,100.0,100.0,75000000,GP,assumed_logic,strategy_focused
P057,c:145223,ownCloud,enterprise,USA,operating,,2011-12-23,2013-12-09,2011,2013,2,3,7713994.0,7713994.0,0,0,High,50.0,66.66666666666666,70,0.0,49.17,41.666667,100.0,75000000,GP,assumed_logic,strategy_focused
P061,c:65631,Explore Engage,games_video,AUS,operating,2010-01-20,2011-04-14,2011-04-14,2011,2011,0,1,200000.0,200000.0,0,0,Low,0.0,0.0,70,0.0,17.5,100.0,25.0,75000000,GP,assumed_logic,strategy_focused
P062,c:213816,Roll20,games_video,,operating,2012-04-01,2012-05-01,2012-05-01,2012,2012,0,1,40000.0,40000.0,0,0,Low,0.0,0.0,70,0.0,17.5,100.0,25.0,75000000,GP,assumed_logic,strategy_focused
P072,c:203218,DishOpinion,advertising,USA,operating,2012-10-01,2012-11-18,2012-11-18,2012,2012,0,1,500000.0,500000.0,0,0,Low,0.0,0.0,70,0.0,17.5,100.0,25.0,75000000,GP,assumed_logic,strategy_focused
P073,c:82968,Local Yokel Media,advertising,USA,operating,2011-04-10,2011-03-03,2013-06-11,2011,2013,2,2,2288352.0,2288352.0,0,0,Medium,25.0,66.66666666666666,70,0.0,41.67,54.166667,25.0,75000000,GP,assumed_logic,strategy_focused
P081,c:218853,KOPIS MOBILE,hardware,USA,operating,2012-01-01,2013-04-15,2013-04-15,2013,2013,0,1,50000.0,50000.0,0,0,Low,0.0,0.0,70,0.0,17.5,100.0,50.0,75000000,GP,assumed_logic,strategy_focused
P082,c:52607,Orthocone,hardware,SWE,operating,,2010-02-19,2010-02-19,2010,2010,0,1,122000.0,122000.0,0,0,Low,0.0,0.0,70,0.0,17.5,100.0,50.0,75000000,GP,assumed_logic,strategy_focused
P085,c:282769,Packet Digital,hardware,USA,operating,2003-01-01,2010-01-10,2010-01-10,2010,2010,0,1,2000800.0,2000800.0,0,0,Medium,0.0,0.0,70,0.0,17.5,100.0,50.0,75000000,GP,assumed_logic,strategy_focused
P091,c:235022,Cold Plasma Medical Technologies,medical,USA,operating,2012-01-01,2010-04-09,2012-12-19,2010,2012,2,5,1416163.0,1416163.0,0,0,Low,100.0,66.66666666666666,70,0.0,64.17,16.666667,0.0,75000000,GP,assumed_logic,strategy_focused
