budget,model,logical_scenario,solver_status,solver_solution_status,projects_selected,total_investment,budget_utilization_percent,total_potential,total_risk,total_strategic,objective,priority,target_potential,scale_potential,weight_potential,d_potential_minus,d_potential_plus,undesirable_potential,normalized_deviation_potential,normalized_achievement_potential,target_risk,scale_risk,weight_risk,d_risk_minus,d_risk_plus,undesirable_risk,normalized_deviation_risk,normalized_achievement_risk,target_strategic,scale_strategic,weight_strategic,d_strategic_minus,d_strategic_plus,undesirable_strategic,normalized_deviation_strategic,normalized_achievement_strategic
25000000,GP,baseline,Optimal,1,18,24833829.0,99.335316,570.01,1337.5000009999999,1225.0,0.35716222573406314,balanced,706.67,706.67,0.3333333333333333,136.66,0.0,136.66,0.19338588025528183,0.8066141197447182,0.0,1887.5,0.3333333333333333,0.0,1337.5,1337.5,0.7086092715231788,0.29139072847682124,1475.0,1475.0,0.3333333333333333,250.0,0.0,250.0,0.1694915254237288,0.8305084745762712
25000000,GP,baseline,Optimal,1,24,24929310.0,99.71724,706.6700000000001,1879.166667,1125.0,0.2465746284431474,potential_focused,706.67,706.67,0.6,0.0,0.0,0.0,0.0,1.0,0.0,1887.5,0.2,0.0,1879.1667,1879.1667,0.9955850066225166,0.004414993377483412,1475.0,1475.0,0.2,350.0,0.0,350.0,0.23728813559322035,0.7627118644067796
25000000,GP,baseline,Optimal,1,7,23665331.0,94.661324,365.84000000000003,283.33333400000004,525.0,0.3153406491786274,risk_focused,706.67,706.67,0.2,340.83,0.0,340.83,0.48230432875316626,0.5176956712468337,0.0,1887.5,0.6,0.0,283.33333,283.33333,0.15011037350993378,0.8498896264900662,1475.0,1475.0,0.2,950.0,0.0,950.0,0.6440677966101694,0.35593220338983056
25000000,GP,baseline,Optimal,1,21,24635477.0,98.541908,566.67,1741.666667,1425.0,0.2445089025625729,strategy_focused,706.67,706.67,0.2,140.0,0.0,140.0,0.19811227305531579,0.8018877269446842,0.0,1887.5,0.2,0.0,1741.6667,1741.6667,0.9227373245033113,0.07726267549668875,1475.0,1475.0,0.6,50.0,0.0,50.0,0.03389830508474576,0.9661016949152542
50000000,GP,baseline,Optimal,1,25,49897820.0,99.79564,819.18,1804.1666679999998,1725.0,0.31619765430323193,balanced,968.34,968.34,0.3333333333333333,149.16,0.0,149.16,0.1540368052543528,0.8459631947456472,0.0,2745.833334,0.3333333333333333,0.0,1804.1667,1804.1667,0.657056157655343,0.342943842344657,2000.0,2000.0,0.3333333333333333,275.0,0.0,275.0,0.1375,0.8625
50000000,GP,baseline,Optimal,1,30,49991331.0,99.982662,938.3399999999999,2245.833334,1675.0,0.2146696934432943,potential_focused,968.34,968.34,0.6,30.0,0.0,30.0,0.03098085383233162,0.9690191461676684,0.0,2745.833334,0.2,0.0,2245.8333,2245.8333,0.8179059057194765,0.18209409428052348,2000.0,2000.0,0.2,325.0,0.0,325.0,0.1625,0.8375
50000000,GP,baseline,Optimal,1,10,49304928.0,98.609856,513.35,408.33333500000003,775.0,0.3056992928213181,risk_focused,968.34,968.34,0.2,454.99,0.0,454.99,0.4698659561724188,0.5301340438275812,0.0,2745.833334,0.6,0.0,408.33334,408.33334,0.14871016931139056,0.8512898306886094,2000.0,2000.0,0.2,1225.0,0.0,1225.0,0.6125,0.38749999999999996
50000000,GP,baseline,Optimal,1,28,49914274.0,99.828548,807.51,2225.000001,1925.0,0.217781404368358,strategy_focused,968.34,968.34,0.2,160.83,0.0,160.83,0.1660883573951298,0.8339116426048702,0.0,2745.833334,0.2,0.0,2225.0,2225.0,0.8103186644466601,0.18968133555333988,2000.0,2000.0,0.6,75.0,0.0,75.0,0.0375,0.9625
75000000,GP,baseline,Optimal,1,30,74862396.0,99.816528,1025.02,2087.5000019999998,2000.0,0.3189187374760361,balanced,1184.1799999999998,1184.1799999999998,0.3333333333333333,159.16,0.0,159.16,0.13440524244624974,0.8655947575537503,0.0,3141.666668,0.3333333333333333,0.0,2087.5,2087.5,0.6644562331397533,0.3355437668602467,2375.0,2375.0,0.3333333333333333,375.0,0.0,375.0,0.15789473684210525,0.8421052631578947
75000000,GP,baseline,Optimal,1,37,74756125.0,99.67483333333334,1147.51,2787.500001,2075.0,0.22129668433765767,potential_focused,1184.1799999999998,1184.1799999999998,0.6,36.67,0.0,36.67,0.030966576027293153,0.9690334239727069,0.0,3141.666668,0.2,0.0,2787.5,2787.5,0.8872679041327245,0.1127320958672755,2375.0,2375.0,0.2,300.0,0.0,300.0,0.12631578947368421,0.8736842105263158
75000000,GP,baseline,Optimal,1,12,73820558.0,98.42741066666666,620.85,470.83333500000003,925.0,0.3071683172296705,risk_focused,1184.1799999999998,1184.1799999999998,0.2,563.33,0.0,563.33,0.4757131517167999,0.5242868482832002,0.0,3141.666668,0.6,0.0,470.83333,470.83333,0.1498673728806929,0.850132627119307,2375.0,2375.0,0.2,1450.0,0.0,1450.0,0.6105263157894737,0.3894736842105263
75000000,GP,baseline,Optimal,1,35,74879068.0,99.83875733333333,1004.18,2766.666668,2325.0,0.2191596856141881,strategy_focused,1184.1799999999998,1184.1799999999998,0.2,180.0,0.0,180.0,0.1520039183232279,0.8479960816767721,0.0,3141.666668,0.2,0.0,2766.6667,2766.6667,0.8806366150108705,0.11936338498912946,2375.0,2375.0,0.6,50.0,0.0,50.0,0.021052631578947368,0.9789473684210527
25000000,GP,assumed_logic,Optimal,1,18,24779429.0,99.117716,570.0099999999999,1337.5000009999999,1200.0,0.3572123010560824,balanced,706.67,706.67,0.3333333333333333,136.66,0.0,136.66,0.19338588025528183,0.8066141197447182,0.0,1933.333333,0.3333333333333333,0.0,1337.5,1337.5,0.6918103449468639,0.3081896550531361,1475.0,1475.0,0.3333333333333333,275.0,0.0,275.0,0.1864406779661017,0.8135593220338984
25000000,GP,assumed_logic,Optimal,1,24,24929310.0,99.71724,706.6700000000001,1879.166667,1125.0,0.2418541823245745,potential_focused,706.67,706.67,0.6,0.0,0.0,0.0,0.0,1.0,0.0,1933.333333,0.2,0.0,1879.1667,1879.1667,0.9719827760296522,0.028017223970347782,1475.0,1475.0,0.2,350.0,0.0,350.0,0.23728813559322035,0.7627118644067796
25000000,GP,assumed_logic,Optimal,1,7,23434328.0,93.737312,374.18000000000006,266.66666799999996,425.0,0.3192320026202845,risk_focused,706.67,706.67,0.2,332.49,0.0,332.49,0.4705024976297282,0.5294975023702718,0.0,1933.333333,0.6,0.0,266.66667,266.66667,0.13793103623067776,0.8620689637693222,1475.0,1475.0,0.2,1050.0,0.0,1050.0,0.711864406779661,0.288135593220339
25000000,GP,assumed_logic,Optimal,1,22,24515477.0,98.061908,576.67,1854.166667,1425.0,0.2489416106414818,strategy_focused,706.67,706.67,0.2,130.0,0.0,130.0,0.1839613964085075,0.8160386035914925,0.0,1933.333333,0.2,0.0,1854.1667,1854.1667,0.9590517415446641,0.040948258455335895,1475.0,1475.0,0.6,50.0,0.0,50.0,0.03389830508474576,0.9661016949152542
50000000,GP,assumed_logic,Optimal,1,24,49826951.0,99.653902,801.6899999999999,1704.166669,1575.0,0.3377144297507415,balanced,958.3399999999999,958.3399999999999,0.3333333333333333,156.65,0.0,156.65,0.1634597324540351,0.8365402675459649,0.0,2633.333334,0.3333333333333333,0.0,1704.1667,1704.1667,0.6471519112285692,0.3528480887714308,1975.0,1975.0,0.3333333333333333,400.0,0.0,400.0,0.20253164556962025,0.7974683544303798
50000000,GP,assumed_logic,Optimal,1,32,49864510.0,99.72902,941.6800000000001,2504.166668,1700.0,0.22846851330244136,potential_focused,958.3399999999999,958.3399999999999,0.6,16.66,0.0,16.66,0.017384226892334664,0.9826157731076653,0.0,2633.333334,0.2,0.0,2504.1667,2504.1667,0.9509493795060888,0.04905062049391118,1975.0,1975.0,0.2,275.0,0.0,275.0,0.13924050632911392,0.8607594936708861
50000000,GP,assumed_logic,Optimal,1,9,49025561.0,98.051122,480.8500000000001,333.333335,600.0,0.31483926638234805,risk_focused,958.3399999999999,958.3399999999999,0.2,477.49,0.0,477.49,0.4982469687167394,0.5017530312832605,0.0,2633.333334,0.6,0.0,333.33333,333.33333,0.12658227718314372,0.8734177228168563,1975.0,1975.0,0.2,1375.0,0.0,1375.0,0.6962025316455697,0.30379746835443033
50000000,GP,assumed_logic,Optimal,1,28,49876722.0,99.753444,753.3399999999999,2295.833334,1925.0,0.23233927052910242,strategy_focused,958.3399999999999,958.3399999999999,0.2,205.0,0.0,205.0,0.2139115553978755,0.7860884446021245,0.0,2633.333334,0.2,0.0,2295.8333,2295.8333,0.871835430159029,0.12816456984097102,1975.0,1975.0,0.6,50.0,0.0,50.0,0.02531645569620253,0.9746835443037974
75000000,GP,assumed_logic,Optimal,1,30,74488149.0,99.317532,1002.5199999999999,2100.0000019999998,1925.0,0.3254191130850811,balanced,1168.3399999999997,1168.3399999999997,0.3333333333333333,165.82,0.0,165.82,0.1419278634644025,0.8580721365355974,0.0,3170.833334,0.3333333333333333,0.0,2100.0,2100.0,0.6622864650381527,0.3377135349618473,2325.0,2325.0,0.3333333333333333,400.0,0.0,400.0,0.17204301075268819,0.8279569892473118
75000000,GP,assumed_logic,Optimal,1,37,74984233.0,99.97897733333333,1124.18,2829.166668,2000.0,0.2290847299232915,potential_focused,1168.3399999999997,1168.3399999999997,0.6,44.16,0.0,44.16,0.03779721656367154,0.9622027834363285,0.0,3170.833334,0.2,0.0,2829.1667,2829.1667,0.8922470536888838,0.1077529463111162,2325.0,2325.0,0.2,325.0,0.0,325.0,0.13978494623655913,0.8602150537634409
75000000,GP,assumed_logic,Optimal,1,10,74376161.0,99.16821466666667,546.68,379.166668,800.0,0.3093481491045137,risk_focused,1168.3399999999997,1168.3399999999997,0.2,621.66,0.0,621.66,0.5320882619785338,0.46791173802146624,0.0,3170.833334,0.6,0.0,379.16667,379.16667,0.11957950168313704,0.880420498316863,2325.0,2325.0,0.2,1525.0,0.0,1525.0,0.6559139784946236,0.34408602150537637
75000000,GP,assumed_logic,Optimal,1,33,74729068.0,99.63875733333333,935.85,2620.833335,2250.0,0.22446198714919335,strategy_focused,1168.3399999999997,1168.3399999999997,0.2,232.49,0.0,232.49,0.19899173185887675,0.8010082681411232,0.0,3170.833334,0.2,0.0,2620.8333,2620.8333,0.826544010338703,0.17345598966129705,2325.0,2325.0,0.6,75.0,0.0,75.0,0.03225806451612903,0.967741935483871
