project_id,x,budget,model,logical_scenario
P001,1.0,25000000,IP,baseline
P002,1.0,25000000,IP,baseline
P003,1.0,25000000,IP,baseline
P004,0.0,25000000,IP,baseline
P005,0.0,25000000,IP,baseline
P006,0.0,25000000,IP,baseline
P007,0.0,25000000,IP,baseline
P008,0.0,25000000,IP,baseline
P009,0.0,25000000,IP,baseline
P010,0.0,25000000,IP,baseline
P011,1.0,25000000,IP,baseline
P012,1.0,25000000,IP,baseline
P013,1.0,25000000,IP,baseline
P014,0.0,25000000,IP,baseline
P015,0.0,25000000,IP,baseline
P016,0.0,25000000,IP,baseline
P017,0.0,25000000,IP,baseline
P018,0.0,25000000,IP,baseline
P019,0.0,25000000,IP,baseline
P020,0.0,25000000,IP,baseline
P021,1.0,25000000,IP,baseline
P022,1.0,25000000,IP,baseline
P023,0.0,25000000,IP,baseline
P024,0.0,25000000,IP,baseline
P025,0.0,25000000,IP,baseline
P026,0.0,25000000,IP,baseline
P027,0.0,25000000,IP,baseline
P028,0.0,25000000,IP,baseline
P029,0.0,25000000,IP,baseline
P030,0.0,25000000,IP,baseline
P031,1.0,25000000,IP,baseline
P032,1.0,25000000,IP,baseline
P033,0.0,25000000,IP,baseline
P034,1.0,25000000,IP,baseline
P035,0.0,25000000,IP,baseline
P036,0.0,25000000,IP,baseline
P037,0.0,25000000,IP,baseline
P038,0.0,25000000,IP,baseline
P039,0.0,25000000,IP,baseline
P040,0.0,25000000,IP,baseline
P041,1.0,25000000,IP,baseline
P042,1.0,25000000,IP,baseline
P043,1.0,25000000,IP,baseline
P044,0.0,25000000,IP,baseline
P045,0.0,25000000,IP,baseline
P046,0.0,25000000,IP,baseline
P047,0.0,25000000,IP,baseline
P048,0.0,25000000,IP,baseline
P049,0.0,25000000,IP,baseline
P050,0.0,25000000,IP,baseline
P051,1.0,25000000,IP,baseline
P052,0.0,25000000,IP,baseline
P053,0.0,25000000,IP,baseline
P054,0.0,25000000,IP,baseline
P055,0.0,25000000,IP,baseline
P056,0.0,25000000,IP,baseline
P057,0.0,25000000,IP,baseline
P058,0.0,25000000,IP,baseline
P059,0.0,25000000,IP,baseline
P060,0.0,25000000,IP,baseline
P061,1.0,25000000,IP,baseline
P062,1.0,25000000,IP,baseline
P063,0.0,25000000,IP,baseline
P064,0.0,25000000,IP,baseline
P065,0.0,25000000,IP,baseline
P066,0.0,25000000,IP,baseline
P067,0.0,25000000,IP,baseline
P068,0.0,25000000,IP,baseline
P069,0.0,25000000,IP,baseline
P070,0.0,25000000,IP,baseline
P071,0.0,25000000,IP,baseline
P072,1.0,25000000,IP,baseline
P073,1.0,25000000,IP,baseline
P074,0.0,25000000,IP,baseline
P075,0.0,25000000,IP,baseline
P076,0.0,25000000,IP,baseline
P077,0.0,25000000,IP,baseline
P078,0.0,25000000,IP,baseline
P079,0.0,25000000,IP,baseline
P080,0.0,25000000,IP,baseline
P081,1.0,25000000,IP,baseline
P082,1.0,25000000,IP,baseline
P083,0.0,25000000,IP,baseline
P084,0.0,25000000,IP,baseline
P085,0.0,25000000,IP,baseline
P086,0.0,25000000,IP,baseline
P087,0.0,25000000,IP,baseline
P088,0.0,25000000,IP,baseline
P089,0.0,25000000,IP,baseline
P090,0.0,25000000,IP,baseline
P091,1.0,25000000,IP,baseline
P092,1.0,25000000,IP,baseline
P093,0.0,25000000,IP,baseline
P094,0.0,25000000,IP,baseline
P095,1.0,25000000,IP,baseline
P096,0.0,25000000,IP,baseline
P097,0.0,25000000,IP,baseline
P098,0.0,25000000,IP,baseline
P099,0.0,25000000,IP,baseline
P100,0.0,25000000,IP,baseline
P001,1.0,50000000,IP,baseline
P002,1.0,50000000,IP,baseline
P003,1.0,50000000,IP,baseline
P004,1.0,50000000,IP,baseline
P005,0.0,50000000,IP,baseline
P006,0.0,50000000,IP,baseline
P007,0.0,50000000,IP,baseline
P008,0.0,50000000,IP,baseline
P009,0.0,50000000,IP,baseline
P010,0.0,50000000,IP,baseline
P011,1.0,50000000,IP,baseline
P012,1.0,50000000,IP,baseline
P013,1.0,50000000,IP,baseline
P014,0.0,50000000,IP,baseline
P015,0.0,50000000,IP,baseline
P016,0.0,50000000,IP,baseline
P017,0.0,50000000,IP,baseline
P018,0.0,50000000,IP,baseline
P019,0.0,50000000,IP,baseline
P020,0.0,50000000,IP,baseline
P021,1.0,50000000,IP,baseline
P022,1.0,50000000,IP,baseline
P023,0.0,50000000,IP,baseline
P024,0.0,50000000,IP,baseline
P025,0.0,50000000,IP,baseline
P026,0.0,50000000,IP,baseline
P027,0.0,50000000,IP,baseline
P028,0.0,50000000,IP,baseline
P029,0.0,50000000,IP,baseline
P030,0.0,50000000,IP,baseline
P031,1.0,50000000,IP,baseline
P032,1.0,50000000,IP,baseline
P033,1.0,50000000,IP,baseline
P034,1.0,50000000,IP,baseline
P035,0.0,50000000,IP,baseline
P036,0.0,50000000,IP,baseline
P037,0.0,50000000,IP,baseline
P038,0.0,50000000,IP,baseline
P039,0.0,50000000,IP,baseline
P040,0.0,50000000,IP,baseline
P041,1.0,50000000,IP,baseline
P042,1.0,50000000,IP,baseline
P043,1.0,50000000,IP,baseline
P044,1.0,50000000,IP,baseline
P045,0.0,50000000,IP,baseline
P046,0.0,50000000,IP,baseline
P047,0.0,50000000,IP,baseline
P048,0.0,50000000,IP,baseline
P049,0.0,50000000,IP,baseline
P050,0.0,50000000,IP,baseline
P051,1.0,50000000,IP,baseline
P052,1.0,50000000,IP,baseline
P053,0.0,50000000,IP,baseline
P054,0.0,50000000,IP,baseline
P055,1.0,50000000,IP,baseline
P056,0.0,50000000,IP,baseline
P057,0.0,50000000,IP,baseline
P058,0.0,50000000,IP,baseline
P059,0.0,50000000,IP,baseline
P060,0.0,50000000,IP,baseline
P061,1.0,50000000,IP,baseline
P062,1.0,50000000,IP,baseline
P063,0.0,50000000,IP,baseline
P064,1.0,50000000,IP,baseline
P065,1.0,50000000,IP,baseline
P066,0.0,50000000,IP,baseline
P067,0.0,50000000,IP,baseline
P068,0.0,50000000,IP,baseline
P069,0.0,50000000,IP,baseline
P070,0.0,50000000,IP,baseline
P071,1.0,50000000,IP,baseline
P072,1.0,50000000,IP,baseline
P073,1.0,50000000,IP,baseline
P074,0.0,50000000,IP,baseline
P075,0.0,50000000,IP,baseline
P076,0.0,50000000,IP,baseline
P077,0.0,50000000,IP,baseline
P078,0.0,50000000,IP,baseline
P079,0.0,50000000,IP,baseline
P080,0.0,50000000,IP,baseline
P081,1.0,50000000,IP,baseline
P082,1.0,50000000,IP,baseline
P083,0.0,50000000,IP,baseline
P084,0.0,50000000,IP,baseline
P085,0.0,50000000,IP,baseline
P086,0.0,50000000,IP,baseline
P087,0.0,50000000,IP,baseline
P088,0.0,50000000,IP,baseline
P089,0.0,50000000,IP,baseline
P090,0.0,50000000,IP,baseline
P091,1.0,50000000,IP,baseline
P092,1.0,50000000,IP,baseline
P093,1.0,50000000,IP,baseline
P094,1.0,50000000,IP,baseline
P095,1.0,50000000,IP,baseline
P096,0.0,50000000,IP,baseline
P097,0.0,50000000,IP,baseline
P098,0.0,50000000,IP,baseline
P099,0.0,50000000,IP,baseline
P100,0.0,50000000,IP,baseline
P001,1.0,75000000,IP,baseline
P002,1.0,75000000,IP,baseline
P003,1.0,75000000,IP,baseline
P004,1.0,75000000,IP,baseline
P005,0.0,75000000,IP,baseline
P006,0.0,75000000,IP,baseline
P007,0.0,75000000,IP,baseline
P008,0.0,75000000,IP,baseline
P009,0.0,75000000,IP,baseline
P010,0.0,75000000,IP,baseline
P011,1.0,75000000,IP,baseline
P012,1.0,75000000,IP,baseline
P013,1.0,75000000,IP,baseline
P014,0.0,75000000,IP,baseline
P015,1.0,75000000,IP,baseline
P016,0.0,75000000,IP,baseline
P017,0.0,75000000,IP,baseline
P018,0.0,75000000,IP,baseline
P019,0.0,75000000,IP,baseline
P020,0.0,75000000,IP,baseline
P021,1.0,75000000,IP,baseline
P022,1.0,75000000,IP,baseline
P023,0.0,75000000,IP,baseline
P024,0.0,75000000,IP,baseline
P025,1.0,75000000,IP,baseline
P026,0.0,75000000,IP,baseline
P027,0.0,75000000,IP,baseline
P028,0.0,75000000,IP,baseline
P029,0.0,75000000,IP,baseline
P030,0.0,75000000,IP,baseline
P031,1.0,75000000,IP,baseline
P032,1.0,75000000,IP,baseline
P033,1.0,75000000,IP,baseline
P034,1.0,75000000,IP,baseline
P035,0.0,75000000,IP,baseline
P036,0.0,75000000,IP,baseline
P037,0.0,75000000,IP,baseline
P038,0.0,75000000,IP,baseline
P039,0.0,75000000,IP,baseline
P040,0.0,75000000,IP,baseline
P041,1.0,75000000,IP,baseline
P042,1.0,75000000,IP,baseline
P043,1.0,75000000,IP,baseline
P044,1.0,75000000,IP,baseline
P045,0.0,75000000,IP,baseline
P046,0.0,75000000,IP,baseline
P047,0.0,75000000,IP,baseline
P048,0.0,75000000,IP,baseline
P049,0.0,75000000,IP,baseline
P050,0.0,75000000,IP,baseline
P051,1.0,75000000,IP,baseline
P052,1.0,75000000,IP,baseline
P053,1.0,75000000,IP,baseline
P054,0.0,75000000,IP,baseline
P055,1.0,75000000,IP,baseline
P056,0.0,75000000,IP,baseline
P057,0.0,75000000,IP,baseline
P058,0.0,75000000,IP,baseline
P059,0.0,75000000,IP,baseline
P060,0.0,75000000,IP,baseline
P061,1.0,75000000,IP,baseline
P062,1.0,75000000,IP,baseline
P063,0.0,75000000,IP,baseline
P064,1.0,75000000,IP,baseline
P065,1.0,75000000,IP,baseline
P066,0.0,75000000,IP,baseline
P067,0.0,75000000,IP,baseline
P068,0.0,75000000,IP,baseline
P069,0.0,75000000,IP,baseline
P070,0.0,75000000,IP,baseline
P071,1.0,75000000,IP,baseline
P072,1.0,75000000,IP,baseline
P073,1.0,75000000,IP,baseline
P074,1.0,75000000,IP,baseline
P075,1.0,75000000,IP,baseline
P076,0.0,75000000,IP,baseline
P077,0.0,75000000,IP,baseline
P078,0.0,75000000,IP,baseline
P079,0.0,75000000,IP,baseline
P080,0.0,75000000,IP,baseline
P081,1.0,75000000,IP,baseline
P082,1.0,75000000,IP,baseline
P083,0.0,75000000,IP,baseline
P084,0.0,75000000,IP,baseline
P085,1.0,75000000,IP,baseline
P086,0.0,75000000,IP,baseline
P087,0.0,75000000,IP,baseline
P088,0.0,75000000,IP,baseline
P089,0.0,75000000,IP,baseline
P090,0.0,75000000,IP,baseline
P091,1.0,75000000,IP,baseline
P092,1.0,75000000,IP,baseline
P093,1.0,75000000,IP,baseline
P094,1.0,75000000,IP,baseline
P095,1.0,75000000,IP,baseline
P096,0.0,75000000,IP,baseline
P097,0.0,75000000,IP,baseline
P098,0.0,75000000,IP,baseline
P099,0.0,75000000,IP,baseline
P100,0.0,75000000,IP,baseline
P001,1.0,25000000,IP,assumed_logic
P002,1.0,25000000,IP,assumed_logic
P003,1.0,25000000,IP,assumed_logic
P004,0.0,25000000,IP,assumed_logic
P005,0.0,25000000,IP,assumed_logic
P006,0.0,25000000,IP,assumed_logic
P007,0.0,25000000,IP,assumed_logic
P008,0.0,25000000,IP,assumed_logic
P009,0.0,25000000,IP,assumed_logic
P010,0.0,25000000,IP,assumed_logic
P011,1.0,25000000,IP,assumed_logic
P012,1.0,25000000,IP,assumed_logic
P013,1.0,25000000,IP,assumed_logic
P014,0.0,25000000,IP,assumed_logic
P015,0.0,25000000,IP,assumed_logic
P016,0.0,25000000,IP,assumed_logic
P017,0.0,25000000,IP,assumed_logic
P018,0.0,25000000,IP,assumed_logic
P019,0.0,25000000,IP,assumed_logic
P020,0.0,25000000,IP,assumed_logic
P021,1.0,25000000,IP,assumed_logic
P022,1.0,25000000,IP,assumed_logic
P023,0.0,25000000,IP,assumed_logic
P024,0.0,25000000,IP,assumed_logic
P025,0.0,25000000,IP,assumed_logic
P026,0.0,25000000,IP,assumed_logic
P027,0.0,25000000,IP,assumed_logic
P028,0.0,25000000,IP,assumed_logic
P029,0.0,25000000,IP,assumed_logic
P030,0.0,25000000,IP,assumed_logic
P031,1.0,25000000,IP,assumed_logic
P032,1.0,25000000,IP,assumed_logic
P033,0.0,25000000,IP,assumed_logic
P034,1.0,25000000,IP,assumed_logic
P035,0.0,25000000,IP,assumed_logic
P036,0.0,25000000,IP,assumed_logic
P037,0.0,25000000,IP,assumed_logic
P038,0.0,25000000,IP,assumed_logic
P039,0.0,25000000,IP,assumed_logic
P040,0.0,25000000,IP,assumed_logic
P041,1.0,25000000,IP,assumed_logic
P042,1.0,25000000,IP,assumed_logic
P043,1.0,25000000,IP,assumed_logic
P044,0.0,25000000,IP,assumed_logic
P045,0.0,25000000,IP,assumed_logic
P046,0.0,25000000,IP,assumed_logic
P047,0.0,25000000,IP,assumed_logic
P048,0.0,25000000,IP,assumed_logic
P049,0.0,25000000,IP,assumed_logic
P050,0.0,25000000,IP,assumed_logic
P051,1.0,25000000,IP,assumed_logic
P052,0.0,25000000,IP,assumed_logic
P053,0.0,25000000,IP,assumed_logic
P054,0.0,25000000,IP,assumed_logic
P055,0.0,25000000,IP,assumed_logic
P056,0.0,25000000,IP,assumed_logic
P057,0.0,25000000,IP,assumed_logic
P058,0.0,25000000,IP,assumed_logic
P059,0.0,25000000,IP,assumed_logic
P060,0.0,25000000,IP,assumed_logic
P061,1.0,25000000,IP,assumed_logic
P062,1.0,25000000,IP,assumed_logic
P063,0.0,25000000,IP,assumed_logic
P064,0.0,25000000,IP,assumed_logic
P065,0.0,25000000,IP,assumed_logic
P066,0.0,25000000,IP,assumed_logic
P067,0.0,25000000,IP,assumed_logic
P068,0.0,25000000,IP,assumed_logic
P069,0.0,25000000,IP,assumed_logic
P070,0.0,25000000,IP,assumed_logic
P071,0.0,25000000,IP,assumed_logic
P072,1.0,25000000,IP,assumed_logic
P073,1.0,25000000,IP,assumed_logic
P074,0.0,25000000,IP,assumed_logic
P075,0.0,25000000,IP,assumed_logic
P076,0.0,25000000,IP,assumed_logic
P077,0.0,25000000,IP,assumed_logic
P078,0.0,25000000,IP,assumed_logic
P079,0.0,25000000,IP,assumed_logic
P080,0.0,25000000,IP,assumed_logic
P081,1.0,25000000,IP,assumed_logic
P082,1.0,25000000,IP,assumed_logic
P083,0.0,25000000,IP,assumed_logic
P084,0.0,25000000,IP,assumed_logic
P085,0.0,25000000,IP,assumed_logic
P086,0.0,25000000,IP,assumed_logic
P087,0.0,25000000,IP,assumed_logic
P088,0.0,25000000,IP,assumed_logic
P089,0.0,25000000,IP,assumed_logic
P090,0.0,25000000,IP,assumed_logic
P091,1.0,25000000,IP,assumed_logic
P092,1.0,25000000,IP,assumed_logic
P093,0.0,25000000,IP,assumed_logic
P094,0.0,25000000,IP,assumed_logic
P095,1.0,25000000,IP,assumed_logic
P096,0.0,25000000,IP,assumed_logic
P097,0.0,25000000,IP,assumed_logic
P098,0.0,25000000,IP,assumed_logic
P099,0.0,25000000,IP,assumed_logic
P100,0.0,25000000,IP,assumed_logic
P001,1.0,50000000,IP,assumed_logic
P002,1.0,50000000,IP,assumed_logic
P003,1.0,50000000,IP,assumed_logic
P004,0.0,50000000,IP,assumed_logic
P005,0.0,50000000,IP,assumed_logic
P006,0.0,50000000,IP,assumed_logic
P007,0.0,50000000,IP,assumed_logic
P008,0.0,50000000,IP,assumed_logic
P009,0.0,50000000,IP,assumed_logic
P010,0.0,50000000,IP,assumed_logic
P011,1.0,50000000,IP,assumed_logic
P012,1.0,50000000,IP,assumed_logic
P013,1.0,50000000,IP,assumed_logic
P014,0.0,50000000,IP,assumed_logic
P015,0.0,50000000,IP,assumed_logic
P016,0.0,50000000,IP,assumed_logic
P017,0.0,50000000,IP,assumed_logic
P018,0.0,50000000,IP,assumed_logic
P019,0.0,50000000,IP,assumed_logic
P020,0.0,50000000,IP,assumed_logic
P021,1.0,50000000,IP,assumed_logic
P022,1.0,50000000,IP,assumed_logic
P023,0.0,50000000,IP,assumed_logic
P024,0.0,50000000,IP,assumed_logic
P025,0.0,50000000,IP,assumed_logic
P026,0.0,50000000,IP,assumed_logic
P027,0.0,50000000,IP,assumed_logic
P028,0.0,50000000,IP,assumed_logic
P029,0.0,50000000,IP,assumed_logic
P030,0.0,50000000,IP,assumed_logic
P031,1.0,50000000,IP,assumed_logic
P032,1.0,50000000,IP,assumed_logic
P033,0.0,50000000,IP,assumed_logic
P034,1.0,50000000,IP,assumed_logic
P035,0.0,50000000,IP,assumed_logic
P036,0.0,50000000,IP,assumed_logic
P037,0.0,50000000,IP,assumed_logic
P038,0.0,50000000,IP,assumed_logic
P039,0.0,50000000,IP,assumed_logic
P040,0.0,50000000,IP,assumed_logic
P041,1.0,50000000,IP,assumed_logic
P042,1.0,50000000,IP,assumed_logic
P043,1.0,50000000,IP,assumed_logic
P044,1.0,50000000,IP,assumed_logic
P045,0.0,50000000,IP,assumed_logic
P046,0.0,50000000,IP,assumed_logic
P047,0.0,50000000,IP,assumed_logic
P048,0.0,50000000,IP,assumed_logic
P049,0.0,50000000,IP,assumed_logic
P050,0.0,50000000,IP,assumed_logic
P051,1.0,50000000,IP,assumed_logic
P052,1.0,50000000,IP,assumed_logic
P053,1.0,50000000,IP,assumed_logic
P054,0.0,50000000,IP,assumed_logic
P055,0.0,50000000,IP,assumed_logic
P056,0.0,50000000,IP,assumed_logic
P057,0.0,50000000,IP,assumed_logic
P058,0.0,50000000,IP,assumed_logic
P059,0.0,50000000,IP,assumed_logic
P060,0.0,50000000,IP,assumed_logic
P061,1.0,50000000,IP,assumed_logic
P062,1.0,50000000,IP,assumed_logic
P063,0.0,50000000,IP,assumed_logic
P064,1.0,50000000,IP,assumed_logic
P065,1.0,50000000,IP,assumed_logic
P066,0.0,50000000,IP,assumed_logic
P067,0.0,50000000,IP,assumed_logic
P068,0.0,50000000,IP,assumed_logic
P069,0.0,50000000,IP,assumed_logic
P070,0.0,50000000,IP,assumed_logic
P071,1.0,50000000,IP,assumed_logic
P072,1.0,50000000,IP,assumed_logic
P073,1.0,50000000,IP,assumed_logic
P074,0.0,50000000,IP,assumed_logic
P075,1.0,50000000,IP,assumed_logic
P076,0.0,50000000,IP,assumed_logic
P077,0.0,50000000,IP,assumed_logic
P078,0.0,50000000,IP,assumed_logic
P079,0.0,50000000,IP,assumed_logic
P080,0.0,50000000,IP,assumed_logic
P081,1.0,50000000,IP,assumed_logic
P082,1.0,50000000,IP,assumed_logic
P083,0.0,50000000,IP,assumed_logic
P084,0.0,50000000,IP,assumed_logic
P085,0.0,50000000,IP,assumed_logic
P086,0.0,50000000,IP,assumed_logic
P087,0.0,50000000,IP,assumed_logic
P088,0.0,50000000,IP,assumed_logic
P089,0.0,50000000,IP,assumed_logic
P090,0.0,50000000,IP,assumed_logic
P091,1.0,50000000,IP,assumed_logic
P092,1.0,50000000,IP,assumed_logic
P093,1.0,50000000,IP,assumed_logic
P094,1.0,50000000,IP,assumed_logic
P095,1.0,50000000,IP,assumed_logic
P096,0.0,50000000,IP,assumed_logic
P097,0.0,50000000,IP,assumed_logic
P098,0.0,50000000,IP,assumed_logic
P099,0.0,50000000,IP,assumed_logic
P100,0.0,50000000,IP,assumed_logic
P001,1.0,75000000,IP,assumed_logic
P002,1.0,75000000,IP,assumed_logic
P003,1.0,75000000,IP,assumed_logic
P004,0.0,75000000,IP,assumed_logic
P005,0.0,75000000,IP,assumed_logic
P006,0.0,75000000,IP,assumed_logic
P007,0.0,75000000,IP,assumed_logic
P008,0.0,75000000,IP,assumed_logic
P009,0.0,75000000,IP,assumed_logic
P010,0.0,75000000,IP,assumed_logic
P011,1.0,75000000,IP,assumed_logic
P012,1.0,75000000,IP,assumed_logic
P013,1.0,75000000,IP,assumed_logic
P014,1.0,75000000,IP,assumed_logic
P015,1.0,75000000,IP,assumed_logic
P016,0.0,75000000,IP,assumed_logic
P017,0.0,75000000,IP,assumed_logic
P018,0.0,75000000,IP,assumed_logic
P019,0.0,75000000,IP,assumed_logic
P020,0.0,75000000,IP,assumed_logic
P021,1.0,75000000,IP,assumed_logic
P022,1.0,75000000,IP,assumed_logic
P023,0.0,75000000,IP,assumed_logic
P024,0.0,75000000,IP,assumed_logic
P025,0.0,75000000,IP,assumed_logic
P026,0.0,75000000,IP,assumed_logic
P027,0.0,75000000,IP,assumed_logic
P028,0.0,75000000,IP,assumed_logic
P029,0.0,75000000,IP,assumed_logic
P030,0.0,75000000,IP,assumed_logic
P031,1.0,75000000,IP,assumed_logic
P032,1.0,75000000,IP,assumed_logic
P033,1.0,75000000,IP,assumed_logic
P034,1.0,75000000,IP,assumed_logic
P035,0.0,75000000,IP,assumed_logic
P036,0.0,75000000,IP,assumed_logic
P037,0.0,75000000,IP,assumed_logic
P038,0.0,75000000,IP,assumed_logic
P039,0.0,75000000,IP,assumed_logic
P040,0.0,75000000,IP,assumed_logic
P041,1.0,75000000,IP,assumed_logic
P042,1.0,75000000,IP,assumed_logic
P043,1.0,75000000,IP,assumed_logic
P044,1.0,75000000,IP,assumed_logic
P045,1.0,75000000,IP,assumed_logic
P046,0.0,75000000,IP,assumed_logic
P047,0.0,75000000,IP,assumed_logic
P048,0.0,75000000,IP,assumed_logic
P049,0.0,75000000,IP,assumed_logic
P050,0.0,75000000,IP,assumed_logic
P051,1.0,75000000,IP,assumed_logic
P052,1.0,75000000,IP,assumed_logic
P053,1.0,75000000,IP,assumed_logic
P054,0.0,75000000,IP,assumed_logic
P055,1.0,75000000,IP,assumed_logic
P056,0.0,75000000,IP,assumed_logic
P057,0.0,75000000,IP,assumed_logic
P058,0.0,75000000,IP,assumed_logic
P059,0.0,75000000,IP,assumed_logic
P060,0.0,75000000,IP,assumed_logic
P061,1.0,75000000,IP,assumed_logic
P062,1.0,75000000,IP,assumed_logic
P063,0.0,75000000,IP,assumed_logic
P064,1.0,75000000,IP,assumed_logic
P065,1.0,75000000,IP,assumed_logic
P066,0.0,75000000,IP,assumed_logic
P067,0.0,75000000,IP,assumed_logic
P068,0.0,75000000,IP,assumed_logic
P069,0.0,75000000,IP,assumed_logic
P070,0.0,75000000,IP,assumed_logic
P071,1.0,75000000,IP,assumed_logic
P072,1.0,75000000,IP,assumed_logic
P073,1.0,75000000,IP,assumed_logic
P074,1.0,75000000,IP,assumed_logic
P075,1.0,75000000,IP,assumed_logic
P076,0.0,75000000,IP,assumed_logic
P077,0.0,75000000,IP,assumed_logic
P078,0.0,75000000,IP,assumed_logic
P079,0.0,75000000,IP,assumed_logic
P080,0.0,75000000,IP,assumed_logic
P081,1.0,75000000,IP,assumed_logic
P082,1.0,75000000,IP,assumed_logic
P083,0.0,75000000,IP,assumed_logic
P084,0.0,75000000,IP,assumed_logic
P085,1.0,75000000,IP,assumed_logic
P086,0.0,75000000,IP,assumed_logic
P087,0.0,75000000,IP,assumed_logic
P088,0.0,75000000,IP,assumed_logic
P089,0.0,75000000,IP,assumed_logic
P090,0.0,75000000,IP,assumed_logic
P091,1.0,75000000,IP,assumed_logic
P092,1.0,75000000,IP,assumed_logic
P093,1.0,75000000,IP,assumed_logic
P094,1.0,75000000,IP,assumed_logic
P095,1.0,75000000,IP,assumed_logic
P096,0.0,75000000,IP,assumed_logic
P097,0.0,75000000,IP,assumed_logic
P098,0.0,75000000,IP,assumed_logic
P099,0.0,75000000,IP,assumed_logic
P100,0.0,75000000,IP,assumed_logic
