budget,model,logical_scenario,solver_status,solver_solution_status,projects_selected,total_investment,budget_utilization_percent,total_potential,total_risk,total_strategic,objective,anchor,primary_optimum,priority
25000000,Payoff,baseline,Optimal,1,24,24929310.0,99.71724,706.6700000000001,1879.166667,1125.0,1879.166667,potential,706.67,payoff_potential
25000000,Payoff,baseline,Optimal,1,0,0.0,0.0,0.0,0.0,0.0,0.0,risk,0.0,payoff_risk
25000000,Payoff,baseline,Optimal,1,21,24815143.0,99.260572,487.5,1887.5,1475.0,1887.5,strategic,1475.0,payoff_strategic
50000000,Payoff,baseline,Optimal,1,34,49980834.0,99.961668,968.3399999999999,2745.833334,1625.0,2745.833334,potential,968.34,payoff_potential
50000000,Payoff,baseline,Optimal,1,0,0.0,0.0,0.0,0.0,0.0,0.0,risk,0.0,payoff_risk
50000000,Payoff,baseline,Optimal,1,28,49710559.0,99.421118,700.0,2400.0,2000.0,2400.0,strategic,2000.0,payoff_strategic
75000000,Payoff,baseline,Optimal,1,40,74989291.0,99.98572133333333,1184.1799999999998,3141.666668,1900.0,3141.666668,potential,1184.1799999999998,payoff_potential
75000000,Payoff,baseline,Optimal,1,0,0.0,0.0,0.0,0.0,0.0,0.0,risk,0.0,payoff_risk
75000000,Payoff,baseline,Optimal,1,33,74374553.0,99.16607066666667,866.6700000000001,2754.166667,2375.0,2754.166667,strategic,2375.0,payoff_strategic
25000000,Payoff,assumed_logic,Optimal,1,24,24929310.0,99.71724,706.6700000000001,1879.166667,1125.0,1879.166667,potential,706.67,payoff_potential
25000000,Payoff,assumed_logic,Optimal,1,0,0.0,0.0,0.0,0.0,0.0,0.0,risk,0.0,payoff_risk
25000000,Payoff,assumed_logic,Optimal,1,21,24760591.0,99.042364,463.33000000000004,1933.333333,1475.0,1933.333333,strategic,1475.0,payoff_strategic
50000000,Payoff,assumed_logic,Optimal,1,33,49926434.0,99.852868,958.34,2633.333334,1475.0,2633.333334,potential,958.3399999999999,payoff_potential
50000000,Payoff,assumed_logic,Optimal,1,0,0.0,0.0,0.0,0.0,0.0,0.0,risk,0.0,payoff_risk
50000000,Payoff,assumed_logic,Optimal,1,28,49510559.0,99.021118,678.34,2408.333334,1975.0,2408.333334,strategic,1975.0,payoff_strategic
75000000,Payoff,assumed_logic,Optimal,1,40,74589291.0,99.452388,1168.3400000000001,3170.833334,1775.0,3170.833334,potential,1168.3399999999997,payoff_potential
75000000,Payoff,assumed_logic,Optimal,1,0,0.0,0.0,0.0,0.0,0.0,0.0,risk,0.0,payoff_risk
75000000,Payoff,assumed_logic,Optimal,1,33,74070434.0,98.76057866666666,820.84,2808.333334,2325.0,2808.333334,strategic,2325.0,payoff_strategic
