project_id,x,budget,model,logical_scenario,priority
P001,1.0,25000000,Payoff,baseline,payoff_potential
P002,1.0,25000000,Payoff,baseline,payoff_potential
P003,1.0,25000000,Payoff,baseline,payoff_potential
P004,0.0,25000000,Payoff,baseline,payoff_potential
P005,0.0,25000000,Payoff,baseline,payoff_potential
P006,0.0,25000000,Payoff,baseline,payoff_potential
P007,0.0,25000000,Payoff,baseline,payoff_potential
P008,0.0,25000000,Payoff,baseline,payoff_potential
P009,0.0,25000000,Payoff,baseline,payoff_potential
P010,0.0,25000000,Payoff,baseline,payoff_potential
P011,1.0,25000000,Payoff,baseline,payoff_potential
P012,1.0,25000000,Payoff,baseline,payoff_potential
P013,1.0,25000000,Payoff,baseline,payoff_potential
P014,0.0,25000000,Payoff,baseline,payoff_potential
P015,0.0,25000000,Payoff,baseline,payoff_potential
P016,0.0,25000000,Payoff,baseline,payoff_potential
P017,0.0,25000000,Payoff,baseline,payoff_potential
P018,0.0,25000000,Payoff,baseline,payoff_potential
P019,0.0,25000000,Payoff,baseline,payoff_potential
P020,0.0,25000000,Payoff,baseline,payoff_potential
P021,1.0,25000000,Payoff,baseline,payoff_potential
P022,1.0,25000000,Payoff,baseline,payoff_potential
P023,0.0,25000000,Payoff,baseline,payoff_potential
P024,0.0,25000000,Payoff,baseline,payoff_potential
P025,0.0,25000000,Payoff,baseline,payoff_potential
P026,0.0,25000000,Payoff,baseline,payoff_potential
P027,0.0,25000000,Payoff,baseline,payoff_potential
P028,0.0,25000000,Payoff,baseline,payoff_potential
P029,0.0,25000000,Payoff,baseline,payoff_potential
P030,0.0,25000000,Payoff,baseline,payoff_potential
P031,1.0,25000000,Payoff,baseline,payoff_potential
P032,1.0,25000000,Payoff,baseline,payoff_potential
P033,0.0,25000000,Payoff,baseline,payoff_potential
P034,1.0,25000000,Payoff,baseline,payoff_potential
P035,0.0,25000000,Payoff,baseline,payoff_potential
P036,0.0,25000000,Payoff,baseline,payoff_potential
P037,0.0,25000000,Payoff,baseline,payoff_potential
P038,0.0,25000000,Payoff,baseline,payoff_potential
P039,0.0,25000000,Payoff,baseline,payoff_potential
P040,0.0,25000000,Payoff,baseline,payoff_potential
P041,1.0,25000000,Payoff,baseline,payoff_potential
P042,1.0,25000000,Payoff,baseline,payoff_potential
P043,1.0,25000000,Payoff,baseline,payoff_potential
P044,0.0,25000000,Payoff,baseline,payoff_potential
P045,0.0,25000000,Payoff,baseline,payoff_potential
P046,0.0,25000000,Payoff,baseline,payoff_potential
P047,0.0,25000000,Payoff,baseline,payoff_potential
P048,0.0,25000000,Payoff,baseline,payoff_potential
P049,0.0,25000000,Payoff,baseline,payoff_potential
P050,0.0,25000000,Payoff,baseline,payoff_potential
P051,1.0,25000000,Payoff,baseline,payoff_potential
P052,0.0,25000000,Payoff,baseline,payoff_potential
P053,0.0,25000000,Payoff,baseline,payoff_potential
P054,0.0,25000000,Payoff,baseline,payoff_potential
P055,0.0,25000000,Payoff,baseline,payoff_potential
P056,0.0,25000000,Payoff,baseline,payoff_potential
P057,0.0,25000000,Payoff,baseline,payoff_potential
P058,0.0,25000000,Payoff,baseline,payoff_potential
P059,0.0,25000000,Payoff,baseline,payoff_potential
P060,0.0,25000000,Payoff,baseline,payoff_potential
P061,1.0,25000000,Payoff,baseline,payoff_potential
P062,1.0,25000000,Payoff,baseline,payoff_potential
P063,0.0,25000000,Payoff,baseline,payoff_potential
P064,0.0,25000000,Payoff,baseline,payoff_potential
P065,0.0,25000000,Payoff,baseline,payoff_potential
P066,0.0,25000000,Payoff,baseline,payoff_potential
P067,0.0,25000000,Payoff,baseline,payoff_potential
P068,0.0,25000000,Payoff,baseline,payoff_potential
P069,0.0,25000000,Payoff,baseline,payoff_potential
P070,0.0,25000000,Payoff,baseline,payoff_potential
P071,0.0,25000000,Payoff,baseline,payoff_potential
P072,1.0,25000000,Payoff,baseline,payoff_potential
P073,1.0,25000000,Payoff,baseline,payoff_potential
P074,0.0,25000000,Payoff,baseline,payoff_potential
P075,0.0,25000000,Payoff,baseline,payoff_potential
P076,0.0,25000000,Payoff,baseline,payoff_potential
P077,0.0,25000000,Payoff,baseline,payoff_potential
P078,0.0,25000000,Payoff,baseline,payoff_potential
P079,0.0,25000000,Payoff,baseline,payoff_potential
P080,0.0,25000000,Payoff,baseline,payoff_potential
P081,1.0,25000000,Payoff,baseline,payoff_potential
P082,1.0,25000000,Payoff,baseline,payoff_potential
P083,0.0,25000000,Payoff,baseline,payoff_potential
P084,0.0,25000000,Payoff,baseline,payoff_potential
P085,0.0,25000000,Payoff,baseline,payoff_potential
P086,0.0,25000000,Payoff,baseline,payoff_potential
P087,0.0,25000000,Payoff,baseline,payoff_potential
P088,0.0,25000000,Payoff,baseline,payoff_potential
P089,0.0,25000000,Payoff,baseline,payoff_potential
P090,0.0,25000000,Payoff,baseline,payoff_potential
P091,1.0,25000000,Payoff,baseline,payoff_potential
P092,1.0,25000000,Payoff,baseline,payoff_potential
P093,0.0,25000000,Payoff,baseline,payoff_potential
P094,0.0,25000000,Payoff,baseline,payoff_potential
P095,1.0,25000000,Payoff,baseline,payoff_potential
P096,0.0,25000000,Payoff,baseline,payoff_potential
P097,0.0,25000000,Payoff,baseline,payoff_potential
P098,0.0,25000000,Payoff,baseline,payoff_potential
P099,0.0,25000000,Payoff,baseline,payoff_potential
P100,0.0,25000000,Payoff,baseline,payoff_potential
P001,0.0,25000000,Payoff,baseline,payoff_risk
P002,0.0,25000000,Payoff,baseline,payoff_risk
P003,0.0,25000000,Payoff,baseline,payoff_risk
P004,0.0,25000000,Payoff,baseline,payoff_risk
P005,0.0,25000000,Payoff,baseline,payoff_risk
P006,0.0,25000000,Payoff,baseline,payoff_risk
P007,0.0,25000000,Payoff,baseline,payoff_risk
P008,0.0,25000000,Payoff,baseline,payoff_risk
P009,0.0,25000000,Payoff,baseline,payoff_risk
P010,0.0,25000000,Payoff,baseline,payoff_risk
P011,0.0,25000000,Payoff,baseline,payoff_risk
P012,0.0,25000000,Payoff,baseline,payoff_risk
P013,0.0,25000000,Payoff,baseline,payoff_risk
P014,0.0,25000000,Payoff,baseline,payoff_risk
P015,0.0,25000000,Payoff,baseline,payoff_risk
P016,0.0,25000000,Payoff,baseline,payoff_risk
P017,0.0,25000000,Payoff,baseline,payoff_risk
P018,0.0,25000000,Payoff,baseline,payoff_risk
P019,0.0,25000000,Payoff,baseline,payoff_risk
P020,0.0,25000000,Payoff,baseline,payoff_risk
P021,0.0,25000000,Payoff,baseline,payoff_risk
P022,0.0,25000000,Payoff,baseline,payoff_risk
P023,0.0,25000000,Payoff,baseline,payoff_risk
P024,0.0,25000000,Payoff,baseline,payoff_risk
P025,0.0,25000000,Payoff,baseline,payoff_risk
P026,0.0,25000000,Payoff,baseline,payoff_risk
P027,0.0,25000000,Payoff,baseline,payoff_risk
P028,0.0,25000000,Payoff,baseline,payoff_risk
P029,0.0,25000000,Payoff,baseline,payoff_risk
P030,0.0,25000000,Payoff,baseline,payoff_risk
P031,0.0,25000000,Payoff,baseline,payoff_risk
P032,0.0,25000000,Payoff,baseline,payoff_risk
P033,0.0,25000000,Payoff,baseline,payoff_risk
P034,0.0,25000000,Payoff,baseline,payoff_risk
P035,0.0,25000000,Payoff,baseline,payoff_risk
P036,0.0,25000000,Payoff,baseline,payoff_risk
P037,0.0,25000000,Payoff,baseline,payoff_risk
P038,0.0,25000000,Payoff,baseline,payoff_risk
P039,0.0,25000000,Payoff,baseline,payoff_risk
P040,0.0,25000000,Payoff,baseline,payoff_risk
P041,0.0,25000000,Payoff,baseline,payoff_risk
P042,0.0,25000000,Payoff,baseline,payoff_risk
P043,0.0,25000000,Payoff,baseline,payoff_risk
P044,0.0,25000000,Payoff,baseline,payoff_risk
P045,0.0,25000000,Payoff,baseline,payoff_risk
P046,0.0,25000000,Payoff,baseline,payoff_risk
P047,0.0,25000000,Payoff,baseline,payoff_risk
P048,0.0,25000000,Payoff,baseline,payoff_risk
P049,0.0,25000000,Payoff,baseline,payoff_risk
P050,0.0,25000000,Payoff,baseline,payoff_risk
P051,0.0,25000000,Payoff,baseline,payoff_risk
P052,0.0,25000000,Payoff,baseline,payoff_risk
P053,0.0,25000000,Payoff,baseline,payoff_risk
P054,0.0,25000000,Payoff,baseline,payoff_risk
P055,0.0,25000000,Payoff,baseline,payoff_risk
P056,0.0,25000000,Payoff,baseline,payoff_risk
P057,0.0,25000000,Payoff,baseline,payoff_risk
P058,0.0,25000000,Payoff,baseline,payoff_risk
P059,0.0,25000000,Payoff,baseline,payoff_risk
P060,0.0,25000000,Payoff,baseline,payoff_risk
P061,0.0,25000000,Payoff,baseline,payoff_risk
P062,0.0,25000000,Payoff,baseline,payoff_risk
P063,0.0,25000000,Payoff,baseline,payoff_risk
P064,0.0,25000000,Payoff,baseline,payoff_risk
P065,0.0,25000000,Payoff,baseline,payoff_risk
P066,0.0,25000000,Payoff,baseline,payoff_risk
P067,0.0,25000000,Payoff,baseline,payoff_risk
P068,0.0,25000000,Payoff,baseline,payoff_risk
P069,0.0,25000000,Payoff,baseline,payoff_risk
P070,0.0,25000000,Payoff,baseline,payoff_risk
P071,0.0,25000000,Payoff,baseline,payoff_risk
P072,0.0,25000000,Payoff,baseline,payoff_risk
P073,0.0,25000000,Payoff,baseline,payoff_risk
P074,0.0,25000000,Payoff,baseline,payoff_risk
P075,0.0,25000000,Payoff,baseline,payoff_risk
P076,0.0,25000000,Payoff,baseline,payoff_risk
P077,0.0,25000000,Payoff,baseline,payoff_risk
P078,0.0,25000000,Payoff,baseline,payoff_risk
P079,0.0,25000000,Payoff,baseline,payoff_risk
P080,0.0,25000000,Payoff,baseline,payoff_risk
P081,0.0,25000000,Payoff,baseline,payoff_risk
P082,0.0,25000000,Payoff,baseline,payoff_risk
P083,0.0,25000000,Payoff,baseline,payoff_risk
P084,0.0,25000000,Payoff,baseline,payoff_risk
P085,0.0,25000000,Payoff,baseline,payoff_risk
P086,0.0,25000000,Payoff,baseline,payoff_risk
P087,0.0,25000000,Payoff,baseline,payoff_risk
P088,0.0,25000000,Payoff,baseline,payoff_risk
P089,0.0,25000000,Payoff,baseline,payoff_risk
P090,0.0,25000000,Payoff,baseline,payoff_risk
P091,0.0,25000000,Payoff,baseline,payoff_risk
P092,0.0,25000000,Payoff,baseline,payoff_risk
P093,0.0,25000000,Payoff,baseline,payoff_risk
P094,0.0,25000000,Payoff,baseline,payoff_risk
P095,0.0,25000000,Payoff,baseline,payoff_risk
P096,0.0,25000000,Payoff,baseline,payoff_risk
P097,0.0,25000000,Payoff,baseline,payoff_risk
P098,0.0,25000000,Payoff,baseline,payoff_risk
P099,0.0,25000000,Payoff,baseline,payoff_risk
P100,0.0,25000000,Payoff,baseline,payoff_risk
P001,1.0,25000000,Payoff,baseline,payoff_strategic
P002,1.0,25000000,Payoff,baseline,payoff_strategic
P003,1.0,25000000,Payoff,baseline,payoff_strategic
P004,1.0,25000000,Payoff,baseline,payoff_strategic
P005,0.0,25000000,Payoff,baseline,payoff_strategic
P006,0.0,25000000,Payoff,baseline,payoff_strategic
P007,0.0,25000000,Payoff,baseline,payoff_strategic
P008,0.0,25000000,Payoff,baseline,payoff_strategic
P009,0.0,25000000,Payoff,baseline,payoff_strategic
P010,0.0,25000000,Payoff,baseline,payoff_strategic
P011,0.0,25000000,Payoff,baseline,payoff_strategic
P012,0.0,25000000,Payoff,baseline,payoff_strategic
P013,0.0,25000000,Payoff,baseline,payoff_strategic
P014,0.0,25000000,Payoff,baseline,payoff_strategic
P015,0.0,25000000,Payoff,baseline,payoff_strategic
P016,0.0,25000000,Payoff,baseline,payoff_strategic
P017,0.0,25000000,Payoff,baseline,payoff_strategic
P018,0.0,25000000,Payoff,baseline,payoff_strategic
P019,0.0,25000000,Payoff,baseline,payoff_strategic
P020,0.0,25000000,Payoff,baseline,payoff_strategic
P021,1.0,25000000,Payoff,baseline,payoff_strategic
P022,1.0,25000000,Payoff,baseline,payoff_strategic
P023,0.0,25000000,Payoff,baseline,payoff_strategic
P024,0.0,25000000,Payoff,baseline,payoff_strategic
P025,1.0,25000000,Payoff,baseline,payoff_strategic
P026,0.0,25000000,Payoff,baseline,payoff_strategic
P027,0.0,25000000,Payoff,baseline,payoff_strategic
P028,0.0,25000000,Payoff,baseline,payoff_strategic
P029,0.0,25000000,Payoff,baseline,payoff_strategic
P030,0.0,25000000,Payoff,baseline,payoff_strategic
P031,1.0,25000000,Payoff,baseline,payoff_strategic
P032,1.0,25000000,Payoff,baseline,payoff_strategic
P033,0.0,25000000,Payoff,baseline,payoff_strategic
P034,1.0,25000000,Payoff,baseline,payoff_strategic
P035,0.0,25000000,Payoff,baseline,payoff_strategic
P036,0.0,25000000,Payoff,baseline,payoff_strategic
P037,0.0,25000000,Payoff,baseline,payoff_strategic
P038,0.0,25000000,Payoff,baseline,payoff_strategic
P039,0.0,25000000,Payoff,baseline,payoff_strategic
P040,0.0,25000000,Payoff,baseline,payoff_strategic
P041,1.0,25000000,Payoff,baseline,payoff_strategic
P042,1.0,25000000,Payoff,baseline,payoff_strategic
P043,0.0,25000000,Payoff,baseline,payoff_strategic
P044,1.0,25000000,Payoff,baseline,payoff_strategic
P045,0.0,25000000,Payoff,baseline,payoff_strategic
P046,0.0,25000000,Payoff,baseline,payoff_strategic
P047,0.0,25000000,Payoff,baseline,payoff_strategic
P048,0.0,25000000,Payoff,baseline,payoff_strategic
P049,0.0,25000000,Payoff,baseline,payoff_strategic
P050,0.0,25000000,Payoff,baseline,payoff_strategic
P051,1.0,25000000,Payoff,baseline,payoff_strategic
P052,1.0,25000000,Payoff,baseline,payoff_strategic
P053,0.0,25000000,Payoff,baseline,payoff_strategic
P054,0.0,25000000,Payoff,baseline,payoff_strategic
P055,1.0,25000000,Payoff,baseline,payoff_strategic
P056,0.0,25000000,Payoff,baseline,payoff_strategic
P057,0.0,25000000,Payoff,baseline,payoff_strategic
P058,0.0,25000000,Payoff,baseline,payoff_strategic
P059,0.0,25000000,Payoff,baseline,payoff_strategic
P060,0.0,25000000,Payoff,baseline,payoff_strategic
P061,1.0,25000000,Payoff,baseline,payoff_strategic
P062,1.0,25000000,Payoff,baseline,payoff_strategic
P063,0.0,25000000,Payoff,baseline,payoff_strategic
P064,0.0,25000000,Payoff,baseline,payoff_strategic
P065,0.0,25000000,Payoff,baseline,payoff_strategic
P066,0.0,25000000,Payoff,baseline,payoff_strategic
P067,0.0,25000000,Payoff,baseline,payoff_strategic
P068,0.0,25000000,Payoff,baseline,payoff_strategic
P069,0.0,25000000,Payoff,baseline,payoff_strategic
P070,0.0,25000000,Payoff,baseline,payoff_strategic
P071,0.0,25000000,Payoff,baseline,payoff_strategic
P072,1.0,25000000,Payoff,baseline,payoff_strategic
P073,0.0,25000000,Payoff,baseline,payoff_strategic
P074,0.0,25000000,Payoff,baseline,payoff_strategic
P075,0.0,25000000,Payoff,baseline,payoff_strategic
P076,0.0,25000000,Payoff,baseline,payoff_strategic
P077,0.0,25000000,Payoff,baseline,payoff_strategic
P078,0.0,25000000,Payoff,baseline,payoff_strategic
P079,0.0,25000000,Payoff,baseline,payoff_strategic
P080,0.0,25000000,Payoff,baseline,payoff_strategic
P081,1.0,25000000,Payoff,baseline,payoff_strategic
P082,1.0,25000000,Payoff,baseline,payoff_strategic
P083,0.0,25000000,Payoff,baseline,payoff_strategic
P084,0.0,25000000,Payoff,baseline,payoff_strategic
P085,0.0,25000000,Payoff,baseline,payoff_strategic
P086,0.0,25000000,Payoff,baseline,payoff_strategic
P087,0.0,25000000,Payoff,baseline,payoff_strategic
P088,0.0,25000000,Payoff,baseline,payoff_strategic
P089,0.0,25000000,Payoff,baseline,payoff_strategic
P090,0.0,25000000,Payoff,baseline,payoff_strategic
P091,0.0,25000000,Payoff,baseline,payoff_strategic
P092,0.0,25000000,Payoff,baseline,payoff_strategic
P093,0.0,25000000,Payoff,baseline,payoff_strategic
P094,0.0,25000000,Payoff,baseline,payoff_strategic
P095,0.0,25000000,Payoff,baseline,payoff_strategic
P096,0.0,25000000,Payoff,baseline,payoff_strategic
P097,0.0,25000000,Payoff,baseline,payoff_strategic
P098,0.0,25000000,Payoff,baseline,payoff_strategic
P099,0.0,25000000,Payoff,baseline,payoff_strategic
P100,0.0,25000000,Payoff,baseline,payoff_strategic
P001,1.0,50000000,Payoff,baseline,payoff_potential
P002,1.0,50000000,Payoff,baseline,payoff_potential
P003,1.0,50000000,Payoff,baseline,payoff_potential
P004,1.0,50000000,Payoff,baseline,payoff_potential
P005,0.0,50000000,Payoff,baseline,payoff_potential
P006,0.0,50000000,Payoff,baseline,payoff_potential
P007,0.0,50000000,Payoff,baseline,payoff_potential
P008,0.0,50000000,Payoff,baseline,payoff_potential
P009,0.0,50000000,Payoff,baseline,payoff_potential
P010,0.0,50000000,Payoff,baseline,payoff_potential
P011,1.0,50000000,Payoff,baseline,payoff_potential
P012,1.0,50000000,Payoff,baseline,payoff_potential
P013,1.0,50000000,Payoff,baseline,payoff_potential
P014,0.0,50000000,Payoff,baseline,payoff_potential
P015,0.0,50000000,Payoff,baseline,payoff_potential
P016,0.0,50000000,Payoff,baseline,payoff_potential
P017,0.0,50000000,Payoff,baseline,payoff_potential
P018,0.0,50000000,Payoff,baseline,payoff_potential
P019,0.0,50000000,Payoff,baseline,payoff_potential
P020,0.0,50000000,Payoff,baseline,payoff_potential
P021,1.0,50000000,Payoff,baseline,payoff_potential
P022,1.0,50000000,Payoff,baseline,payoff_potential
P023,0.0,50000000,Payoff,baseline,payoff_potential
P024,0.0,50000000,Payoff,baseline,payoff_potential
P025,0.0,50000000,Payoff,baseline,payoff_potential
P026,0.0,50000000,Payoff,baseline,payoff_potential
P027,0.0,50000000,Payoff,baseline,payoff_potential
P028,0.0,50000000,Payoff,baseline,payoff_potential
P029,0.0,50000000,Payoff,baseline,payoff_potential
P030,0.0,50000000,Payoff,baseline,payoff_potential
P031,1.0,50000000,Payoff,baseline,payoff_potential
P032,1.0,50000000,Payoff,baseline,payoff_potential
P033,1.0,50000000,Payoff,baseline,payoff_potential
P034,1.0,50000000,Payoff,baseline,payoff_potential
P035,0.0,50000000,Payoff,baseline,payoff_potential
P036,0.0,50000000,Payoff,baseline,payoff_potential
P037,0.0,50000000,Payoff,baseline,payoff_potential
P038,0.0,50000000,Payoff,baseline,payoff_potential
P039,0.0,50000000,Payoff,baseline,payoff_potential
P040,0.0,50000000,Payoff,baseline,payoff_potential
P041,1.0,50000000,Payoff,baseline,payoff_potential
P042,1.0,50000000,Payoff,baseline,payoff_potential
P043,1.0,50000000,Payoff,baseline,payoff_potential
P044,1.0,50000000,Payoff,baseline,payoff_potential
P045,0.0,50000000,Payoff,baseline,payoff_potential
P046,0.0,50000000,Payoff,baseline,payoff_potential
P047,0.0,50000000,Payoff,baseline,payoff_potential
P048,0.0,50000000,Payoff,baseline,payoff_potential
P049,0.0,50000000,Payoff,baseline,payoff_potential
P050,0.0,50000000,Payoff,baseline,payoff_potential
P051,1.0,50000000,Payoff,baseline,payoff_potential
P052,1.0,50000000,Payoff,baseline,payoff_potential
P053,0.0,50000000,Payoff,baseline,payoff_potential
P054,0.0,50000000,Payoff,baseline,payoff_potential
P055,1.0,50000000,Payoff,baseline,payoff_potential
P056,0.0,50000000,Payoff,baseline,payoff_potential
P057,0.0,50000000,Payoff,baseline,payoff_potential
P058,0.0,50000000,Payoff,baseline,payoff_potential
P059,0.0,50000000,Payoff,baseline,payoff_potential
P060,0.0,50000000,Payoff,baseline,payoff_potential
P061,1.0,50000000,Payoff,baseline,payoff_potential
P062,1.0,50000000,Payoff,baseline,payoff_potential
P063,0.0,50000000,Payoff,baseline,payoff_potential
P064,1.0,50000000,Payoff,baseline,payoff_potential
P065,1.0,50000000,Payoff,baseline,payoff_potential
P066,0.0,50000000,Payoff,baseline,payoff_potential
P067,0.0,50000000,Payoff,baseline,payoff_potential
P068,0.0,50000000,Payoff,baseline,payoff_potential
P069,0.0,50000000,Payoff,baseline,payoff_potential
P070,0.0,50000000,Payoff,baseline,payoff_potential
P071,1.0,50000000,Payoff,baseline,payoff_potential
P072,1.0,50000000,Payoff,baseline,payoff_potential
P073,1.0,50000000,Payoff,baseline,payoff_potential
P074,0.0,50000000,Payoff,baseline,payoff_potential
P075,0.0,50000000,Payoff,baseline,payoff_potential
P076,0.0,50000000,Payoff,baseline,payoff_potential
P077,0.0,50000000,Payoff,baseline,payoff_potential
P078,0.0,50000000,Payoff,baseline,payoff_potential
P079,0.0,50000000,Payoff,baseline,payoff_potential
P080,0.0,50000000,Payoff,baseline,payoff_potential
P081,1.0,50000000,Payoff,baseline,payoff_potential
P082,1.0,50000000,Payoff,baseline,payoff_potential
P083,0.0,50000000,Payoff,baseline,payoff_potential
P084,0.0,50000000,Payoff,baseline,payoff_potential
P085,0.0,50000000,Payoff,baseline,payoff_potential
P086,0.0,50000000,Payoff,baseline,payoff_potential
P087,0.0,50000000,Payoff,baseline,payoff_potential
P088,0.0,50000000,Payoff,baseline,payoff_potential
P089,0.0,50000000,Payoff,baseline,payoff_potential
P090,0.0,50000000,Payoff,baseline,payoff_potential
P091,1.0,50000000,Payoff,baseline,payoff_potential
P092,1.0,50000000,Payoff,baseline,payoff_potential
P093,1.0,50000000,Payoff,baseline,payoff_potential
P094,1.0,50000000,Payoff,baseline,payoff_potential
P095,1.0,50000000,Payoff,baseline,payoff_potential
P096,0.0,50000000,Payoff,baseline,payoff_potential
P097,0.0,50000000,Payoff,baseline,payoff_potential
P098,0.0,50000000,Payoff,baseline,payoff_potential
P099,0.0,50000000,Payoff,baseline,payoff_potential
P100,0.0,50000000,Payoff,baseline,payoff_potential
P001,0.0,50000000,Payoff,baseline,payoff_risk
P002,0.0,50000000,Payoff,baseline,payoff_risk
P003,0.0,50000000,Payoff,baseline,payoff_risk
P004,0.0,50000000,Payoff,baseline,payoff_risk
P005,0.0,50000000,Payoff,baseline,payoff_risk
P006,0.0,50000000,Payoff,baseline,payoff_risk
P007,0.0,50000000,Payoff,baseline,payoff_risk
P008,0.0,50000000,Payoff,baseline,payoff_risk
P009,0.0,50000000,Payoff,baseline,payoff_risk
P010,0.0,50000000,Payoff,baseline,payoff_risk
P011,0.0,50000000,Payoff,baseline,payoff_risk
P012,0.0,50000000,Payoff,baseline,payoff_risk
P013,0.0,50000000,Payoff,baseline,payoff_risk
P014,0.0,50000000,Payoff,baseline,payoff_risk
P015,0.0,50000000,Payoff,baseline,payoff_risk
P016,0.0,50000000,Payoff,baseline,payoff_risk
P017,0.0,50000000,Payoff,baseline,payoff_risk
P018,0.0,50000000,Payoff,baseline,payoff_risk
P019,0.0,50000000,Payoff,baseline,payoff_risk
P020,0.0,50000000,Payoff,baseline,payoff_risk
P021,0.0,50000000,Payoff,baseline,payoff_risk
P022,0.0,50000000,Payoff,baseline,payoff_risk
P023,0.0,50000000,Payoff,baseline,payoff_risk
P024,0.0,50000000,Payoff,baseline,payoff_risk
P025,0.0,50000000,Payoff,baseline,payoff_risk
P026,0.0,50000000,Payoff,baseline,payoff_risk
P027,0.0,50000000,Payoff,baseline,payoff_risk
P028,0.0,50000000,Payoff,baseline,payoff_risk
P029,0.0,50000000,Payoff,baseline,payoff_risk
P030,0.0,50000000,Payoff,baseline,payoff_risk
P031,0.0,50000000,Payoff,baseline,payoff_risk
P032,0.0,50000000,Payoff,baseline,payoff_risk
P033,0.0,50000000,Payoff,baseline,payoff_risk
P034,0.0,50000000,Payoff,baseline,payoff_risk
P035,0.0,50000000,Payoff,baseline,payoff_risk
P036,0.0,50000000,Payoff,baseline,payoff_risk
P037,0.0,50000000,Payoff,baseline,payoff_risk
P038,0.0,50000000,Payoff,baseline,payoff_risk
P039,0.0,50000000,Payoff,baseline,payoff_risk
P040,0.0,50000000,Payoff,baseline,payoff_risk
P041,0.0,50000000,Payoff,baseline,payoff_risk
P042,0.0,50000000,Payoff,baseline,payoff_risk
P043,0.0,50000000,Payoff,baseline,payoff_risk
P044,0.0,50000000,Payoff,baseline,payoff_risk
P045,0.0,50000000,Payoff,baseline,payoff_risk
P046,0.0,50000000,Payoff,baseline,payoff_risk
P047,0.0,50000000,Payoff,baseline,payoff_risk
P048,0.0,50000000,Payoff,baseline,payoff_risk
P049,0.0,50000000,Payoff,baseline,payoff_risk
P050,0.0,50000000,Payoff,baseline,payoff_risk
P051,0.0,50000000,Payoff,baseline,payoff_risk
P052,0.0,50000000,Payoff,baseline,payoff_risk
P053,0.0,50000000,Payoff,baseline,payoff_risk
P054,0.0,50000000,Payoff,baseline,payoff_risk
P055,0.0,50000000,Payoff,baseline,payoff_risk
P056,0.0,50000000,Payoff,baseline,payoff_risk
P057,0.0,50000000,Payoff,baseline,payoff_risk
P058,0.0,50000000,Payoff,baseline,payoff_risk
P059,0.0,50000000,Payoff,baseline,payoff_risk
P060,0.0,50000000,Payoff,baseline,payoff_risk
P061,0.0,50000000,Payoff,baseline,payoff_risk
P062,0.0,50000000,Payoff,baseline,payoff_risk
P063,0.0,50000000,Payoff,baseline,payoff_risk
P064,0.0,50000000,Payoff,baseline,payoff_risk
P065,0.0,50000000,Payoff,baseline,payoff_risk
P066,0.0,50000000,Payoff,baseline,payoff_risk
P067,0.0,50000000,Payoff,baseline,payoff_risk
P068,0.0,50000000,Payoff,baseline,payoff_risk
P069,0.0,50000000,Payoff,baseline,payoff_risk
P070,0.0,50000000,Payoff,baseline,payoff_risk
P071,0.0,50000000,Payoff,baseline,payoff_risk
P072,0.0,50000000,Payoff,baseline,payoff_risk
P073,0.0,50000000,Payoff,baseline,payoff_risk
P074,0.0,50000000,Payoff,baseline,payoff_risk
P075,0.0,50000000,Payoff,baseline,payoff_risk
P076,0.0,50000000,Payoff,baseline,payoff_risk
P077,0.0,50000000,Payoff,baseline,payoff_risk
P078,0.0,50000000,Payoff,baseline,payoff_risk
P079,0.0,50000000,Payoff,baseline,payoff_risk
P080,0.0,50000000,Payoff,baseline,payoff_risk
P081,0.0,50000000,Payoff,baseline,payoff_risk
P082,0.0,50000000,Payoff,baseline,payoff_risk
P083,0.0,50000000,Payoff,baseline,payoff_risk
P084,0.0,50000000,Payoff,baseline,payoff_risk
P085,0.0,50000000,Payoff,baseline,payoff_risk
P086,0.0,50000000,Payoff,baseline,payoff_risk
P087,0.0,50000000,Payoff,baseline,payoff_risk
P088,0.0,50000000,Payoff,baseline,payoff_risk
P089,0.0,50000000,Payoff,baseline,payoff_risk
P090,0.0,50000000,Payoff,baseline,payoff_risk
P091,0.0,50000000,Payoff,baseline,payoff_risk
P092,0.0,50000000,Payoff,baseline,payoff_risk
P093,0.0,50000000,Payoff,baseline,payoff_risk
P094,0.0,50000000,Payoff,baseline,payoff_risk
P095,0.0,50000000,Payoff,baseline,payoff_risk
P096,0.0,50000000,Payoff,baseline,payoff_risk
P097,0.0,50000000,Payoff,baseline,payoff_risk
P098,0.0,50000000,Payoff,baseline,payoff_risk
P099,0.0,50000000,Payoff,baseline,payoff_risk
P100,0.0,50000000,Payoff,baseline,payoff_risk
P001,1.0,50000000,Payoff,baseline,payoff_strategic
P002,1.0,50000000,Payoff,baseline,payoff_strategic
P003,1.0,50000000,Payoff,baseline,payoff_strategic
P004,1.0,50000000,Payoff,baseline,payoff_strategic
P005,1.0,50000000,Payoff,baseline,payoff_strategic
P006,0.0,50000000,Payoff,baseline,payoff_strategic
P007,0.0,50000000,Payoff,baseline,payoff_strategic
P008,0.0,50000000,Payoff,baseline,payoff_strategic
P009,0.0,50000000,Payoff,baseline,payoff_strategic
P010,0.0,50000000,Payoff,baseline,payoff_strategic
P011,0.0,50000000,Payoff,baseline,payoff_strategic
P012,0.0,50000000,Payoff,baseline,payoff_strategic
P013,0.0,50000000,Payoff,baseline,payoff_strategic
P014,0.0,50000000,Payoff,baseline,payoff_strategic
P015,0.0,50000000,Payoff,baseline,payoff_strategic
P016,0.0,50000000,Payoff,baseline,payoff_strategic
P017,0.0,50000000,Payoff,baseline,payoff_strategic
P018,0.0,50000000,Payoff,baseline,payoff_strategic
P019,0.0,50000000,Payoff,baseline,payoff_strategic
P020,0.0,50000000,Payoff,baseline,payoff_strategic
P021,1.0,50000000,Payoff,baseline,payoff_strategic
P022,1.0,50000000,Payoff,baseline,payoff_strategic
P023,0.0,50000000,Payoff,baseline,payoff_strategic
P024,0.0,50000000,Payoff,baseline,payoff_strategic
P025,1.0,50000000,Payoff,baseline,payoff_strategic
P026,0.0,50000000,Payoff,baseline,payoff_strategic
P027,0.0,50000000,Payoff,baseline,payoff_strategic
P028,0.0,50000000,Payoff,baseline,payoff_strategic
P029,0.0,50000000,Payoff,baseline,payoff_strategic
P030,0.0,50000000,Payoff,baseline,payoff_strategic
P031,1.0,50000000,Payoff,baseline,payoff_strategic
P032,1.0,50000000,Payoff,baseline,payoff_strategic
P033,0.0,50000000,Payoff,baseline,payoff_strategic
P034,1.0,50000000,Payoff,baseline,payoff_strategic
P035,1.0,50000000,Payoff,baseline,payoff_strategic
P036,0.0,50000000,Payoff,baseline,payoff_strategic
P037,0.0,50000000,Payoff,baseline,payoff_strategic
P038,0.0,50000000,Payoff,baseline,payoff_strategic
P039,0.0,50000000,Payoff,baseline,payoff_strategic
P040,0.0,50000000,Payoff,baseline,payoff_strategic
P041,1.0,50000000,Payoff,baseline,payoff_strategic
P042,1.0,50000000,Payoff,baseline,payoff_strategic
P043,1.0,50000000,Payoff,baseline,payoff_strategic
P044,1.0,50000000,Payoff,baseline,payoff_strategic
P045,0.0,50000000,Payoff,baseline,payoff_strategic
P046,0.0,50000000,Payoff,baseline,payoff_strategic
P047,0.0,50000000,Payoff,baseline,payoff_strategic
P048,0.0,50000000,Payoff,baseline,payoff_strategic
P049,0.0,50000000,Payoff,baseline,payoff_strategic
P050,0.0,50000000,Payoff,baseline,payoff_strategic
P051,1.0,50000000,Payoff,baseline,payoff_strategic
P052,1.0,50000000,Payoff,baseline,payoff_strategic
P053,1.0,50000000,Payoff,baseline,payoff_strategic
P054,1.0,50000000,Payoff,baseline,payoff_strategic
P055,1.0,50000000,Payoff,baseline,payoff_strategic
P056,0.0,50000000,Payoff,baseline,payoff_strategic
P057,0.0,50000000,Payoff,baseline,payoff_strategic
P058,0.0,50000000,Payoff,baseline,payoff_strategic
P059,0.0,50000000,Payoff,baseline,payoff_strategic
P060,0.0,50000000,Payoff,baseline,payoff_strategic
P061,1.0,50000000,Payoff,baseline,payoff_strategic
P062,1.0,50000000,Payoff,baseline,payoff_strategic
P063,0.0,50000000,Payoff,baseline,payoff_strategic
P064,0.0,50000000,Payoff,baseline,payoff_strategic
P065,0.0,50000000,Payoff,baseline,payoff_strategic
P066,0.0,50000000,Payoff,baseline,payoff_strategic
P067,0.0,50000000,Payoff,baseline,payoff_strategic
P068,0.0,50000000,Payoff,baseline,payoff_strategic
P069,0.0,50000000,Payoff,baseline,payoff_strategic
P070,0.0,50000000,Payoff,baseline,payoff_strategic
P071,0.0,50000000,Payoff,baseline,payoff_strategic
P072,1.0,50000000,Payoff,baseline,payoff_strategic
P073,0.0,50000000,Payoff,baseline,payoff_strategic
P074,0.0,50000000,Payoff,baseline,payoff_strategic
P075,0.0,50000000,Payoff,baseline,payoff_strategic
P076,0.0,50000000,Payoff,baseline,payoff_strategic
P077,0.0,50000000,Payoff,baseline,payoff_strategic
P078,0.0,50000000,Payoff,baseline,payoff_strategic
P079,0.0,50000000,Payoff,baseline,payoff_strategic
P080,0.0,50000000,Payoff,baseline,payoff_strategic
P081,1.0,50000000,Payoff,baseline,payoff_strategic
P082,1.0,50000000,Payoff,baseline,payoff_strategic
P083,1.0,50000000,Payoff,baseline,payoff_strategic
P084,0.0,50000000,Payoff,baseline,payoff_strategic
P085,1.0,50000000,Payoff,baseline,payoff_strategic
P086,0.0,50000000,Payoff,baseline,payoff_strategic
P087,0.0,50000000,Payoff,baseline,payoff_strategic
P088,0.0,50000000,Payoff,baseline,payoff_strategic
P089,0.0,50000000,Payoff,baseline,payoff_strategic
P090,0.0,50000000,Payoff,baseline,payoff_strategic
P091,0.0,50000000,Payoff,baseline,payoff_strategic
P092,0.0,50000000,Payoff,baseline,payoff_strategic
P093,0.0,50000000,Payoff,baseline,payoff_strategic
P094,0.0,50000000,Payoff,baseline,payoff_strategic
P095,0.0,50000000,Payoff,baseline,payoff_strategic
P096,0.0,50000000,Payoff,baseline,payoff_strategic
P097,0.0,50000000,Payoff,baseline,payoff_strategic
P098,0.0,50000000,Payoff,baseline,payoff_strategic
P099,0.0,50000000,Payoff,baseline,payoff_strategic
P100,0.0,50000000,Payoff,baseline,payoff_strategic
P001,1.0,75000000,Payoff,baseline,payoff_potential
P002,1.0,75000000,Payoff,baseline,payoff_potential
P003,1.0,75000000,Payoff,baseline,payoff_potential
P004,1.0,75000000,Payoff,baseline,payoff_potential
P005,0.0,75000000,Payoff,baseline,payoff_potential
P006,0.0,75000000,Payoff,baseline,payoff_potential
P007,0.0,75000000,Payoff,baseline,payoff_potential
P008,0.0,75000000,Payoff,baseline,payoff_potential
P009,0.0,75000000,Payoff,baseline,payoff_potential
P010,0.0,75000000,Payoff,baseline,payoff_potential
P011,1.0,75000000,Payoff,baseline,payoff_potential
P012,1.0,75000000,Payoff,baseline,payoff_potential
P013,1.0,75000000,Payoff,baseline,payoff_potential
P014,0.0,75000000,Payoff,baseline,payoff_potential
P015,1.0,75000000,Payoff,baseline,payoff_potential
P016,0.0,75000000,Payoff,baseline,payoff_potential
P017,0.0,75000000,Payoff,baseline,payoff_potential
P018,0.0,75000000,Payoff,baseline,payoff_potential
P019,0.0,75000000,Payoff,baseline,payoff_potential
P020,0.0,75000000,Payoff,baseline,payoff_potential
P021,1.0,75000000,Payoff,baseline,payoff_potential
P022,1.0,75000000,Payoff,baseline,payoff_potential
P023,0.0,75000000,Payoff,baseline,payoff_potential
P024,0.0,75000000,Payoff,baseline,payoff_potential
P025,1.0,75000000,Payoff,baseline,payoff_potential
P026,0.0,75000000,Payoff,baseline,payoff_potential
P027,0.0,75000000,Payoff,baseline,payoff_potential
P028,0.0,75000000,Payoff,baseline,payoff_potential
P029,0.0,75000000,Payoff,baseline,payoff_potential
P030,0.0,75000000,Payoff,baseline,payoff_potential
P031,1.0,75000000,Payoff,baseline,payoff_potential
P032,1.0,75000000,Payoff,baseline,payoff_potential
P033,1.0,75000000,Payoff,baseline,payoff_potential
P034,1.0,75000000,Payoff,baseline,payoff_potential
P035,0.0,75000000,Payoff,baseline,payoff_potential
P036,0.0,75000000,Payoff,baseline,payoff_potential
P037,0.0,75000000,Payoff,baseline,payoff_potential
P038,0.0,75000000,Payoff,baseline,payoff_potential
P039,0.0,75000000,Payoff,baseline,payoff_potential
P040,0.0,75000000,Payoff,baseline,payoff_potential
P041,1.0,75000000,Payoff,baseline,payoff_potential
P042,1.0,75000000,Payoff,baseline,payoff_potential
P043,1.0,75000000,Payoff,baseline,payoff_potential
P044,1.0,75000000,Payoff,baseline,payoff_potential
P045,0.0,75000000,Payoff,baseline,payoff_potential
P046,0.0,75000000,Payoff,baseline,payoff_potential
P047,0.0,75000000,Payoff,baseline,payoff_potential
P048,0.0,75000000,Payoff,baseline,payoff_potential
P049,0.0,75000000,Payoff,baseline,payoff_potential
P050,0.0,75000000,Payoff,baseline,payoff_potential
P051,1.0,75000000,Payoff,baseline,payoff_potential
P052,1.0,75000000,Payoff,baseline,payoff_potential
P053,1.0,75000000,Payoff,baseline,payoff_potential
P054,0.0,75000000,Payoff,baseline,payoff_potential
P055,1.0,75000000,Payoff,baseline,payoff_potential
P056,0.0,75000000,Payoff,baseline,payoff_potential
P057,0.0,75000000,Payoff,baseline,payoff_potential
P058,0.0,75000000,Payoff,baseline,payoff_potential
P059,0.0,75000000,Payoff,baseline,payoff_potential
P060,0.0,75000000,Payoff,baseline,payoff_potential
P061,1.0,75000000,Payoff,baseline,payoff_potential
P062,1.0,75000000,Payoff,baseline,payoff_potential
P063,0.0,75000000,Payoff,baseline,payoff_potential
P064,1.0,75000000,Payoff,baseline,payoff_potential
P065,1.0,75000000,Payoff,baseline,payoff_potential
P066,0.0,75000000,Payoff,baseline,payoff_potential
P067,0.0,75000000,Payoff,baseline,payoff_potential
P068,0.0,75000000,Payoff,baseline,payoff_potential
P069,0.0,75000000,Payoff,baseline,payoff_potential
P070,0.0,75000000,Payoff,baseline,payoff_potential
P071,1.0,75000000,Payoff,baseline,payoff_potential
P072,1.0,75000000,Payoff,baseline,payoff_potential
P073,1.0,75000000,Payoff,baseline,payoff_potential
P074,1.0,75000000,Payoff,baseline,payoff_potential
P075,1.0,75000000,Payoff,baseline,payoff_potential
P076,0.0,75000000,Payoff,baseline,payoff_potential
P077,0.0,75000000,Payoff,baseline,payoff_potential
P078,0.0,75000000,Payoff,baseline,payoff_potential
P079,0.0,75000000,Payoff,baseline,payoff_potential
P080,0.0,75000000,Payoff,baseline,payoff_potential
P081,1.0,75000000,Payoff,baseline,payoff_potential
P082,1.0,75000000,Payoff,baseline,payoff_potential
P083,0.0,75000000,Payoff,baseline,payoff_potential
P084,0.0,75000000,Payoff,baseline,payoff_potential
P085,1.0,75000000,Payoff,baseline,payoff_potential
P086,0.0,75000000,Payoff,baseline,payoff_potential
P087,0.0,75000000,Payoff,baseline,payoff_potential
P088,0.0,75000000,Payoff,baseline,payoff_potential
P089,0.0,75000000,Payoff,baseline,payoff_potential
P090,0.0,75000000,Payoff,baseline,payoff_potential
P091,1.0,75000000,Payoff,baseline,payoff_potential
P092,1.0,75000000,Payoff,baseline,payoff_potential
P093,1.0,75000000,Payoff,baseline,payoff_potential
P094,1.0,75000000,Payoff,baseline,payoff_potential
P095,1.0,75000000,Payoff,baseline,payoff_potential
P096,0.0,75000000,Payoff,baseline,payoff_potential
P097,0.0,75000000,Payoff,baseline,payoff_potential
P098,0.0,75000000,Payoff,baseline,payoff_potential
P099,0.0,75000000,Payoff,baseline,payoff_potential
P100,0.0,75000000,Payoff,baseline,payoff_potential
P001,0.0,75000000,Payoff,baseline,payoff_risk
P002,0.0,75000000,Payoff,baseline,payoff_risk
P003,0.0,75000000,Payoff,baseline,payoff_risk
P004,0.0,75000000,Payoff,baseline,payoff_risk
P005,0.0,75000000,Payoff,baseline,payoff_risk
P006,0.0,75000000,Payoff,baseline,payoff_risk
P007,0.0,75000000,Payoff,baseline,payoff_risk
P008,0.0,75000000,Payoff,baseline,payoff_risk
P009,0.0,75000000,Payoff,baseline,payoff_risk
P010,0.0,75000000,Payoff,baseline,payoff_risk
P011,0.0,75000000,Payoff,baseline,payoff_risk
P012,0.0,75000000,Payoff,baseline,payoff_risk
P013,0.0,75000000,Payoff,baseline,payoff_risk
P014,0.0,75000000,Payoff,baseline,payoff_risk
P015,0.0,75000000,Payoff,baseline,payoff_risk
P016,0.0,75000000,Payoff,baseline,payoff_risk
P017,0.0,75000000,Payoff,baseline,payoff_risk
P018,0.0,75000000,Payoff,baseline,payoff_risk
P019,0.0,75000000,Payoff,baseline,payoff_risk
P020,0.0,75000000,Payoff,baseline,payoff_risk
P021,0.0,75000000,Payoff,baseline,payoff_risk
P022,0.0,75000000,Payoff,baseline,payoff_risk
P023,0.0,75000000,Payoff,baseline,payoff_risk
P024,0.0,75000000,Payoff,baseline,payoff_risk
P025,0.0,75000000,Payoff,baseline,payoff_risk
P026,0.0,75000000,Payoff,baseline,payoff_risk
P027,0.0,75000000,Payoff,baseline,payoff_risk
P028,0.0,75000000,Payoff,baseline,payoff_risk
P029,0.0,75000000,Payoff,baseline,payoff_risk
P030,0.0,75000000,Payoff,baseline,payoff_risk
P031,0.0,75000000,Payoff,baseline,payoff_risk
P032,0.0,75000000,Payoff,baseline,payoff_risk
P033,0.0,75000000,Payoff,baseline,payoff_risk
P034,0.0,75000000,Payoff,baseline,payoff_risk
P035,0.0,75000000,Payoff,baseline,payoff_risk
P036,0.0,75000000,Payoff,baseline,payoff_risk
P037,0.0,75000000,Payoff,baseline,payoff_risk
P038,0.0,75000000,Payoff,baseline,payoff_risk
P039,0.0,75000000,Payoff,baseline,payoff_risk
P040,0.0,75000000,Payoff,baseline,payoff_risk
P041,0.0,75000000,Payoff,baseline,payoff_risk
P042,0.0,75000000,Payoff,baseline,payoff_risk
P043,0.0,75000000,Payoff,baseline,payoff_risk
P044,0.0,75000000,Payoff,baseline,payoff_risk
P045,0.0,75000000,Payoff,baseline,payoff_risk
P046,0.0,75000000,Payoff,baseline,payoff_risk
P047,0.0,75000000,Payoff,baseline,payoff_risk
P048,0.0,75000000,Payoff,baseline,payoff_risk
P049,0.0,75000000,Payoff,baseline,payoff_risk
P050,0.0,75000000,Payoff,baseline,payoff_risk
P051,0.0,75000000,Payoff,baseline,payoff_risk
P052,0.0,75000000,Payoff,baseline,payoff_risk
P053,0.0,75000000,Payoff,baseline,payoff_risk
P054,0.0,75000000,Payoff,baseline,payoff_risk
P055,0.0,75000000,Payoff,baseline,payoff_risk
P056,0.0,75000000,Payoff,baseline,payoff_risk
P057,0.0,75000000,Payoff,baseline,payoff_risk
P058,0.0,75000000,Payoff,baseline,payoff_risk
P059,0.0,75000000,Payoff,baseline,payoff_risk
P060,0.0,75000000,Payoff,baseline,payoff_risk
P061,0.0,75000000,Payoff,baseline,payoff_risk
P062,0.0,75000000,Payoff,baseline,payoff_risk
P063,0.0,75000000,Payoff,baseline,payoff_risk
P064,0.0,75000000,Payoff,baseline,payoff_risk
P065,0.0,75000000,Payoff,baseline,payoff_risk
P066,0.0,75000000,Payoff,baseline,payoff_risk
P067,0.0,75000000,Payoff,baseline,payoff_risk
P068,0.0,75000000,Payoff,baseline,payoff_risk
P069,0.0,75000000,Payoff,baseline,payoff_risk
P070,0.0,75000000,Payoff,baseline,payoff_risk
P071,0.0,75000000,Payoff,baseline,payoff_risk
P072,0.0,75000000,Payoff,baseline,payoff_risk
P073,0.0,75000000,Payoff,baseline,payoff_risk
P074,0.0,75000000,Payoff,baseline,payoff_risk
P075,0.0,75000000,Payoff,baseline,payoff_risk
P076,0.0,75000000,Payoff,baseline,payoff_risk
P077,0.0,75000000,Payoff,baseline,payoff_risk
P078,0.0,75000000,Payoff,baseline,payoff_risk
P079,0.0,75000000,Payoff,baseline,payoff_risk
P080,0.0,75000000,Payoff,baseline,payoff_risk
P081,0.0,75000000,Payoff,baseline,payoff_risk
P082,0.0,75000000,Payoff,baseline,payoff_risk
P083,0.0,75000000,Payoff,baseline,payoff_risk
P084,0.0,75000000,Payoff,baseline,payoff_risk
P085,0.0,75000000,Payoff,baseline,payoff_risk
P086,0.0,75000000,Payoff,baseline,payoff_risk
P087,0.0,75000000,Payoff,baseline,payoff_risk
P088,0.0,75000000,Payoff,baseline,payoff_risk
P089,0.0,75000000,Payoff,baseline,payoff_risk
P090,0.0,75000000,Payoff,baseline,payoff_risk
P091,0.0,75000000,Payoff,baseline,payoff_risk
P092,0.0,75000000,Payoff,baseline,payoff_risk
P093,0.0,75000000,Payoff,baseline,payoff_risk
P094,0.0,75000000,Payoff,baseline,payoff_risk
P095,0.0,75000000,Payoff,baseline,payoff_risk
P096,0.0,75000000,Payoff,baseline,payoff_risk
P097,0.0,75000000,Payoff,baseline,payoff_risk
P098,0.0,75000000,Payoff,baseline,payoff_risk
P099,0.0,75000000,Payoff,baseline,payoff_risk
P100,0.0,75000000,Payoff,baseline,payoff_risk
P001,1.0,75000000,Payoff,baseline,payoff_strategic
P002,1.0,75000000,Payoff,baseline,payoff_strategic
P003,1.0,75000000,Payoff,baseline,payoff_strategic
P004,1.0,75000000,Payoff,baseline,payoff_strategic
P005,1.0,75000000,Payoff,baseline,payoff_strategic
P006,0.0,75000000,Payoff,baseline,payoff_strategic
P007,0.0,75000000,Payoff,baseline,payoff_strategic
P008,0.0,75000000,Payoff,baseline,payoff_strategic
P009,0.0,75000000,Payoff,baseline,payoff_strategic
P010,0.0,75000000,Payoff,baseline,payoff_strategic
P011,0.0,75000000,Payoff,baseline,payoff_strategic
P012,0.0,75000000,Payoff,baseline,payoff_strategic
P013,0.0,75000000,Payoff,baseline,payoff_strategic
P014,0.0,75000000,Payoff,baseline,payoff_strategic
P015,0.0,75000000,Payoff,baseline,payoff_strategic
P016,0.0,75000000,Payoff,baseline,payoff_strategic
P017,0.0,75000000,Payoff,baseline,payoff_strategic
P018,0.0,75000000,Payoff,baseline,payoff_strategic
P019,0.0,75000000,Payoff,baseline,payoff_strategic
P020,0.0,75000000,Payoff,baseline,payoff_strategic
P021,1.0,75000000,Payoff,baseline,payoff_strategic
P022,1.0,75000000,Payoff,baseline,payoff_strategic
P023,1.0,75000000,Payoff,baseline,payoff_strategic
P024,1.0,75000000,Payoff,baseline,payoff_strategic
P025,1.0,75000000,Payoff,baseline,payoff_strategic
P026,0.0,75000000,Payoff,baseline,payoff_strategic
P027,0.0,75000000,Payoff,baseline,payoff_strategic
P028,0.0,75000000,Payoff,baseline,payoff_strategic
P029,0.0,75000000,Payoff,baseline,payoff_strategic
P030,0.0,75000000,Payoff,baseline,payoff_strategic
P031,1.0,75000000,Payoff,baseline,payoff_strategic
P032,1.0,75000000,Payoff,baseline,payoff_strategic
P033,1.0,75000000,Payoff,baseline,payoff_strategic
P034,1.0,75000000,Payoff,baseline,payoff_strategic
P035,1.0,75000000,Payoff,baseline,payoff_strategic
P036,0.0,75000000,Payoff,baseline,payoff_strategic
P037,0.0,75000000,Payoff,baseline,payoff_strategic
P038,0.0,75000000,Payoff,baseline,payoff_strategic
P039,0.0,75000000,Payoff,baseline,payoff_strategic
P040,0.0,75000000,Payoff,baseline,payoff_strategic
P041,1.0,75000000,Payoff,baseline,payoff_strategic
P042,1.0,75000000,Payoff,baseline,payoff_strategic
P043,1.0,75000000,Payoff,baseline,payoff_strategic
P044,1.0,75000000,Payoff,baseline,payoff_strategic
P045,1.0,75000000,Payoff,baseline,payoff_strategic
P046,0.0,75000000,Payoff,baseline,payoff_strategic
P047,0.0,75000000,Payoff,baseline,payoff_strategic
P048,0.0,75000000,Payoff,baseline,payoff_strategic
P049,0.0,75000000,Payoff,baseline,payoff_strategic
P050,0.0,75000000,Payoff,baseline,payoff_strategic
P051,1.0,75000000,Payoff,baseline,payoff_strategic
P052,1.0,75000000,Payoff,baseline,payoff_strategic
P053,1.0,75000000,Payoff,baseline,payoff_strategic
P054,1.0,75000000,Payoff,baseline,payoff_strategic
P055,1.0,75000000,Payoff,baseline,payoff_strategic
P056,0.0,75000000,Payoff,baseline,payoff_strategic
P057,1.0,75000000,Payoff,baseline,payoff_strategic
P058,0.0,75000000,Payoff,baseline,payoff_strategic
P059,0.0,75000000,Payoff,baseline,payoff_strategic
P060,0.0,75000000,Payoff,baseline,payoff_strategic
P061,1.0,75000000,Payoff,baseline,payoff_strategic
P062,1.0,75000000,Payoff,baseline,payoff_strategic
P063,0.0,75000000,Payoff,baseline,payoff_strategic
P064,0.0,75000000,Payoff,baseline,payoff_strategic
P065,0.0,75000000,Payoff,baseline,payoff_strategic
P066,0.0,75000000,Payoff,baseline,payoff_strategic
P067,0.0,75000000,Payoff,baseline,payoff_strategic
P068,0.0,75000000,Payoff,baseline,payoff_strategic
P069,0.0,75000000,Payoff,baseline,payoff_strategic
P070,0.0,75000000,Payoff,baseline,payoff_strategic
P071,0.0,75000000,Payoff,baseline,payoff_strategic
P072,1.0,75000000,Payoff,baseline,payoff_strategic
P073,0.0,75000000,Payoff,baseline,payoff_strategic
P074,0.0,75000000,Payoff,baseline,payoff_strategic
P075,0.0,75000000,Payoff,baseline,payoff_strategic
P076,0.0,75000000,Payoff,baseline,payoff_strategic
P077,0.0,75000000,Payoff,baseline,payoff_strategic
P078,0.0,75000000,Payoff,baseline,payoff_strategic
P079,0.0,75000000,Payoff,baseline,payoff_strategic
P080,0.0,75000000,Payoff,baseline,payoff_strategic
P081,1.0,75000000,Payoff,baseline,payoff_strategic
P082,1.0,75000000,Payoff,baseline,payoff_strategic
P083,1.0,75000000,Payoff,baseline,payoff_strategic
P084,0.0,75000000,Payoff,baseline,payoff_strategic
P085,1.0,75000000,Payoff,baseline,payoff_strategic
P086,0.0,75000000,Payoff,baseline,payoff_strategic
P087,0.0,75000000,Payoff,baseline,payoff_strategic
P088,0.0,75000000,Payoff,baseline,payoff_strategic
P089,0.0,75000000,Payoff,baseline,payoff_strategic
P090,0.0,75000000,Payoff,baseline,payoff_strategic
P091,0.0,75000000,Payoff,baseline,payoff_strategic
P092,0.0,75000000,Payoff,baseline,payoff_strategic
P093,0.0,75000000,Payoff,baseline,payoff_strategic
P094,0.0,75000000,Payoff,baseline,payoff_strategic
P095,0.0,75000000,Payoff,baseline,payoff_strategic
P096,0.0,75000000,Payoff,baseline,payoff_strategic
P097,0.0,75000000,Payoff,baseline,payoff_strategic
P098,0.0,75000000,Payoff,baseline,payoff_strategic
P099,0.0,75000000,Payoff,baseline,payoff_strategic
P100,0.0,75000000,Payoff,baseline,payoff_strategic
P001,1.0,25000000,Payoff,assumed_logic,payoff_potential
P002,1.0,25000000,Payoff,assumed_logic,payoff_potential
P003,1.0,25000000,Payoff,assumed_logic,payoff_potential
P004,0.0,25000000,Payoff,assumed_logic,payoff_potential
P005,0.0,25000000,Payoff,assumed_logic,payoff_potential
P006,0.0,25000000,Payoff,assumed_logic,payoff_potential
P007,0.0,25000000,Payoff,assumed_logic,payoff_potential
P008,0.0,25000000,Payoff,assumed_logic,payoff_potential
P009,0.0,25000000,Payoff,assumed_logic,payoff_potential
P010,0.0,25000000,Payoff,assumed_logic,payoff_potential
P011,1.0,25000000,Payoff,assumed_logic,payoff_potential
P012,1.0,25000000,Payoff,assumed_logic,payoff_potential
P013,1.0,25000000,Payoff,assumed_logic,payoff_potential
P014,0.0,25000000,Payoff,assumed_logic,payoff_potential
P015,0.0,25000000,Payoff,assumed_logic,payoff_potential
P016,0.0,25000000,Payoff,assumed_logic,payoff_potential
P017,0.0,25000000,Payoff,assumed_logic,payoff_potential
P018,0.0,25000000,Payoff,assumed_logic,payoff_potential
P019,0.0,25000000,Payoff,assumed_logic,payoff_potential
P020,0.0,25000000,Payoff,assumed_logic,payoff_potential
P021,1.0,25000000,Payoff,assumed_logic,payoff_potential
P022,1.0,25000000,Payoff,assumed_logic,payoff_potential
P023,0.0,25000000,Payoff,assumed_logic,payoff_potential
P024,0.0,25000000,Payoff,assumed_logic,payoff_potential
P025,0.0,25000000,Payoff,assumed_logic,payoff_potential
P026,0.0,25000000,Payoff,assumed_logic,payoff_potential
P027,0.0,25000000,Payoff,assumed_logic,payoff_potential
P028,0.0,25000000,Payoff,assumed_logic,payoff_potential
P029,0.0,25000000,Payoff,assumed_logic,payoff_potential
P030,0.0,25000000,Payoff,assumed_logic,payoff_potential
P031,1.0,25000000,Payoff,assumed_logic,payoff_potential
P032,1.0,25000000,Payoff,assumed_logic,payoff_potential
P033,0.0,25000000,Payoff,assumed_logic,payoff_potential
P034,1.0,25000000,Payoff,assumed_logic,payoff_potential
P035,0.0,25000000,Payoff,assumed_logic,payoff_potential
P036,0.0,25000000,Payoff,assumed_logic,payoff_potential
P037,0.0,25000000,Payoff,assumed_logic,payoff_potential
P038,0.0,25000000,Payoff,assumed_logic,payoff_potential
P039,0.0,25000000,Payoff,assumed_logic,payoff_potential
P040,0.0,25000000,Payoff,assumed_logic,payoff_potential
P041,1.0,25000000,Payoff,assumed_logic,payoff_potential
P042,1.0,25000000,Payoff,assumed_logic,payoff_potential
P043,1.0,25000000,Payoff,assumed_logic,payoff_potential
P044,0.0,25000000,Payoff,assumed_logic,payoff_potential
P045,0.0,25000000,Payoff,assumed_logic,payoff_potential
P046,0.0,25000000,Payoff,assumed_logic,payoff_potential
P047,0.0,25000000,Payoff,assumed_logic,payoff_potential
P048,0.0,25000000,Payoff,assumed_logic,payoff_potential
P049,0.0,25000000,Payoff,assumed_logic,payoff_potential
P050,0.0,25000000,Payoff,assumed_logic,payoff_potential
P051,1.0,25000000,Payoff,assumed_logic,payoff_potential
P052,0.0,25000000,Payoff,assumed_logic,payoff_potential
P053,0.0,25000000,Payoff,assumed_logic,payoff_potential
P054,0.0,25000000,Payoff,assumed_logic,payoff_potential
P055,0.0,25000000,Payoff,assumed_logic,payoff_potential
P056,0.0,25000000,Payoff,assumed_logic,payoff_potential
P057,0.0,25000000,Payoff,assumed_logic,payoff_potential
P058,0.0,25000000,Payoff,assumed_logic,payoff_potential
P059,0.0,25000000,Payoff,assumed_logic,payoff_potential
P060,0.0,25000000,Payoff,assumed_logic,payoff_potential
P061,1.0,25000000,Payoff,assumed_logic,payoff_potential
P062,1.0,25000000,Payoff,assumed_logic,payoff_potential
P063,0.0,25000000,Payoff,assumed_logic,payoff_potential
P064,0.0,25000000,Payoff,assumed_logic,payoff_potential
P065,0.0,25000000,Payoff,assumed_logic,payoff_potential
P066,0.0,25000000,Payoff,assumed_logic,payoff_potential
P067,0.0,25000000,Payoff,assumed_logic,payoff_potential
P068,0.0,25000000,Payoff,assumed_logic,payoff_potential
P069,0.0,25000000,Payoff,assumed_logic,payoff_potential
P070,0.0,25000000,Payoff,assumed_logic,payoff_potential
P071,0.0,25000000,Payoff,assumed_logic,payoff_potential
P072,1.0,25000000,Payoff,assumed_logic,payoff_potential
P073,1.0,25000000,Payoff,assumed_logic,payoff_potential
P074,0.0,25000000,Payoff,assumed_logic,payoff_potential
P075,0.0,25000000,Payoff,assumed_logic,payoff_potential
P076,0.0,25000000,Payoff,assumed_logic,payoff_potential
P077,0.0,25000000,Payoff,assumed_logic,payoff_potential
P078,0.0,25000000,Payoff,assumed_logic,payoff_potential
P079,0.0,25000000,Payoff,assumed_logic,payoff_potential
P080,0.0,25000000,Payoff,assumed_logic,payoff_potential
P081,1.0,25000000,Payoff,assumed_logic,payoff_potential
P082,1.0,25000000,Payoff,assumed_logic,payoff_potential
P083,0.0,25000000,Payoff,assumed_logic,payoff_potential
P084,0.0,25000000,Payoff,assumed_logic,payoff_potential
P085,0.0,25000000,Payoff,assumed_logic,payoff_potential
P086,0.0,25000000,Payoff,assumed_logic,payoff_potential
P087,0.0,25000000,Payoff,assumed_logic,payoff_potential
P088,0.0,25000000,Payoff,assumed_logic,payoff_potential
P089,0.0,25000000,Payoff,assumed_logic,payoff_potential
P090,0.0,25000000,Payoff,assumed_logic,payoff_potential
P091,1.0,25000000,Payoff,assumed_logic,payoff_potential
P092,1.0,25000000,Payoff,assumed_logic,payoff_potential
P093,0.0,25000000,Payoff,assumed_logic,payoff_potential
P094,0.0,25000000,Payoff,assumed_logic,payoff_potential
P095,1.0,25000000,Payoff,assumed_logic,payoff_potential
P096,0.0,25000000,Payoff,assumed_logic,payoff_potential
P097,0.0,25000000,Payoff,assumed_logic,payoff_potential
P098,0.0,25000000,Payoff,assumed_logic,payoff_potential
P099,0.0,25000000,Payoff,assumed_logic,payoff_potential
P100,0.0,25000000,Payoff,assumed_logic,payoff_potential
P001,0.0,25000000,Payoff,assumed_logic,payoff_risk
P002,0.0,25000000,Payoff,assumed_logic,payoff_risk
P003,0.0,25000000,Payoff,assumed_logic,payoff_risk
P004,0.0,25000000,Payoff,assumed_logic,payoff_risk
P005,0.0,25000000,Payoff,assumed_logic,payoff_risk
P006,0.0,25000000,Payoff,assumed_logic,payoff_risk
P007,0.0,25000000,Payoff,assumed_logic,payoff_risk
P008,0.0,25000000,Payoff,assumed_logic,payoff_risk
P009,0.0,25000000,Payoff,assumed_logic,payoff_risk
P010,0.0,25000000,Payoff,assumed_logic,payoff_risk
P011,0.0,25000000,Payoff,assumed_logic,payoff_risk
P012,0.0,25000000,Payoff,assumed_logic,payoff_risk
P013,0.0,25000000,Payoff,assumed_logic,payoff_risk
P014,0.0,25000000,Payoff,assumed_logic,payoff_risk
P015,0.0,25000000,Payoff,assumed_logic,payoff_risk
P016,0.0,25000000,Payoff,assumed_logic,payoff_risk
P017,0.0,25000000,Payoff,assumed_logic,payoff_risk
P018,0.0,25000000,Payoff,assumed_logic,payoff_risk
P019,0.0,25000000,Payoff,assumed_logic,payoff_risk
P020,0.0,25000000,Payoff,assumed_logic,payoff_risk
P021,0.0,25000000,Payoff,assumed_logic,payoff_risk
P022,0.0,25000000,Payoff,assumed_logic,payoff_risk
P023,0.0,25000000,Payoff,assumed_logic,payoff_risk
P024,0.0,25000000,Payoff,assumed_logic,payoff_risk
P025,0.0,25000000,Payoff,assumed_logic,payoff_risk
P026,0.0,25000000,Payoff,assumed_logic,payoff_risk
P027,0.0,25000000,Payoff,assumed_logic,payoff_risk
P028,0.0,25000000,Payoff,assumed_logic,payoff_risk
P029,0.0,25000000,Payoff,assumed_logic,payoff_risk
P030,0.0,25000000,Payoff,assumed_logic,payoff_risk
P031,0.0,25000000,Payoff,assumed_logic,payoff_risk
P032,0.0,25000000,Payoff,assumed_logic,payoff_risk
P033,0.0,25000000,Payoff,assumed_logic,payoff_risk
P034,0.0,25000000,Payoff,assumed_logic,payoff_risk
P035,0.0,25000000,Payoff,assumed_logic,payoff_risk
P036,0.0,25000000,Payoff,assumed_logic,payoff_risk
P037,0.0,25000000,Payoff,assumed_logic,payoff_risk
P038,0.0,25000000,Payoff,assumed_logic,payoff_risk
P039,0.0,25000000,Payoff,assumed_logic,payoff_risk
P040,0.0,25000000,Payoff,assumed_logic,payoff_risk
P041,0.0,25000000,Payoff,assumed_logic,payoff_risk
P042,0.0,25000000,Payoff,assumed_logic,payoff_risk
P043,0.0,25000000,Payoff,assumed_logic,payoff_risk
P044,0.0,25000000,Payoff,assumed_logic,payoff_risk
P045,0.0,25000000,Payoff,assumed_logic,payoff_risk
P046,0.0,25000000,Payoff,assumed_logic,payoff_risk
P047,0.0,25000000,Payoff,assumed_logic,payoff_risk
P048,0.0,25000000,Payoff,assumed_logic,payoff_risk
P049,0.0,25000000,Payoff,assumed_logic,payoff_risk
P050,0.0,25000000,Payoff,assumed_logic,payoff_risk
P051,0.0,25000000,Payoff,assumed_logic,payoff_risk
P052,0.0,25000000,Payoff,assumed_logic,payoff_risk
P053,0.0,25000000,Payoff,assumed_logic,payoff_risk
P054,0.0,25000000,Payoff,assumed_logic,payoff_risk
P055,0.0,25000000,Payoff,assumed_logic,payoff_risk
P056,0.0,25000000,Payoff,assumed_logic,payoff_risk
P057,0.0,25000000,Payoff,assumed_logic,payoff_risk
P058,0.0,25000000,Payoff,assumed_logic,payoff_risk
P059,0.0,25000000,Payoff,assumed_logic,payoff_risk
P060,0.0,25000000,Payoff,assumed_logic,payoff_risk
P061,0.0,25000000,Payoff,assumed_logic,payoff_risk
P062,0.0,25000000,Payoff,assumed_logic,payoff_risk
P063,0.0,25000000,Payoff,assumed_logic,payoff_risk
P064,0.0,25000000,Payoff,assumed_logic,payoff_risk
P065,0.0,25000000,Payoff,assumed_logic,payoff_risk
P066,0.0,25000000,Payoff,assumed_logic,payoff_risk
P067,0.0,25000000,Payoff,assumed_logic,payoff_risk
P068,0.0,25000000,Payoff,assumed_logic,payoff_risk
P069,0.0,25000000,Payoff,assumed_logic,payoff_risk
P070,0.0,25000000,Payoff,assumed_logic,payoff_risk
P071,0.0,25000000,Payoff,assumed_logic,payoff_risk
P072,0.0,25000000,Payoff,assumed_logic,payoff_risk
P073,0.0,25000000,Payoff,assumed_logic,payoff_risk
P074,0.0,25000000,Payoff,assumed_logic,payoff_risk
P075,0.0,25000000,Payoff,assumed_logic,payoff_risk
P076,0.0,25000000,Payoff,assumed_logic,payoff_risk
P077,0.0,25000000,Payoff,assumed_logic,payoff_risk
P078,0.0,25000000,Payoff,assumed_logic,payoff_risk
P079,0.0,25000000,Payoff,assumed_logic,payoff_risk
P080,0.0,25000000,Payoff,assumed_logic,payoff_risk
P081,0.0,25000000,Payoff,assumed_logic,payoff_risk
P082,0.0,25000000,Payoff,assumed_logic,payoff_risk
P083,0.0,25000000,Payoff,assumed_logic,payoff_risk
P084,0.0,25000000,Payoff,assumed_logic,payoff_risk
P085,0.0,25000000,Payoff,assumed_logic,payoff_risk
P086,0.0,25000000,Payoff,assumed_logic,payoff_risk
P087,0.0,25000000,Payoff,assumed_logic,payoff_risk
P088,0.0,25000000,Payoff,assumed_logic,payoff_risk
P089,0.0,25000000,Payoff,assumed_logic,payoff_risk
P090,0.0,25000000,Payoff,assumed_logic,payoff_risk
P091,0.0,25000000,Payoff,assumed_logic,payoff_risk
P092,0.0,25000000,Payoff,assumed_logic,payoff_risk
P093,0.0,25000000,Payoff,assumed_logic,payoff_risk
P094,0.0,25000000,Payoff,assumed_logic,payoff_risk
P095,0.0,25000000,Payoff,assumed_logic,payoff_risk
P096,0.0,25000000,Payoff,assumed_logic,payoff_risk
P097,0.0,25000000,Payoff,assumed_logic,payoff_risk
P098,0.0,25000000,Payoff,assumed_logic,payoff_risk
P099,0.0,25000000,Payoff,assumed_logic,payoff_risk
P100,0.0,25000000,Payoff,assumed_logic,payoff_risk
P001,1.0,25000000,Payoff,assumed_logic,payoff_strategic
P002,1.0,25000000,Payoff,assumed_logic,payoff_strategic
P003,1.0,25000000,Payoff,assumed_logic,payoff_strategic
P004,0.0,25000000,Payoff,assumed_logic,payoff_strategic
P005,0.0,25000000,Payoff,assumed_logic,payoff_strategic
P006,0.0,25000000,Payoff,assumed_logic,payoff_strategic
P007,0.0,25000000,Payoff,assumed_logic,payoff_strategic
P008,0.0,25000000,Payoff,assumed_logic,payoff_strategic
P009,0.0,25000000,Payoff,assumed_logic,payoff_strategic
P010,0.0,25000000,Payoff,assumed_logic,payoff_strategic
P011,0.0,25000000,Payoff,assumed_logic,payoff_strategic
P012,0.0,25000000,Payoff,assumed_logic,payoff_strategic
P013,0.0,25000000,Payoff,assumed_logic,payoff_strategic
P014,0.0,25000000,Payoff,assumed_logic,payoff_strategic
P015,0.0,25000000,Payoff,assumed_logic,payoff_strategic
P016,0.0,25000000,Payoff,assumed_logic,payoff_strategic
P017,0.0,25000000,Payoff,assumed_logic,payoff_strategic
P018,0.0,25000000,Payoff,assumed_logic,payoff_strategic
P019,0.0,25000000,Payoff,assumed_logic,payoff_strategic
P020,0.0,25000000,Payoff,assumed_logic,payoff_strategic
P021,1.0,25000000,Payoff,assumed_logic,payoff_strategic
P022,1.0,25000000,Payoff,assumed_logic,payoff_strategic
P023,0.0,25000000,Payoff,assumed_logic,payoff_strategic
P024,0.0,25000000,Payoff,assumed_logic,payoff_strategic
P025,1.0,25000000,Payoff,assumed_logic,payoff_strategic
P026,0.0,25000000,Payoff,assumed_logic,payoff_strategic
P027,0.0,25000000,Payoff,assumed_logic,payoff_strategic
P028,0.0,25000000,Payoff,assumed_logic,payoff_strategic
P029,0.0,25000000,Payoff,assumed_logic,payoff_strategic
P030,0.0,25000000,Payoff,assumed_logic,payoff_strategic
P031,1.0,25000000,Payoff,assumed_logic,payoff_strategic
P032,1.0,25000000,Payoff,assumed_logic,payoff_strategic
P033,0.0,25000000,Payoff,assumed_logic,payoff_strategic
P034,1.0,25000000,Payoff,assumed_logic,payoff_strategic
P035,0.0,25000000,Payoff,assumed_logic,payoff_strategic
P036,0.0,25000000,Payoff,assumed_logic,payoff_strategic
P037,0.0,25000000,Payoff,assumed_logic,payoff_strategic
P038,0.0,25000000,Payoff,assumed_logic,payoff_strategic
P039,0.0,25000000,Payoff,assumed_logic,payoff_strategic
P040,0.0,25000000,Payoff,assumed_logic,payoff_strategic
P041,1.0,25000000,Payoff,assumed_logic,payoff_strategic
P042,1.0,25000000,Payoff,assumed_logic,payoff_strategic
P043,0.0,25000000,Payoff,assumed_logic,payoff_strategic
P044,1.0,25000000,Payoff,assumed_logic,payoff_strategic
P045,0.0,25000000,Payoff,assumed_logic,payoff_strategic
P046,0.0,25000000,Payoff,assumed_logic,payoff_strategic
P047,0.0,25000000,Payoff,assumed_logic,payoff_strategic
P048,0.0,25000000,Payoff,assumed_logic,payoff_strategic
P049,0.0,25000000,Payoff,assumed_logic,payoff_strategic
P050,0.0,25000000,Payoff,assumed_logic,payoff_strategic
P051,1.0,25000000,Payoff,assumed_logic,payoff_strategic
P052,1.0,25000000,Payoff,assumed_logic,payoff_strategic
P053,0.0,25000000,Payoff,assumed_logic,payoff_strategic
P054,1.0,25000000,Payoff,assumed_logic,payoff_strategic
P055,1.0,25000000,Payoff,assumed_logic,payoff_strategic
P056,0.0,25000000,Payoff,assumed_logic,payoff_strategic
P057,0.0,25000000,Payoff,assumed_logic,payoff_strategic
P058,0.0,25000000,Payoff,assumed_logic,payoff_strategic
P059,0.0,25000000,Payoff,assumed_logic,payoff_strategic
P060,0.0,25000000,Payoff,assumed_logic,payoff_strategic
P061,1.0,25000000,Payoff,assumed_logic,payoff_strategic
P062,1.0,25000000,Payoff,assumed_logic,payoff_strategic
P063,0.0,25000000,Payoff,assumed_logic,payoff_strategic
P064,0.0,25000000,Payoff,assumed_logic,payoff_strategic
P065,0.0,25000000,Payoff,assumed_logic,payoff_strategic
P066,0.0,25000000,Payoff,assumed_logic,payoff_strategic
P067,0.0,25000000,Payoff,assumed_logic,payoff_strategic
P068,0.0,25000000,Payoff,assumed_logic,payoff_strategic
P069,0.0,25000000,Payoff,assumed_logic,payoff_strategic
P070,0.0,25000000,Payoff,assumed_logic,payoff_strategic
P071,0.0,25000000,Payoff,assumed_logic,payoff_strategic
P072,1.0,25000000,Payoff,assumed_logic,payoff_strategic
P073,0.0,25000000,Payoff,assumed_logic,payoff_strategic
P074,0.0,25000000,Payoff,assumed_logic,payoff_strategic
P075,0.0,25000000,Payoff,assumed_logic,payoff_strategic
P076,0.0,25000000,Payoff,assumed_logic,payoff_strategic
P077,0.0,25000000,Payoff,assumed_logic,payoff_strategic
P078,0.0,25000000,Payoff,assumed_logic,payoff_strategic
P079,0.0,25000000,Payoff,assumed_logic,payoff_strategic
P080,0.0,25000000,Payoff,assumed_logic,payoff_strategic
P081,1.0,25000000,Payoff,assumed_logic,payoff_strategic
P082,1.0,25000000,Payoff,assumed_logic,payoff_strategic
P083,0.0,25000000,Payoff,assumed_logic,payoff_strategic
P084,0.0,25000000,Payoff,assumed_logic,payoff_strategic
P085,0.0,25000000,Payoff,assumed_logic,payoff_strategic
P086,0.0,25000000,Payoff,assumed_logic,payoff_strategic
P087,0.0,25000000,Payoff,assumed_logic,payoff_strategic
P088,0.0,25000000,Payoff,assumed_logic,payoff_strategic
P089,0.0,25000000,Payoff,assumed_logic,payoff_strategic
P090,0.0,25000000,Payoff,assumed_logic,payoff_strategic
P091,0.0,25000000,Payoff,assumed_logic,payoff_strategic
P092,0.0,25000000,Payoff,assumed_logic,payoff_strategic
P093,0.0,25000000,Payoff,assumed_logic,payoff_strategic
P094,0.0,25000000,Payoff,assumed_logic,payoff_strategic
P095,0.0,25000000,Payoff,assumed_logic,payoff_strategic
P096,0.0,25000000,Payoff,assumed_logic,payoff_strategic
P097,0.0,25000000,Payoff,assumed_logic,payoff_strategic
P098,0.0,25000000,Payoff,assumed_logic,payoff_strategic
P099,0.0,25000000,Payoff,assumed_logic,payoff_strategic
P100,0.0,25000000,Payoff,assumed_logic,payoff_strategic
P001,1.0,50000000,Payoff,assumed_logic,payoff_potential
P002,1.0,50000000,Payoff,assumed_logic,payoff_potential
P003,1.0,50000000,Payoff,assumed_logic,payoff_potential
P004,0.0,50000000,Payoff,assumed_logic,payoff_potential
P005,0.0,50000000,Payoff,assumed_logic,payoff_potential
P006,0.0,50000000,Payoff,assumed_logic,payoff_potential
P007,0.0,50000000,Payoff,assumed_logic,payoff_potential
P008,0.0,50000000,Payoff,assumed_logic,payoff_potential
P009,0.0,50000000,Payoff,assumed_logic,payoff_potential
P010,0.0,50000000,Payoff,assumed_logic,payoff_potential
P011,1.0,50000000,Payoff,assumed_logic,payoff_potential
P012,1.0,50000000,Payoff,assumed_logic,payoff_potential
P013,1.0,50000000,Payoff,assumed_logic,payoff_potential
P014,0.0,50000000,Payoff,assumed_logic,payoff_potential
P015,0.0,50000000,Payoff,assumed_logic,payoff_potential
P016,0.0,50000000,Payoff,assumed_logic,payoff_potential
P017,0.0,50000000,Payoff,assumed_logic,payoff_potential
P018,0.0,50000000,Payoff,assumed_logic,payoff_potential
P019,0.0,50000000,Payoff,assumed_logic,payoff_potential
P020,0.0,50000000,Payoff,assumed_logic,payoff_potential
P021,1.0,50000000,Payoff,assumed_logic,payoff_potential
P022,1.0,50000000,Payoff,assumed_logic,payoff_potential
P023,0.0,50000000,Payoff,assumed_logic,payoff_potential
P024,0.0,50000000,Payoff,assumed_logic,payoff_potential
P025,0.0,50000000,Payoff,assumed_logic,payoff_potential
P026,0.0,50000000,Payoff,assumed_logic,payoff_potential
P027,0.0,50000000,Payoff,assumed_logic,payoff_potential
P028,0.0,50000000,Payoff,assumed_logic,payoff_potential
P029,0.0,50000000,Payoff,assumed_logic,payoff_potential
P030,0.0,50000000,Payoff,assumed_logic,payoff_potential
P031,1.0,50000000,Payoff,assumed_logic,payoff_potential
P032,1.0,50000000,Payoff,assumed_logic,payoff_potential
P033,0.0,50000000,Payoff,assumed_logic,payoff_potential
P034,1.0,50000000,Payoff,assumed_logic,payoff_potential
P035,0.0,50000000,Payoff,assumed_logic,payoff_potential
P036,0.0,50000000,Payoff,assumed_logic,payoff_potential
P037,0.0,50000000,Payoff,assumed_logic,payoff_potential
P038,0.0,50000000,Payoff,assumed_logic,payoff_potential
P039,0.0,50000000,Payoff,assumed_logic,payoff_potential
P040,0.0,50000000,Payoff,assumed_logic,payoff_potential
P041,1.0,50000000,Payoff,assumed_logic,payoff_potential
P042,1.0,50000000,Payoff,assumed_logic,payoff_potential
P043,1.0,50000000,Payoff,assumed_logic,payoff_potential
P044,1.0,50000000,Payoff,assumed_logic,payoff_potential
P045,0.0,50000000,Payoff,assumed_logic,payoff_potential
P046,0.0,50000000,Payoff,assumed_logic,payoff_potential
P047,0.0,50000000,Payoff,assumed_logic,payoff_potential
P048,0.0,50000000,Payoff,assumed_logic,payoff_potential
P049,0.0,50000000,Payoff,assumed_logic,payoff_potential
P050,0.0,50000000,Payoff,assumed_logic,payoff_potential
P051,1.0,50000000,Payoff,assumed_logic,payoff_potential
P052,1.0,50000000,Payoff,assumed_logic,payoff_potential
P053,1.0,50000000,Payoff,assumed_logic,payoff_potential
P054,0.0,50000000,Payoff,assumed_logic,payoff_potential
P055,0.0,50000000,Payoff,assumed_logic,payoff_potential
P056,0.0,50000000,Payoff,assumed_logic,payoff_potential
P057,0.0,50000000,Payoff,assumed_logic,payoff_potential
P058,0.0,50000000,Payoff,assumed_logic,payoff_potential
P059,0.0,50000000,Payoff,assumed_logic,payoff_potential
P060,0.0,50000000,Payoff,assumed_logic,payoff_potential
P061,1.0,50000000,Payoff,assumed_logic,payoff_potential
P062,1.0,50000000,Payoff,assumed_logic,payoff_potential
P063,0.0,50000000,Payoff,assumed_logic,payoff_potential
P064,1.0,50000000,Payoff,assumed_logic,payoff_potential
P065,1.0,50000000,Payoff,assumed_logic,payoff_potential
P066,0.0,50000000,Payoff,assumed_logic,payoff_potential
P067,0.0,50000000,Payoff,assumed_logic,payoff_potential
P068,0.0,50000000,Payoff,assumed_logic,payoff_potential
P069,0.0,50000000,Payoff,assumed_logic,payoff_potential
P070,0.0,50000000,Payoff,assumed_logic,payoff_potential
P071,1.0,50000000,Payoff,assumed_logic,payoff_potential
P072,1.0,50000000,Payoff,assumed_logic,payoff_potential
P073,1.0,50000000,Payoff,assumed_logic,payoff_potential
P074,0.0,50000000,Payoff,assumed_logic,payoff_potential
P075,1.0,50000000,Payoff,assumed_logic,payoff_potential
P076,0.0,50000000,Payoff,assumed_logic,payoff_potential
P077,0.0,50000000,Payoff,assumed_logic,payoff_potential
P078,0.0,50000000,Payoff,assumed_logic,payoff_potential
P079,0.0,50000000,Payoff,assumed_logic,payoff_potential
P080,0.0,50000000,Payoff,assumed_logic,payoff_potential
P081,1.0,50000000,Payoff,assumed_logic,payoff_potential
P082,1.0,50000000,Payoff,assumed_logic,payoff_potential
P083,0.0,50000000,Payoff,assumed_logic,payoff_potential
P084,0.0,50000000,Payoff,assumed_logic,payoff_potential
P085,0.0,50000000,Payoff,assumed_logic,payoff_potential
P086,0.0,50000000,Payoff,assumed_logic,payoff_potential
P087,0.0,50000000,Payoff,assumed_logic,payoff_potential
P088,0.0,50000000,Payoff,assumed_logic,payoff_potential
P089,0.0,50000000,Payoff,assumed_logic,payoff_potential
P090,0.0,50000000,Payoff,assumed_logic,payoff_potential
P091,1.0,50000000,Payoff,assumed_logic,payoff_potential
P092,1.0,50000000,Payoff,assumed_logic,payoff_potential
P093,1.0,50000000,Payoff,assumed_logic,payoff_potential
P094,1.0,50000000,Payoff,assumed_logic,payoff_potential
P095,1.0,50000000,Payoff,assumed_logic,payoff_potential
P096,0.0,50000000,Payoff,assumed_logic,payoff_potential
P097,0.0,50000000,Payoff,assumed_logic,payoff_potential
P098,0.0,50000000,Payoff,assumed_logic,payoff_potential
P099,0.0,50000000,Payoff,assumed_logic,payoff_potential
P100,0.0,50000000,Payoff,assumed_logic,payoff_potential
P001,0.0,50000000,Payoff,assumed_logic,payoff_risk
P002,0.0,50000000,Payoff,assumed_logic,payoff_risk
P003,0.0,50000000,Payoff,assumed_logic,payoff_risk
P004,0.0,50000000,Payoff,assumed_logic,payoff_risk
P005,0.0,50000000,Payoff,assumed_logic,payoff_risk
P006,0.0,50000000,Payoff,assumed_logic,payoff_risk
P007,0.0,50000000,Payoff,assumed_logic,payoff_risk
P008,0.0,50000000,Payoff,assumed_logic,payoff_risk
P009,0.0,50000000,Payoff,assumed_logic,payoff_risk
P010,0.0,50000000,Payoff,assumed_logic,payoff_risk
P011,0.0,50000000,Payoff,assumed_logic,payoff_risk
P012,0.0,50000000,Payoff,assumed_logic,payoff_risk
P013,0.0,50000000,Payoff,assumed_logic,payoff_risk
P014,0.0,50000000,Payoff,assumed_logic,payoff_risk
P015,0.0,50000000,Payoff,assumed_logic,payoff_risk
P016,0.0,50000000,Payoff,assumed_logic,payoff_risk
P017,0.0,50000000,Payoff,assumed_logic,payoff_risk
P018,0.0,50000000,Payoff,assumed_logic,payoff_risk
P019,0.0,50000000,Payoff,assumed_logic,payoff_risk
P020,0.0,50000000,Payoff,assumed_logic,payoff_risk
P021,0.0,50000000,Payoff,assumed_logic,payoff_risk
P022,0.0,50000000,Payoff,assumed_logic,payoff_risk
P023,0.0,50000000,Payoff,assumed_logic,payoff_risk
P024,0.0,50000000,Payoff,assumed_logic,payoff_risk
P025,0.0,50000000,Payoff,assumed_logic,payoff_risk
P026,0.0,50000000,Payoff,assumed_logic,payoff_risk
P027,0.0,50000000,Payoff,assumed_logic,payoff_risk
P028,0.0,50000000,Payoff,assumed_logic,payoff_risk
P029,0.0,50000000,Payoff,assumed_logic,payoff_risk
P030,0.0,50000000,Payoff,assumed_logic,payoff_risk
P031,0.0,50000000,Payoff,assumed_logic,payoff_risk
P032,0.0,50000000,Payoff,assumed_logic,payoff_risk
P033,0.0,50000000,Payoff,assumed_logic,payoff_risk
P034,0.0,50000000,Payoff,assumed_logic,payoff_risk
P035,0.0,50000000,Payoff,assumed_logic,payoff_risk
P036,0.0,50000000,Payoff,assumed_logic,payoff_risk
P037,0.0,50000000,Payoff,assumed_logic,payoff_risk
P038,0.0,50000000,Payoff,assumed_logic,payoff_risk
P039,0.0,50000000,Payoff,assumed_logic,payoff_risk
P040,0.0,50000000,Payoff,assumed_logic,payoff_risk
P041,0.0,50000000,Payoff,assumed_logic,payoff_risk
P042,0.0,50000000,Payoff,assumed_logic,payoff_risk
P043,0.0,50000000,Payoff,assumed_logic,payoff_risk
P044,0.0,50000000,Payoff,assumed_logic,payoff_risk
P045,0.0,50000000,Payoff,assumed_logic,payoff_risk
P046,0.0,50000000,Payoff,assumed_logic,payoff_risk
P047,0.0,50000000,Payoff,assumed_logic,payoff_risk
P048,0.0,50000000,Payoff,assumed_logic,payoff_risk
P049,0.0,50000000,Payoff,assumed_logic,payoff_risk
P050,0.0,50000000,Payoff,assumed_logic,payoff_risk
P051,0.0,50000000,Payoff,assumed_logic,payoff_risk
P052,0.0,50000000,Payoff,assumed_logic,payoff_risk
P053,0.0,50000000,Payoff,assumed_logic,payoff_risk
P054,0.0,50000000,Payoff,assumed_logic,payoff_risk
P055,0.0,50000000,Payoff,assumed_logic,payoff_risk
P056,0.0,50000000,Payoff,assumed_logic,payoff_risk
P057,0.0,50000000,Payoff,assumed_logic,payoff_risk
P058,0.0,50000000,Payoff,assumed_logic,payoff_risk
P059,0.0,50000000,Payoff,assumed_logic,payoff_risk
P060,0.0,50000000,Payoff,assumed_logic,payoff_risk
P061,0.0,50000000,Payoff,assumed_logic,payoff_risk
P062,0.0,50000000,Payoff,assumed_logic,payoff_risk
P063,0.0,50000000,Payoff,assumed_logic,payoff_risk
P064,0.0,50000000,Payoff,assumed_logic,payoff_risk
P065,0.0,50000000,Payoff,assumed_logic,payoff_risk
P066,0.0,50000000,Payoff,assumed_logic,payoff_risk
P067,0.0,50000000,Payoff,assumed_logic,payoff_risk
P068,0.0,50000000,Payoff,assumed_logic,payoff_risk
P069,0.0,50000000,Payoff,assumed_logic,payoff_risk
P070,0.0,50000000,Payoff,assumed_logic,payoff_risk
P071,0.0,50000000,Payoff,assumed_logic,payoff_risk
P072,0.0,50000000,Payoff,assumed_logic,payoff_risk
P073,0.0,50000000,Payoff,assumed_logic,payoff_risk
P074,0.0,50000000,Payoff,assumed_logic,payoff_risk
P075,0.0,50000000,Payoff,assumed_logic,payoff_risk
P076,0.0,50000000,Payoff,assumed_logic,payoff_risk
P077,0.0,50000000,Payoff,assumed_logic,payoff_risk
P078,0.0,50000000,Payoff,assumed_logic,payoff_risk
P079,0.0,50000000,Payoff,assumed_logic,payoff_risk
P080,0.0,50000000,Payoff,assumed_logic,payoff_risk
P081,0.0,50000000,Payoff,assumed_logic,payoff_risk
P082,0.0,50000000,Payoff,assumed_logic,payoff_risk
P083,0.0,50000000,Payoff,assumed_logic,payoff_risk
P084,0.0,50000000,Payoff,assumed_logic,payoff_risk
P085,0.0,50000000,Payoff,assumed_logic,payoff_risk
P086,0.0,50000000,Payoff,assumed_logic,payoff_risk
P087,0.0,50000000,Payoff,assumed_logic,payoff_risk
P088,0.0,50000000,Payoff,assumed_logic,payoff_risk
P089,0.0,50000000,Payoff,assumed_logic,payoff_risk
P090,0.0,50000000,Payoff,assumed_logic,payoff_risk
P091,0.0,50000000,Payoff,assumed_logic,payoff_risk
P092,0.0,50000000,Payoff,assumed_logic,payoff_risk
P093,0.0,50000000,Payoff,assumed_logic,payoff_risk
P094,0.0,50000000,Payoff,assumed_logic,payoff_risk
P095,0.0,50000000,Payoff,assumed_logic,payoff_risk
P096,0.0,50000000,Payoff,assumed_logic,payoff_risk
P097,0.0,50000000,Payoff,assumed_logic,payoff_risk
P098,0.0,50000000,Payoff,assumed_logic,payoff_risk
P099,0.0,50000000,Payoff,assumed_logic,payoff_risk
P100,0.0,50000000,Payoff,assumed_logic,payoff_risk
P001,1.0,50000000,Payoff,assumed_logic,payoff_strategic
P002,1.0,50000000,Payoff,assumed_logic,payoff_strategic
P003,0.0,50000000,Payoff,assumed_logic,payoff_strategic
P004,1.0,50000000,Payoff,assumed_logic,payoff_strategic
P005,1.0,50000000,Payoff,assumed_logic,payoff_strategic
P006,0.0,50000000,Payoff,assumed_logic,payoff_strategic
P007,0.0,50000000,Payoff,assumed_logic,payoff_strategic
P008,0.0,50000000,Payoff,assumed_logic,payoff_strategic
P009,0.0,50000000,Payoff,assumed_logic,payoff_strategic
P010,0.0,50000000,Payoff,assumed_logic,payoff_strategic
P011,0.0,50000000,Payoff,assumed_logic,payoff_strategic
P012,0.0,50000000,Payoff,assumed_logic,payoff_strategic
P013,0.0,50000000,Payoff,assumed_logic,payoff_strategic
P014,0.0,50000000,Payoff,assumed_logic,payoff_strategic
P015,0.0,50000000,Payoff,assumed_logic,payoff_strategic
P016,0.0,50000000,Payoff,assumed_logic,payoff_strategic
P017,0.0,50000000,Payoff,assumed_logic,payoff_strategic
P018,0.0,50000000,Payoff,assumed_logic,payoff_strategic
P019,0.0,50000000,Payoff,assumed_logic,payoff_strategic
P020,0.0,50000000,Payoff,assumed_logic,payoff_strategic
P021,1.0,50000000,Payoff,assumed_logic,payoff_strategic
P022,1.0,50000000,Payoff,assumed_logic,payoff_strategic
P023,0.0,50000000,Payoff,assumed_logic,payoff_strategic
P024,0.0,50000000,Payoff,assumed_logic,payoff_strategic
P025,1.0,50000000,Payoff,assumed_logic,payoff_strategic
P026,0.0,50000000,Payoff,assumed_logic,payoff_strategic
P027,0.0,50000000,Payoff,assumed_logic,payoff_strategic
P028,0.0,50000000,Payoff,assumed_logic,payoff_strategic
P029,0.0,50000000,Payoff,assumed_logic,payoff_strategic
P030,0.0,50000000,Payoff,assumed_logic,payoff_strategic
P031,1.0,50000000,Payoff,assumed_logic,payoff_strategic
P032,1.0,50000000,Payoff,assumed_logic,payoff_strategic
P033,1.0,50000000,Payoff,assumed_logic,payoff_strategic
P034,1.0,50000000,Payoff,assumed_logic,payoff_strategic
P035,1.0,50000000,Payoff,assumed_logic,payoff_strategic
P036,0.0,50000000,Payoff,assumed_logic,payoff_strategic
P037,0.0,50000000,Payoff,assumed_logic,payoff_strategic
P038,0.0,50000000,Payoff,assumed_logic,payoff_strategic
P039,0.0,50000000,Payoff,assumed_logic,payoff_strategic
P040,0.0,50000000,Payoff,assumed_logic,payoff_strategic
P041,1.0,50000000,Payoff,assumed_logic,payoff_strategic
P042,1.0,50000000,Payoff,assumed_logic,payoff_strategic
P043,1.0,50000000,Payoff,assumed_logic,payoff_strategic
P044,1.0,50000000,Payoff,assumed_logic,payoff_strategic
P045,0.0,50000000,Payoff,assumed_logic,payoff_strategic
P046,0.0,50000000,Payoff,assumed_logic,payoff_strategic
P047,0.0,50000000,Payoff,assumed_logic,payoff_strategic
P048,0.0,50000000,Payoff,assumed_logic,payoff_strategic
P049,0.0,50000000,Payoff,assumed_logic,payoff_strategic
P050,0.0,50000000,Payoff,assumed_logic,payoff_strategic
P051,1.0,50000000,Payoff,assumed_logic,payoff_strategic
P052,1.0,50000000,Payoff,assumed_logic,payoff_strategic
P053,1.0,50000000,Payoff,assumed_logic,payoff_strategic
P054,1.0,50000000,Payoff,assumed_logic,payoff_strategic
P055,1.0,50000000,Payoff,assumed_logic,payoff_strategic
P056,0.0,50000000,Payoff,assumed_logic,payoff_strategic
P057,0.0,50000000,Payoff,assumed_logic,payoff_strategic
P058,0.0,50000000,Payoff,assumed_logic,payoff_strategic
P059,0.0,50000000,Payoff,assumed_logic,payoff_strategic
P060,0.0,50000000,Payoff,assumed_logic,payoff_strategic
P061,1.0,50000000,Payoff,assumed_logic,payoff_strategic
P062,1.0,50000000,Payoff,assumed_logic,payoff_strategic
P063,0.0,50000000,Payoff,assumed_logic,payoff_strategic
P064,0.0,50000000,Payoff,assumed_logic,payoff_strategic
P065,0.0,50000000,Payoff,assumed_logic,payoff_strategic
P066,0.0,50000000,Payoff,assumed_logic,payoff_strategic
P067,0.0,50000000,Payoff,assumed_logic,payoff_strategic
P068,0.0,50000000,Payoff,assumed_logic,payoff_strategic
P069,0.0,50000000,Payoff,assumed_logic,payoff_strategic
P070,0.0,50000000,Payoff,assumed_logic,payoff_strategic
P071,0.0,50000000,Payoff,assumed_logic,payoff_strategic
P072,1.0,50000000,Payoff,assumed_logic,payoff_strategic
P073,0.0,50000000,Payoff,assumed_logic,payoff_strategic
P074,0.0,50000000,Payoff,assumed_logic,payoff_strategic
P075,0.0,50000000,Payoff,assumed_logic,payoff_strategic
P076,0.0,50000000,Payoff,assumed_logic,payoff_strategic
P077,0.0,50000000,Payoff,assumed_logic,payoff_strategic
P078,0.0,50000000,Payoff,assumed_logic,payoff_strategic
P079,0.0,50000000,Payoff,assumed_logic,payoff_strategic
P080,0.0,50000000,Payoff,assumed_logic,payoff_strategic
P081,1.0,50000000,Payoff,assumed_logic,payoff_strategic
P082,1.0,50000000,Payoff,assumed_logic,payoff_strategic
P083,1.0,50000000,Payoff,assumed_logic,payoff_strategic
P084,0.0,50000000,Payoff,assumed_logic,payoff_strategic
P085,1.0,50000000,Payoff,assumed_logic,payoff_strategic
P086,0.0,50000000,Payoff,assumed_logic,payoff_strategic
P087,0.0,50000000,Payoff,assumed_logic,payoff_strategic
P088,0.0,50000000,Payoff,assumed_logic,payoff_strategic
P089,0.0,50000000,Payoff,assumed_logic,payoff_strategic
P090,0.0,50000000,Payoff,assumed_logic,payoff_strategic
P091,0.0,50000000,Payoff,assumed_logic,payoff_strategic
P092,0.0,50000000,Payoff,assumed_logic,payoff_strategic
P093,0.0,50000000,Payoff,assumed_logic,payoff_strategic
P094,0.0,50000000,Payoff,assumed_logic,payoff_strategic
P095,0.0,50000000,Payoff,assumed_logic,payoff_strategic
P096,0.0,50000000,Payoff,assumed_logic,payoff_strategic
P097,0.0,50000000,Payoff,assumed_logic,payoff_strategic
P098,0.0,50000000,Payoff,assumed_logic,payoff_strategic
P099,0.0,50000000,Payoff,assumed_logic,payoff_strategic
P100,0.0,50000000,Payoff,assumed_logic,payoff_strategic
P001,1.0,75000000,Payoff,assumed_logic,payoff_potential
P002,1.0,75000000,Payoff,assumed_logic,payoff_potential
P003,1.0,75000000,Payoff,assumed_logic,payoff_potential
P004,0.0,75000000,Payoff,assumed_logic,payoff_potential
P005,0.0,75000000,Payoff,assumed_logic,payoff_potential
P006,0.0,75000000,Payoff,assumed_logic,payoff_potential
P007,0.0,75000000,Payoff,assumed_logic,payoff_potential
P008,0.0,75000000,Payoff,assumed_logic,payoff_potential
P009,0.0,75000000,Payoff,assumed_logic,payoff_potential
P010,0.0,75000000,Payoff,assumed_logic,payoff_potential
P011,1.0,75000000,Payoff,assumed_logic,payoff_potential
P012,1.0,75000000,Payoff,assumed_logic,payoff_potential
P013,1.0,75000000,Payoff,assumed_logic,payoff_potential
P014,1.0,75000000,Payoff,assumed_logic,payoff_potential
P015,1.0,75000000,Payoff,assumed_logic,payoff_potential
P016,0.0,75000000,Payoff,assumed_logic,payoff_potential
P017,0.0,75000000,Payoff,assumed_logic,payoff_potential
P018,0.0,75000000,Payoff,assumed_logic,payoff_potential
P019,0.0,75000000,Payoff,assumed_logic,payoff_potential
P020,0.0,75000000,Payoff,assumed_logic,payoff_potential
P021,1.0,75000000,Payoff,assumed_logic,payoff_potential
P022,1.0,75000000,Payoff,assumed_logic,payoff_potential
P023,0.0,75000000,Payoff,assumed_logic,payoff_potential
P024,0.0,75000000,Payoff,assumed_logic,payoff_potential
P025,0.0,75000000,Payoff,assumed_logic,payoff_potential
P026,0.0,75000000,Payoff,assumed_logic,payoff_potential
P027,0.0,75000000,Payoff,assumed_logic,payoff_potential
P028,0.0,75000000,Payoff,assumed_logic,payoff_potential
P029,0.0,75000000,Payoff,assumed_logic,payoff_potential
P030,0.0,75000000,Payoff,assumed_logic,payoff_potential
P031,1.0,75000000,Payoff,assumed_logic,payoff_potential
P032,1.0,75000000,Payoff,assumed_logic,payoff_potential
P033,1.0,75000000,Payoff,assumed_logic,payoff_potential
P034,1.0,75000000,Payoff,assumed_logic,payoff_potential
P035,0.0,75000000,Payoff,assumed_logic,payoff_potential
P036,0.0,75000000,Payoff,assumed_logic,payoff_potential
P037,0.0,75000000,Payoff,assumed_logic,payoff_potential
P038,0.0,75000000,Payoff,assumed_logic,payoff_potential
P039,0.0,75000000,Payoff,assumed_logic,payoff_potential
P040,0.0,75000000,Payoff,assumed_logic,payoff_potential
P041,1.0,75000000,Payoff,assumed_logic,payoff_potential
P042,1.0,75000000,Payoff,assumed_logic,payoff_potential
P043,1.0,75000000,Payoff,assumed_logic,payoff_potential
P044,1.0,75000000,Payoff,assumed_logic,payoff_potential
P045,1.0,75000000,Payoff,assumed_logic,payoff_potential
P046,0.0,75000000,Payoff,assumed_logic,payoff_potential
P047,0.0,75000000,Payoff,assumed_logic,payoff_potential
P048,0.0,75000000,Payoff,assumed_logic,payoff_potential
P049,0.0,75000000,Payoff,assumed_logic,payoff_potential
P050,0.0,75000000,Payoff,assumed_logic,payoff_potential
P051,1.0,75000000,Payoff,assumed_logic,payoff_potential
P052,1.0,75000000,Payoff,assumed_logic,payoff_potential
P053,1.0,75000000,Payoff,assumed_logic,payoff_potential
P054,0.0,75000000,Payoff,assumed_logic,payoff_potential
P055,1.0,75000000,Payoff,assumed_logic,payoff_potential
P056,0.0,75000000,Payoff,assumed_logic,payoff_potential
P057,0.0,75000000,Payoff,assumed_logic,payoff_potential
P058,0.0,75000000,Payoff,assumed_logic,payoff_potential
P059,0.0,75000000,Payoff,assumed_logic,payoff_potential
P060,0.0,75000000,Payoff,assumed_logic,payoff_potential
P061,1.0,75000000,Payoff,assumed_logic,payoff_potential
P062,1.0,75000000,Payoff,assumed_logic,payoff_potential
P063,0.0,75000000,Payoff,assumed_logic,payoff_potential
P064,1.0,75000000,Payoff,assumed_logic,payoff_potential
P065,1.0,75000000,Payoff,assumed_logic,payoff_potential
P066,0.0,75000000,Payoff,assumed_logic,payoff_potential
P067,0.0,75000000,Payoff,assumed_logic,payoff_potential
P068,0.0,75000000,Payoff,assumed_logic,payoff_potential
P069,0.0,75000000,Payoff,assumed_logic,payoff_potential
P070,0.0,75000000,Payoff,assumed_logic,payoff_potential
P071,1.0,75000000,Payoff,assumed_logic,payoff_potential
P072,1.0,75000000,Payoff,assumed_logic,payoff_potential
P073,1.0,75000000,Payoff,assumed_logic,payoff_potential
P074,1.0,75000000,Payoff,assumed_logic,payoff_potential
P075,1.0,75000000,Payoff,assumed_logic,payoff_potential
P076,0.0,75000000,Payoff,assumed_logic,payoff_potential
P077,0.0,75000000,Payoff,assumed_logic,payoff_potential
P078,0.0,75000000,Payoff,assumed_logic,payoff_potential
P079,0.0,75000000,Payoff,assumed_logic,payoff_potential
P080,0.0,75000000,Payoff,assumed_logic,payoff_potential
P081,1.0,75000000,Payoff,assumed_logic,payoff_potential
P082,1.0,75000000,Payoff,assumed_logic,payoff_potential
P083,0.0,75000000,Payoff,assumed_logic,payoff_potential
P084,0.0,75000000,Payoff,assumed_logic,payoff_potential
P085,1.0,75000000,Payoff,assumed_logic,payoff_potential
P086,0.0,75000000,Payoff,assumed_logic,payoff_potential
P087,0.0,75000000,Payoff,assumed_logic,payoff_potential
P088,0.0,75000000,Payoff,assumed_logic,payoff_potential
P089,0.0,75000000,Payoff,assumed_logic,payoff_potential
P090,0.0,75000000,Payoff,assumed_logic,payoff_potential
P091,1.0,75000000,Payoff,assumed_logic,payoff_potential
P092,1.0,75000000,Payoff,assumed_logic,payoff_potential
P093,1.0,75000000,Payoff,assumed_logic,payoff_potential
P094,1.0,75000000,Payoff,assumed_logic,payoff_potential
P095,1.0,75000000,Payoff,assumed_logic,payoff_potential
P096,0.0,75000000,Payoff,assumed_logic,payoff_potential
P097,0.0,75000000,Payoff,assumed_logic,payoff_potential
P098,0.0,75000000,Payoff,assumed_logic,payoff_potential
P099,0.0,75000000,Payoff,assumed_logic,payoff_potential
P100,0.0,75000000,Payoff,assumed_logic,payoff_potential
P001,0.0,75000000,Payoff,assumed_logic,payoff_risk
P002,0.0,75000000,Payoff,assumed_logic,payoff_risk
P003,0.0,75000000,Payoff,assumed_logic,payoff_risk
P004,0.0,75000000,Payoff,assumed_logic,payoff_risk
P005,0.0,75000000,Payoff,assumed_logic,payoff_risk
P006,0.0,75000000,Payoff,assumed_logic,payoff_risk
P007,0.0,75000000,Payoff,assumed_logic,payoff_risk
P008,0.0,75000000,Payoff,assumed_logic,payoff_risk
P009,0.0,75000000,Payoff,assumed_logic,payoff_risk
P010,0.0,75000000,Payoff,assumed_logic,payoff_risk
P011,0.0,75000000,Payoff,assumed_logic,payoff_risk
P012,0.0,75000000,Payoff,assumed_logic,payoff_risk
P013,0.0,75000000,Payoff,assumed_logic,payoff_risk
P014,0.0,75000000,Payoff,assumed_logic,payoff_risk
P015,0.0,75000000,Payoff,assumed_logic,payoff_risk
P016,0.0,75000000,Payoff,assumed_logic,payoff_risk
P017,0.0,75000000,Payoff,assumed_logic,payoff_risk
P018,0.0,75000000,Payoff,assumed_logic,payoff_risk
P019,0.0,75000000,Payoff,assumed_logic,payoff_risk
P020,0.0,75000000,Payoff,assumed_logic,payoff_risk
P021,0.0,75000000,Payoff,assumed_logic,payoff_risk
P022,0.0,75000000,Payoff,assumed_logic,payoff_risk
P023,0.0,75000000,Payoff,assumed_logic,payoff_risk
P024,0.0,75000000,Payoff,assumed_logic,payoff_risk
P025,0.0,75000000,Payoff,assumed_logic,payoff_risk
P026,0.0,75000000,Payoff,assumed_logic,payoff_risk
P027,0.0,75000000,Payoff,assumed_logic,payoff_risk
P028,0.0,75000000,Payoff,assumed_logic,payoff_risk
P029,0.0,75000000,Payoff,assumed_logic,payoff_risk
P030,0.0,75000000,Payoff,assumed_logic,payoff_risk
P031,0.0,75000000,Payoff,assumed_logic,payoff_risk
P032,0.0,75000000,Payoff,assumed_logic,payoff_risk
P033,0.0,75000000,Payoff,assumed_logic,payoff_risk
P034,0.0,75000000,Payoff,assumed_logic,payoff_risk
P035,0.0,75000000,Payoff,assumed_logic,payoff_risk
P036,0.0,75000000,Payoff,assumed_logic,payoff_risk
P037,0.0,75000000,Payoff,assumed_logic,payoff_risk
P038,0.0,75000000,Payoff,assumed_logic,payoff_risk
P039,0.0,75000000,Payoff,assumed_logic,payoff_risk
P040,0.0,75000000,Payoff,assumed_logic,payoff_risk
P041,0.0,75000000,Payoff,assumed_logic,payoff_risk
P042,0.0,75000000,Payoff,assumed_logic,payoff_risk
P043,0.0,75000000,Payoff,assumed_logic,payoff_risk
P044,0.0,75000000,Payoff,assumed_logic,payoff_risk
P045,0.0,75000000,Payoff,assumed_logic,payoff_risk
P046,0.0,75000000,Payoff,assumed_logic,payoff_risk
P047,0.0,75000000,Payoff,assumed_logic,payoff_risk
P048,0.0,75000000,Payoff,assumed_logic,payoff_risk
P049,0.0,75000000,Payoff,assumed_logic,payoff_risk
P050,0.0,75000000,Payoff,assumed_logic,payoff_risk
P051,0.0,75000000,Payoff,assumed_logic,payoff_risk
P052,0.0,75000000,Payoff,assumed_logic,payoff_risk
P053,0.0,75000000,Payoff,assumed_logic,payoff_risk
P054,0.0,75000000,Payoff,assumed_logic,payoff_risk
P055,0.0,75000000,Payoff,assumed_logic,payoff_risk
P056,0.0,75000000,Payoff,assumed_logic,payoff_risk
P057,0.0,75000000,Payoff,assumed_logic,payoff_risk
P058,0.0,75000000,Payoff,assumed_logic,payoff_risk
P059,0.0,75000000,Payoff,assumed_logic,payoff_risk
P060,0.0,75000000,Payoff,assumed_logic,payoff_risk
P061,0.0,75000000,Payoff,assumed_logic,payoff_risk
P062,0.0,75000000,Payoff,assumed_logic,payoff_risk
P063,0.0,75000000,Payoff,assumed_logic,payoff_risk
P064,0.0,75000000,Payoff,assumed_logic,payoff_risk
P065,0.0,75000000,Payoff,assumed_logic,payoff_risk
P066,0.0,75000000,Payoff,assumed_logic,payoff_risk
P067,0.0,75000000,Payoff,assumed_logic,payoff_risk
P068,0.0,75000000,Payoff,assumed_logic,payoff_risk
P069,0.0,75000000,Payoff,assumed_logic,payoff_risk
P070,0.0,75000000,Payoff,assumed_logic,payoff_risk
P071,0.0,75000000,Payoff,assumed_logic,payoff_risk
P072,0.0,75000000,Payoff,assumed_logic,payoff_risk
P073,0.0,75000000,Payoff,assumed_logic,payoff_risk
P074,0.0,75000000,Payoff,assumed_logic,payoff_risk
P075,0.0,75000000,Payoff,assumed_logic,payoff_risk
P076,0.0,75000000,Payoff,assumed_logic,payoff_risk
P077,0.0,75000000,Payoff,assumed_logic,payoff_risk
P078,0.0,75000000,Payoff,assumed_logic,payoff_risk
P079,0.0,75000000,Payoff,assumed_logic,payoff_risk
P080,0.0,75000000,Payoff,assumed_logic,payoff_risk
P081,0.0,75000000,Payoff,assumed_logic,payoff_risk
P082,0.0,75000000,Payoff,assumed_logic,payoff_risk
P083,0.0,75000000,Payoff,assumed_logic,payoff_risk
P084,0.0,75000000,Payoff,assumed_logic,payoff_risk
P085,0.0,75000000,Payoff,assumed_logic,payoff_risk
P086,0.0,75000000,Payoff,assumed_logic,payoff_risk
P087,0.0,75000000,Payoff,assumed_logic,payoff_risk
P088,0.0,75000000,Payoff,assumed_logic,payoff_risk
P089,0.0,75000000,Payoff,assumed_logic,payoff_risk
P090,0.0,75000000,Payoff,assumed_logic,payoff_risk
P091,0.0,75000000,Payoff,assumed_logic,payoff_risk
P092,0.0,75000000,Payoff,assumed_logic,payoff_risk
P093,0.0,75000000,Payoff,assumed_logic,payoff_risk
P094,0.0,75000000,Payoff,assumed_logic,payoff_risk
P095,0.0,75000000,Payoff,assumed_logic,payoff_risk
P096,0.0,75000000,Payoff,assumed_logic,payoff_risk
P097,0.0,75000000,Payoff,assumed_logic,payoff_risk
P098,0.0,75000000,Payoff,assumed_logic,payoff_risk
P099,0.0,75000000,Payoff,assumed_logic,payoff_risk
P100,0.0,75000000,Payoff,assumed_logic,payoff_risk
P001,1.0,75000000,Payoff,assumed_logic,payoff_strategic
P002,1.0,75000000,Payoff,assumed_logic,payoff_strategic
P003,0.0,75000000,Payoff,assumed_logic,payoff_strategic
P004,1.0,75000000,Payoff,assumed_logic,payoff_strategic
P005,1.0,75000000,Payoff,assumed_logic,payoff_strategic
P006,0.0,75000000,Payoff,assumed_logic,payoff_strategic
P007,0.0,75000000,Payoff,assumed_logic,payoff_strategic
P008,0.0,75000000,Payoff,assumed_logic,payoff_strategic
P009,0.0,75000000,Payoff,assumed_logic,payoff_strategic
P010,0.0,75000000,Payoff,assumed_logic,payoff_strategic
P011,0.0,75000000,Payoff,assumed_logic,payoff_strategic
P012,0.0,75000000,Payoff,assumed_logic,payoff_strategic
P013,0.0,75000000,Payoff,assumed_logic,payoff_strategic
P014,0.0,75000000,Payoff,assumed_logic,payoff_strategic
P015,0.0,75000000,Payoff,assumed_logic,payoff_strategic
P016,0.0,75000000,Payoff,assumed_logic,payoff_strategic
P017,0.0,75000000,Payoff,assumed_logic,payoff_strategic
P018,0.0,75000000,Payoff,assumed_logic,payoff_strategic
P019,0.0,75000000,Payoff,assumed_logic,payoff_strategic
P020,0.0,75000000,Payoff,assumed_logic,payoff_strategic
P021,1.0,75000000,Payoff,assumed_logic,payoff_strategic
P022,1.0,75000000,Payoff,assumed_logic,payoff_strategic
P023,1.0,75000000,Payoff,assumed_logic,payoff_strategic
P024,1.0,75000000,Payoff,assumed_logic,payoff_strategic
P025,1.0,75000000,Payoff,assumed_logic,payoff_strategic
P026,0.0,75000000,Payoff,assumed_logic,payoff_strategic
P027,0.0,75000000,Payoff,assumed_logic,payoff_strategic
P028,0.0,75000000,Payoff,assumed_logic,payoff_strategic
P029,0.0,75000000,Payoff,assumed_logic,payoff_strategic
P030,0.0,75000000,Payoff,assumed_logic,payoff_strategic
P031,1.0,75000000,Payoff,assumed_logic,payoff_strategic
P032,1.0,75000000,Payoff,assumed_logic,payoff_strategic
P033,1.0,75000000,Payoff,assumed_logic,payoff_strategic
P034,1.0,75000000,Payoff,assumed_logic,payoff_strategic
P035,1.0,75000000,Payoff,assumed_logic,payoff_strategic
P036,0.0,75000000,Payoff,assumed_logic,payoff_strategic
P037,0.0,75000000,Payoff,assumed_logic,payoff_strategic
P038,0.0,75000000,Payoff,assumed_logic,payoff_strategic
P039,0.0,75000000,Payoff,assumed_logic,payoff_strategic
P040,0.0,75000000,Payoff,assumed_logic,payoff_strategic
P041,1.0,75000000,Payoff,assumed_logic,payoff_strategic
P042,1.0,75000000,Payoff,assumed_logic,payoff_strategic
P043,1.0,75000000,Payoff,assumed_logic,payoff_strategic
P044,1.0,75000000,Payoff,assumed_logic,payoff_strategic
P045,1.0,75000000,Payoff,assumed_logic,payoff_strategic
P046,0.0,75000000,Payoff,assumed_logic,payoff_strategic
P047,0.0,75000000,Payoff,assumed_logic,payoff_strategic
P048,0.0,75000000,Payoff,assumed_logic,payoff_strategic
P049,0.0,75000000,Payoff,assumed_logic,payoff_strategic
P050,0.0,75000000,Payoff,assumed_logic,payoff_strategic
P051,1.0,75000000,Payoff,assumed_logic,payoff_strategic
P052,1.0,75000000,Payoff,assumed_logic,payoff_strategic
P053,1.0,75000000,Payoff,assumed_logic,payoff_strategic
P054,1.0,75000000,Payoff,assumed_logic,payoff_strategic
P055,1.0,75000000,Payoff,assumed_logic,payoff_strategic
P056,0.0,75000000,Payoff,assumed_logic,payoff_strategic
P057,1.0,75000000,Payoff,assumed_logic,payoff_strategic
P058,0.0,75000000,Payoff,assumed_logic,payoff_strategic
P059,0.0,75000000,Payoff,assumed_logic,payoff_strategic
P060,0.0,75000000,Payoff,assumed_logic,payoff_strategic
P061,1.0,75000000,Payoff,assumed_logic,payoff_strategic
P062,1.0,75000000,Payoff,assumed_logic,payoff_strategic
P063,0.0,75000000,Payoff,assumed_logic,payoff_strategic
P064,0.0,75000000,Payoff,assumed_logic,payoff_strategic
P065,0.0,75000000,Payoff,assumed_logic,payoff_strategic
P066,0.0,75000000,Payoff,assumed_logic,payoff_strategic
P067,0.0,75000000,Payoff,assumed_logic,payoff_strategic
P068,0.0,75000000,Payoff,assumed_logic,payoff_strategic
P069,0.0,75000000,Payoff,assumed_logic,payoff_strategic
P070,0.0,75000000,Payoff,assumed_logic,payoff_strategic
P071,0.0,75000000,Payoff,assumed_logic,payoff_strategic
P072,1.0,75000000,Payoff,assumed_logic,payoff_strategic
P073,0.0,75000000,Payoff,assumed_logic,payoff_strategic
P074,0.0,75000000,Payoff,assumed_logic,payoff_strategic
P075,0.0,75000000,Payoff,assumed_logic,payoff_strategic
P076,0.0,75000000,Payoff,assumed_logic,payoff_strategic
P077,0.0,75000000,Payoff,assumed_logic,payoff_strategic
P078,0.0,75000000,Payoff,assumed_logic,payoff_strategic
P079,0.0,75000000,Payoff,assumed_logic,payoff_strategic
P080,0.0,75000000,Payoff,assumed_logic,payoff_strategic
P081,1.0,75000000,Payoff,assumed_logic,payoff_strategic
P082,1.0,75000000,Payoff,assumed_logic,payoff_strategic
P083,1.0,75000000,Payoff,assumed_logic,payoff_strategic
P084,1.0,75000000,Payoff,assumed_logic,payoff_strategic
P085,1.0,75000000,Payoff,assumed_logic,payoff_strategic
P086,0.0,75000000,Payoff,assumed_logic,payoff_strategic
P087,0.0,75000000,Payoff,assumed_logic,payoff_strategic
P088,0.0,75000000,Payoff,assumed_logic,payoff_strategic
P089,0.0,75000000,Payoff,assumed_logic,payoff_strategic
P090,0.0,75000000,Payoff,assumed_logic,payoff_strategic
P091,0.0,75000000,Payoff,assumed_logic,payoff_strategic
P092,0.0,75000000,Payoff,assumed_logic,payoff_strategic
P093,0.0,75000000,Payoff,assumed_logic,payoff_strategic
P094,0.0,75000000,Payoff,assumed_logic,payoff_strategic
P095,0.0,75000000,Payoff,assumed_logic,payoff_strategic
P096,0.0,75000000,Payoff,assumed_logic,payoff_strategic
P097,0.0,75000000,Payoff,assumed_logic,payoff_strategic
P098,0.0,75000000,Payoff,assumed_logic,payoff_strategic
P099,0.0,75000000,Payoff,assumed_logic,payoff_strategic
P100,0.0,75000000,Payoff,assumed_logic,payoff_strategic
