,risk_score,risk_score,risk_score,strategic_score,strategic_score,strategic_score
,min,mean,max,min,mean,max
sector,,,,,,
advertising,41.666667,70.0000001,100.0,25.0,25.0,25.0
biotech,41.666667,79.9999999,100.0,0.0,0.0,0.0
ecommerce,25.0,75.4166667,100.0,50.0,50.0,50.0
enterprise,12.5,72.5000001,100.0,100.0,100.0,100.0
games_video,25.0,86.6666667,100.0,25.0,25.0,25.0
hardware,12.5,67.5,100.0,50.0,50.0,50.0
medical,12.5,57.9166666,100.0,0.0,0.0,0.0
mobile,37.5,78.75,100.0,75.0,75.0,75.0
software,41.666667,71.6666666,100.0,100.0,100.0,100.0
web,41.666667,81.25,100.0,75.0,75.0,75.0
