budget,model,logical_scenario,priority,target_policy,sector,projects_selected,total_investment,project_share,investment_share
25000000,IP,baseline,single_objective,recalibrated,advertising,2,2788352.0,0.08333333333333333,0.11185034804412958
25000000,IP,baseline,single_objective,recalibrated,biotech,3,4084128.0,0.125,0.1638283610737722
25000000,IP,baseline,single_objective,recalibrated,ecommerce,3,3194171.0,0.125,0.12812913795046874
25000000,IP,baseline,single_objective,recalibrated,enterprise,1,670086.0,0.041666666666666664,0.02687944431675004
25000000,IP,baseline,single_objective,recalibrated,games_video,2,240000.0,0.08333333333333333,0.009627221932737007
25000000,IP,baseline,single_objective,recalibrated,hardware,2,172000.0,0.08333333333333333,0.006899509051794855
25000000,IP,baseline,single_objective,recalibrated,medical,3,4591916.0,0.125,0.18419747678535828
25000000,IP,baseline,single_objective,recalibrated,mobile,3,4135759.0,0.125,0.16589945730547698
25000000,IP,baseline,single_objective,recalibrated,software,3,4223208.0,0.125,0.1694073361837933
25000000,IP,baseline,single_objective,recalibrated,web,2,829690.0,0.08333333333333333,0.03328170735571903
50000000,IP,baseline,single_objective,recalibrated,advertising,3,4288352.0,0.08823529411764706,0.08579992882871862
50000000,IP,baseline,single_objective,recalibrated,biotech,3,4084128.0,0.08823529411764706,0.081713882565465
50000000,IP,baseline,single_objective,recalibrated,ecommerce,4,4994171.0,0.11764705882352941,0.09992172199447492
50000000,IP,baseline,single_objective,recalibrated,enterprise,3,4004486.0,0.08823529411764706,0.08012043176390374
50000000,IP,baseline,single_objective,recalibrated,games_video,4,5390000.0,0.11764705882352941,0.10784133774158311
50000000,IP,baseline,single_objective,recalibrated,hardware,2,172000.0,0.058823529411764705,0.00344131912644755
50000000,IP,baseline,single_objective,recalibrated,medical,5,9239040.0,0.14705882352941177,0.18485165733729053
50000000,IP,baseline,single_objective,recalibrated,mobile,4,8135759.0,0.11764705882352941,0.16277757590039413
50000000,IP,baseline,single_objective,recalibrated,software,4,8843208.0,0.11764705882352941,0.17693198156717432
50000000,IP,baseline,single_objective,recalibrated,web,2,829690.0,0.058823529411764705,0.016600163174548068
75000000,IP,baseline,single_objective,recalibrated,advertising,5,14696009.0,0.125,0.19597476925071874
75000000,IP,baseline,single_objective,recalibrated,biotech,4,7884128.0,0.1,0.10513671878828672
75000000,IP,baseline,single_objective,recalibrated,ecommerce,4,4994171.0,0.1,0.0665984560382095
75000000,IP,baseline,single_objective,recalibrated,enterprise,4,9504486.0,0.1,0.12674457743573012
75000000,IP,baseline,single_objective,recalibrated,games_video,4,5390000.0,0.1,0.0718769297338736
75000000,IP,baseline,single_objective,recalibrated,hardware,3,2172800.0,0.075,0.028974803882330345
75000000,IP,baseline,single_objective,recalibrated,medical,5,9239040.0,0.125,0.12320479200156727
75000000,IP,baseline,single_objective,recalibrated,mobile,4,8135759.0,0.1,0.10849227791738957
75000000,IP,baseline,single_objective,recalibrated,software,4,8843208.0,0.1,0.1179262783001909
75000000,IP,baseline,single_objective,recalibrated,web,3,4129690.0,0.075,0.05507039665170324
25000000,IP,assumed_logic,single_objective,recalibrated,advertising,2,2788352.0,0.08333333333333333,0.11185034804412958
25000000,IP,assumed_logic,single_objective,recalibrated,biotech,3,4084128.0,0.125,0.1638283610737722
25000000,IP,assumed_logic,single_objective,recalibrated,ecommerce,3,3194171.0,0.125,0.12812913795046874
25000000,IP,assumed_logic,single_objective,recalibrated,enterprise,1,670086.0,0.041666666666666664,0.02687944431675004
25000000,IP,assumed_logic,single_objective,recalibrated,games_video,2,240000.0,0.08333333333333333,0.009627221932737007
25000000,IP,assumed_logic,single_objective,recalibrated,hardware,2,172000.0,0.08333333333333333,0.006899509051794855
25000000,IP,assumed_logic,single_objective,recalibrated,medical,3,4591916.0,0.125,0.18419747678535828
25000000,IP,assumed_logic,single_objective,recalibrated,mobile,3,4135759.0,0.125,0.16589945730547698
25000000,IP,assumed_logic,single_objective,recalibrated,software,3,4223208.0,0.125,0.1694073361837933
25000000,IP,assumed_logic,single_objective,recalibrated,web,2,829690.0,0.08333333333333333,0.03328170735571903
50000000,IP,assumed_logic,single_objective,recalibrated,advertising,4,9288352.0,0.12121212121212122,0.18604076549909412
50000000,IP,assumed_logic,single_objective,recalibrated,biotech,3,4084128.0,0.09090909090909091,0.08180291826970859
50000000,IP,assumed_logic,single_objective,recalibrated,ecommerce,4,4994171.0,0.12121212121212122,0.10003059701800453
50000000,IP,assumed_logic,single_objective,recalibrated,enterprise,3,7570086.0,0.09090909090909091,0.15162480861340907
50000000,IP,assumed_logic,single_objective,recalibrated,games_video,4,5390000.0,0.12121212121212122,0.10795884200341646
50000000,IP,assumed_logic,single_objective,recalibrated,hardware,2,172000.0,0.06060606060606061,0.0034450687986247925
50000000,IP,assumed_logic,single_objective,recalibrated,medical,5,9239040.0,0.15151515151515152,0.1850530722863163
50000000,IP,assumed_logic,single_objective,recalibrated,mobile,3,4135759.0,0.09090909090909091,0.08283705982285856
50000000,IP,assumed_logic,single_objective,recalibrated,software,3,4223208.0,0.09090909090909091,0.0845886169238524
50000000,IP,assumed_logic,single_objective,recalibrated,web,2,829690.0,0.06060606060606061,0.01661825076471514
75000000,IP,assumed_logic,single_objective,recalibrated,advertising,5,14696009.0,0.125,0.19702572316983144
75000000,IP,assumed_logic,single_objective,recalibrated,biotech,5,11904128.0,0.125,0.15959567171646663
75000000,IP,assumed_logic,single_objective,recalibrated,ecommerce,5,8494171.0,0.125,0.11387922966046159
75000000,IP,assumed_logic,single_objective,recalibrated,enterprise,4,9504486.0,0.1,0.1274242705967
75000000,IP,assumed_logic,single_objective,recalibrated,games_video,4,5390000.0,0.1,0.07226238415377886
75000000,IP,assumed_logic,single_objective,recalibrated,hardware,3,2172800.0,0.075,0.029130187066666178
75000000,IP,assumed_logic,single_objective,recalibrated,medical,5,9239040.0,0.125,0.12386550235475492
75000000,IP,assumed_logic,single_objective,recalibrated,mobile,4,8135759.0,0.1,0.10907408946949235
75000000,IP,assumed_logic,single_objective,recalibrated,software,3,4223208.0,0.075,0.05661949514977961
75000000,IP,assumed_logic,single_objective,recalibrated,web,2,829690.0,0.05,0.01112344666206842
25000000,GP,baseline,balanced,recalibrated,advertising,1,2288352.0,0.05555555555555555,0.09214656346389435
25000000,GP,baseline,balanced,recalibrated,biotech,0,0.0,0.0,0.0
25000000,GP,baseline,balanced,recalibrated,ecommerce,2,2344171.0,0.1111111111111111,0.09439426356684666
25000000,GP,baseline,balanced,recalibrated,enterprise,3,4004486.0,0.16666666666666666,0.16125125126697135
25000000,GP,baseline,balanced,recalibrated,games_video,0,0.0,0.0,0.0
25000000,GP,baseline,balanced,recalibrated,hardware,2,172000.0,0.1111111111111111,0.006926036254819988
25000000,GP,baseline,balanced,recalibrated,medical,2,3216163.0,0.1111111111111111,0.12950733453145707
25000000,GP,baseline,balanced,recalibrated,mobile,2,3135759.0,0.1111111111111111,0.1262696541882446
25000000,GP,baseline,balanced,recalibrated,software,4,8843208.0,0.2222222222222222,0.35609522800531485
25000000,GP,baseline,balanced,recalibrated,web,2,829690.0,0.1111111111111111,0.03340966872245114
25000000,GP,baseline,potential_focused,recalibrated,advertising,2,2788352.0,0.08333333333333333,0.11185034804412958
25000000,GP,baseline,potential_focused,recalibrated,biotech,3,4084128.0,0.125,0.1638283610737722
25000000,GP,baseline,potential_focused,recalibrated,ecommerce,3,3194171.0,0.125,0.12812913795046874
25000000,GP,baseline,potential_focused,recalibrated,enterprise,1,670086.0,0.041666666666666664,0.02687944431675004
25000000,GP,baseline,potential_focused,recalibrated,games_video,2,240000.0,0.08333333333333333,0.009627221932737007
25000000,GP,baseline,potential_focused,recalibrated,hardware,2,172000.0,0.08333333333333333,0.006899509051794855
25000000,GP,baseline,potential_focused,recalibrated,medical,3,4591916.0,0.125,0.18419747678535828
25000000,GP,baseline,potential_focused,recalibrated,mobile,3,4135759.0,0.125,0.16589945730547698
25000000,GP,baseline,potential_focused,recalibrated,software,3,4223208.0,0.125,0.1694073361837933
25000000,GP,baseline,potential_focused,recalibrated,web,2,829690.0,0.08333333333333333,0.03328170735571903
25000000,GP,baseline,risk_focused,recalibrated,advertising,0,0.0,0.0,0.0
25000000,GP,baseline,risk_focused,recalibrated,biotech,0,0.0,0.0,0.0
25000000,GP,baseline,risk_focused,recalibrated,ecommerce,1,2204171.0,0.14285714285714285,0.09313924237949599
25000000,GP,baseline,risk_focused,recalibrated,enterprise,1,5500000.0,0.14285714285714285,0.23240748248989207
25000000,GP,baseline,risk_focused,recalibrated,games_video,0,0.0,0.0,0.0
25000000,GP,baseline,risk_focused,recalibrated,hardware,0,0.0,0.0,0.0
25000000,GP,baseline,risk_focused,recalibrated,medical,1,1416163.0,0.14285714285714285,0.059841250477333276
25000000,GP,baseline,risk_focused,recalibrated,mobile,1,600000.0,0.14285714285714285,0.02535354354435186
25000000,GP,baseline,risk_focused,recalibrated,software,3,13944997.0,0.42857142857142855,0.5892584811089268
25000000,GP,baseline,risk_focused,recalibrated,web,0,0.0,0.0,0.0
25000000,GP,baseline,strategy_focused,recalibrated,advertising,0,0.0,0.0,0.0
25000000,GP,baseline,strategy_focused,recalibrated,biotech,0,0.0,0.0,0.0
25000000,GP,baseline,strategy_focused,recalibrated,ecommerce,4,4994171.0,0.19047619047619047,0.2027227238181749
25000000,GP,baseline,strategy_focused,recalibrated,enterprise,3,4004486.0,0.14285714285714285,0.16254956216191796
25000000,GP,baseline,strategy_focused,recalibrated,games_video,2,240000.0,0.09523809523809523,0.009742048022857443
25000000,GP,baseline,strategy_focused,recalibrated,hardware,2,172000.0,0.09523809523809523,0.0069818010830478335
25000000,GP,baseline,strategy_focused,recalibrated,medical,1,1416163.0,0.047619047619047616,0.0574846998091411
25000000,GP,baseline,strategy_focused,recalibrated,mobile,3,4135759.0,0.14285714285714285,0.16787817828735363
25000000,GP,baseline,strategy_focused,recalibrated,software,4,8843208.0,0.19047619047619047,0.35896232088382135
25000000,GP,baseline,strategy_focused,recalibrated,web,2,829690.0,0.09523809523809523,0.0336786659336858
50000000,GP,baseline,balanced,recalibrated,advertising,1,2288352.0,0.04,0.04586076105128441
50000000,GP,baseline,balanced,recalibrated,biotech,1,875000.0,0.04,0.017535836234929703
50000000,GP,baseline,balanced,recalibrated,ecommerce,3,3194171.0,0.12,0.06401423949984188
50000000,GP,baseline,balanced,recalibrated,enterprise,5,17218480.0,0.2,0.345074794850757
50000000,GP,baseline,balanced,recalibrated,games_video,0,0.0,0.0,0.0
50000000,GP,baseline,balanced,recalibrated,hardware,2,172000.0,0.08,0.003447044379894753
50000000,GP,baseline,balanced,recalibrated,medical,2,3216163.0,0.08,0.06445498019753168
50000000,GP,baseline,balanced,recalibrated,mobile,4,8135759.0,0.16,0.16304838568097765
50000000,GP,baseline,balanced,recalibrated,software,5,13968205.0,0.2,0.2799361775724871
50000000,GP,baseline,balanced,recalibrated,web,2,829690.0,0.08,0.0166277805322958
50000000,GP,baseline,potential_focused,recalibrated,advertising,1,2288352.0,0.03333333333333333,0.04577497646541957
50000000,GP,baseline,potential_focused,recalibrated,biotech,3,4084128.0,0.1,0.08169672457810735
50000000,GP,baseline,potential_focused,recalibrated,ecommerce,3,3194171.0,0.1,0.06389449802806811
50000000,GP,baseline,potential_focused,recalibrated,enterprise,4,9504486.0,0.13333333333333333,0.19012268347086017
50000000,GP,baseline,potential_focused,recalibrated,games_video,2,240000.0,0.06666666666666667,0.004800832368316019
50000000,GP,baseline,potential_focused,recalibrated,hardware,2,172000.0,0.06666666666666667,0.00344059653062648
50000000,GP,baseline,potential_focused,recalibrated,medical,4,7574540.0,0.13333333333333333,0.15151707002960174
50000000,GP,baseline,potential_focused,recalibrated,mobile,4,8135759.0,0.13333333333333333,0.16274339645007652
50000000,GP,baseline,potential_focused,recalibrated,software,5,13968205.0,0.16666666666666666,0.27941254454697356
50000000,GP,baseline,potential_focused,recalibrated,web,2,829690.0,0.06666666666666667,0.01659667753195049
50000000,GP,baseline,risk_focused,recalibrated,advertising,0,0.0,0.0,0.0
50000000,GP,baseline,risk_focused,recalibrated,biotech,0,0.0,0.0,0.0
50000000,GP,baseline,risk_focused,recalibrated,ecommerce,1,2204171.0,0.1,0.04470488223814058
50000000,GP,baseline,risk_focused,recalibrated,enterprise,2,13213994.0,0.2,0.2680055429753391
50000000,GP,baseline,risk_focused,recalibrated,games_video,0,0.0,0.0,0.0
50000000,GP,baseline,risk_focused,recalibrated,hardware,0,0.0,0.0,0.0
50000000,GP,baseline,risk_focused,recalibrated,medical,1,1416163.0,0.1,0.028722544732242585
50000000,GP,baseline,risk_focused,recalibrated,mobile,2,4600000.0,0.2,0.09329696212110887
50000000,GP,baseline,risk_focused,recalibrated,software,3,20020600.0,0.3,0.40605677387866784
50000000,GP,baseline,risk_focused,recalibrated,web,1,7850000.0,0.1,0.159213294054501
50000000,GP,baseline,strategy_focused,recalibrated,advertising,2,2788352.0,0.07142857142857142,0.05586281791857776
50000000,GP,baseline,strategy_focused,recalibrated,biotech,0,0.0,0.0,0.0
50000000,GP,baseline,strategy_focused,recalibrated,ecommerce,4,4994171.0,0.14285714285714285,0.10005496624071904
50000000,GP,baseline,strategy_focused,recalibrated,enterprise,5,14069934.0,0.17857142857142858,0.281881972279112
50000000,GP,baseline,strategy_focused,recalibrated,games_video,2,240000.0,0.07142857142857142,0.004808243830211775
50000000,GP,baseline,strategy_focused,recalibrated,hardware,2,172000.0,0.07142857142857142,0.0034459080783184387
50000000,GP,baseline,strategy_focused,recalibrated,medical,1,1416163.0,0.03571428571428571,0.028371904197184158
50000000,GP,baseline,strategy_focused,recalibrated,mobile,4,8135759.0,0.14285714285714285,0.16299463756599966
50000000,GP,baseline,strategy_focused,recalibrated,software,5,13968205.0,0.17857142857142858,0.27984389795993025
50000000,GP,baseline,strategy_focused,recalibrated,web,3,4129690.0,0.10714285714285714,0.08273565192994693
75000000,GP,baseline,balanced,recalibrated,advertising,2,7288352.0,0.06666666666666667,0.09735664885745843
75000000,GP,baseline,balanced,recalibrated,biotech,2,3974128.0,0.06666666666666667,0.05308577085884347
75000000,GP,baseline,balanced,recalibrated,ecommerce,3,3194171.0,0.1,0.04266722908521389
75000000,GP,baseline,balanced,recalibrated,enterprise,6,21783928.0,0.2,0.29098625162892194
75000000,GP,baseline,balanced,recalibrated,games_video,0,0.0,0.0,0.0
75000000,GP,baseline,balanced,recalibrated,hardware,2,172000.0,0.06666666666666667,0.0022975486918692797
75000000,GP,baseline,balanced,recalibrated,medical,2,3216163.0,0.06666666666666667,0.0429609947295836
75000000,GP,baseline,balanced,recalibrated,mobile,4,8135759.0,0.13333333333333333,0.10867617702217279
75000000,GP,baseline,balanced,recalibrated,software,5,13968205.0,0.16666666666666666,0.1865850646832089
75000000,GP,baseline,balanced,recalibrated,web,4,13129690.0,0.13333333333333333,0.1753843144427277
75000000,GP,baseline,potential_focused,recalibrated,advertising,3,7788352.0,0.08108108108108109,0.10418346322792948
75000000,GP,baseline,potential_focused,recalibrated,biotech,3,4084128.0,0.08108108108108109,0.05463268728816535
75000000,GP,baseline,potential_focused,recalibrated,ecommerce,4,4994171.0,0.10810810810810811,0.06680617808908634
75000000,GP,baseline,potential_focused,recalibrated,enterprise,5,17218480.0,0.13513513513513514,0.23032868544216276
75000000,GP,baseline,potential_focused,recalibrated,games_video,2,240000.0,0.05405405405405406,0.003210439278386888
75000000,GP,baseline,potential_focused,recalibrated,hardware,3,2172800.0,0.08108108108108109,0.029065176933662628
75000000,GP,baseline,potential_focused,recalibrated,medical,4,7574540.0,0.10810810810810811,0.1013233363821359
75000000,GP,baseline,potential_focused,recalibrated,mobile,4,8135759.0,0.10810810810810811,0.1088306677212068
75000000,GP,baseline,potential_focused,recalibrated,software,5,13968205.0,0.13513513513513514,0.18685030825233384
75000000,GP,baseline,potential_focused,recalibrated,web,4,8579690.0,0.10810810810810811,0.11476905738493
75000000,GP,baseline,risk_focused,recalibrated,advertising,0,0.0,0.0,0.0
75000000,GP,baseline,risk_focused,recalibrated,biotech,0,0.0,0.0,0.0
75000000,GP,baseline,risk_focused,recalibrated,ecommerce,1,2204171.0,0.08333333333333333,0.02985849822484409
75000000,GP,baseline,risk_focused,recalibrated,enterprise,3,34805227.0,0.25,0.4714842036279379
75000000,GP,baseline,risk_focused,recalibrated,games_video,0,0.0,0.0,0.0
75000000,GP,baseline,risk_focused,recalibrated,hardware,1,9000000.0,0.08333333333333333,0.12191725779152197
75000000,GP,baseline,risk_focused,recalibrated,medical,1,1416163.0,0.08333333333333333,0.019183856616201683
75000000,GP,baseline,risk_focused,recalibrated,mobile,2,4600000.0,0.16666666666666666,0.062313265093444564
75000000,GP,baseline,risk_focused,recalibrated,software,3,13944997.0,0.25,0.18890397712788895
75000000,GP,baseline,risk_focused,recalibrated,web,1,7850000.0,0.08333333333333333,0.10633894151816084
75000000,GP,baseline,strategy_focused,recalibrated,advertising,2,2788352.0,0.05714285714285714,0.03723807032427273
75000000,GP,baseline,strategy_focused,recalibrated,biotech,0,0.0,0.0,0.0
75000000,GP,baseline,strategy_focused,recalibrated,ecommerce,5,8494171.0,0.14285714285714285,0.11343852463548292
75000000,GP,baseline,strategy_focused,recalibrated,enterprise,6,21783928.0,0.17142857142857143,0.2909214628579512
75000000,GP,baseline,strategy_focused,recalibrated,games_video,2,240000.0,0.05714285714285714,0.003205168098513192
75000000,GP,baseline,strategy_focused,recalibrated,hardware,4,4172800.0,0.11428571428571428,0.055727189339482695
75000000,GP,baseline,strategy_focused,recalibrated,medical,2,3216163.0,0.05714285714285714,0.04295142936341034
75000000,GP,baseline,strategy_focused,recalibrated,mobile,5,11635759.0,0.14285714285714285,0.15539401478661566
75000000,GP,baseline,strategy_focused,recalibrated,software,5,13968205.0,0.14285714285714285,0.18654352108121858
75000000,GP,baseline,strategy_focused,recalibrated,web,4,8579690.0,0.11428571428571428,0.1145806195130527
25000000,GP,assumed_logic,balanced,recalibrated,advertising,1,2288352.0,0.05555555555555555,0.09234885920898339
25000000,GP,assumed_logic,balanced,recalibrated,biotech,0,0.0,0.0,0.0
25000000,GP,assumed_logic,balanced,recalibrated,ecommerce,2,2344171.0,0.1111111111111111,0.09460149384394612
25000000,GP,assumed_logic,balanced,recalibrated,enterprise,3,7570086.0,0.16666666666666666,0.3054988070951917
25000000,GP,assumed_logic,balanced,recalibrated,games_video,0,0.0,0.0,0.0
25000000,GP,assumed_logic,balanced,recalibrated,hardware,2,172000.0,0.1111111111111111,0.006941241462827897
25000000,GP,assumed_logic,balanced,recalibrated,medical,2,3216163.0,0.1111111111111111,0.12979165096984277
25000000,GP,assumed_logic,balanced,recalibrated,mobile,3,4135759.0,0.16666666666666666,0.16690291773874208
25000000,GP,assumed_logic,balanced,recalibrated,software,3,4223208.0,0.16666666666666666,0.17043201439387484
25000000,GP,assumed_logic,balanced,recalibrated,web,2,829690.0,0.1111111111111111,0.033483015286591145
25000000,GP,assumed_logic,potential_focused,recalibrated,advertising,2,2788352.0,0.08333333333333333,0.11185034804412958
25000000,GP,assumed_logic,potential_focused,recalibrated,biotech,3,4084128.0,0.125,0.1638283610737722
25000000,GP,assumed_logic,potential_focused,recalibrated,ecommerce,3,3194171.0,0.125,0.12812913795046874
25000000,GP,assumed_logic,potential_focused,recalibrated,enterprise,1,670086.0,0.041666666666666664,0.02687944431675004
25000000,GP,assumed_logic,potential_focused,recalibrated,games_video,2,240000.0,0.08333333333333333,0.009627221932737007
25000000,GP,assumed_logic,potential_focused,recalibrated,hardware,2,172000.0,0.08333333333333333,0.006899509051794855
25000000,GP,assumed_logic,potential_focused,recalibrated,medical,3,4591916.0,0.125,0.18419747678535828
25000000,GP,assumed_logic,potential_focused,recalibrated,mobile,3,4135759.0,0.125,0.16589945730547698
25000000,GP,assumed_logic,potential_focused,recalibrated,software,3,4223208.0,0.125,0.1694073361837933
25000000,GP,assumed_logic,potential_focused,recalibrated,web,2,829690.0,0.08333333333333333,0.03328170735571903
25000000,GP,assumed_logic,risk_focused,recalibrated,advertising,0,0.0,0.0,0.0
25000000,GP,assumed_logic,risk_focused,recalibrated,biotech,0,0.0,0.0,0.0
25000000,GP,assumed_logic,risk_focused,recalibrated,ecommerce,1,2204171.0,0.14285714285714285,0.09405735893088123
25000000,GP,assumed_logic,risk_focused,recalibrated,enterprise,2,13213994.0,0.2857142857142857,0.563873391206268
25000000,GP,assumed_logic,risk_focused,recalibrated,games_video,0,0.0,0.0,0.0
25000000,GP,assumed_logic,risk_focused,recalibrated,hardware,0,0.0,0.0,0.0
25000000,GP,assumed_logic,risk_focused,recalibrated,medical,2,3216163.0,0.2857142857142857,0.1372415287521793
25000000,GP,assumed_logic,risk_focused,recalibrated,mobile,1,600000.0,0.14285714285714285,0.025603465138833936
25000000,GP,assumed_logic,risk_focused,recalibrated,software,1,4200000.0,0.14285714285714285,0.17922425597183755
25000000,GP,assumed_logic,risk_focused,recalibrated,web,0,0.0,0.0,0.0
25000000,GP,assumed_logic,strategy_focused,recalibrated,advertising,1,500000.0,0.045454545454545456,0.020395279276026326
25000000,GP,assumed_logic,strategy_focused,recalibrated,biotech,0,0.0,0.0,0.0
25000000,GP,assumed_logic,strategy_focused,recalibrated,ecommerce,4,4994171.0,0.18181818181818182,0.20371502459446333
25000000,GP,assumed_logic,strategy_focused,recalibrated,enterprise,3,4004486.0,0.13636363636363635,0.1633452206538751
25000000,GP,assumed_logic,strategy_focused,recalibrated,games_video,2,240000.0,0.09090909090909091,0.009789734052492635
25000000,GP,assumed_logic,strategy_focused,recalibrated,hardware,2,172000.0,0.09090909090909091,0.007015976070953055
25000000,GP,assumed_logic,strategy_focused,recalibrated,medical,1,1416163.0,0.045454545454545456,0.05776607977075054
25000000,GP,assumed_logic,strategy_focused,recalibrated,mobile,4,8135759.0,0.18181818181818182,0.3318621538548893
25000000,GP,assumed_logic,strategy_focused,recalibrated,software,3,4223208.0,0.13636363636363635,0.17226701320149715
25000000,GP,assumed_logic,strategy_focused,recalibrated,web,2,829690.0,0.09090909090909091,0.03384351852505256
50000000,GP,assumed_logic,balanced,recalibrated,advertising,2,7288352.0,0.08333333333333333,0.14627328892751235
50000000,GP,assumed_logic,balanced,recalibrated,biotech,1,3099128.0,0.041666666666666664,0.062197825429856225
50000000,GP,assumed_logic,balanced,recalibrated,ecommerce,2,2344171.0,0.08333333333333333,0.04704624611688562
50000000,GP,assumed_logic,balanced,recalibrated,enterprise,5,17218480.0,0.20833333333333334,0.34556559561511196
50000000,GP,assumed_logic,balanced,recalibrated,games_video,0,0.0,0.0,0.0
50000000,GP,assumed_logic,balanced,recalibrated,hardware,2,172000.0,0.08333333333333333,0.0034519471199431807
50000000,GP,assumed_logic,balanced,recalibrated,medical,2,3216163.0,0.08333333333333333,0.06454665468091757
50000000,GP,assumed_logic,balanced,recalibrated,mobile,4,8135759.0,0.16666666666666666,0.1632802898174524
50000000,GP,assumed_logic,balanced,recalibrated,software,3,4223208.0,0.125,0.08475750402628489
50000000,GP,assumed_logic,balanced,recalibrated,web,3,4129690.0,0.125,0.08288064826603578
50000000,GP,assumed_logic,potential_focused,recalibrated,advertising,3,7788352.0,0.09375,0.15619028443275587
50000000,GP,assumed_logic,potential_focused,recalibrated,biotech,3,4084128.0,0.09375,0.08190450482718069
50000000,GP,assumed_logic,potential_focused,recalibrated,ecommerce,4,4994171.0,0.125,0.10015481952996229
50000000,GP,assumed_logic,potential_focused,recalibrated,enterprise,4,9504486.0,0.125,0.19060622474782166
50000000,GP,assumed_logic,potential_focused,recalibrated,games_video,2,240000.0,0.0625,0.004813042382247414
50000000,GP,assumed_logic,potential_focused,recalibrated,hardware,3,2172800.0,0.09375,0.04357407703394659
50000000,GP,assumed_logic,potential_focused,recalibrated,medical,3,4591916.0,0.09375,0.09208785968216673
50000000,GP,assumed_logic,potential_focused,recalibrated,mobile,4,8135759.0,0.125,0.16315730366146183
50000000,GP,assumed_logic,potential_focused,recalibrated,software,3,4223208.0,0.09375,0.08469366288769307
50000000,GP,assumed_logic,potential_focused,recalibrated,web,3,4129690.0,0.09375,0.08281822081476385
50000000,GP,assumed_logic,risk_focused,recalibrated,advertising,0,0.0,0.0,0.0
50000000,GP,assumed_logic,risk_focused,recalibrated,biotech,0,0.0,0.0,0.0
50000000,GP,assumed_logic,risk_focused,recalibrated,ecommerce,1,2204171.0,0.1111111111111111,0.04495962830491629
50000000,GP,assumed_logic,risk_focused,recalibrated,enterprise,3,34805227.0,0.3333333333333333,0.7099404125125667
50000000,GP,assumed_logic,risk_focused,recalibrated,games_video,0,0.0,0.0,0.0
50000000,GP,assumed_logic,risk_focused,recalibrated,hardware,0,0.0,0.0,0.0
50000000,GP,assumed_logic,risk_focused,recalibrated,medical,2,3216163.0,0.2222222222222222,0.06560175823383235
50000000,GP,assumed_logic,risk_focused,recalibrated,mobile,2,4600000.0,0.2222222222222222,0.09382860504135791
50000000,GP,assumed_logic,risk_focused,recalibrated,software,1,4200000.0,0.1111111111111111,0.0856695959073268
50000000,GP,assumed_logic,risk_focused,recalibrated,web,0,0.0,0.0,0.0
50000000,GP,assumed_logic,strategy_focused,recalibrated,advertising,1,500000.0,0.03571428571428571,0.01002471654011264
50000000,GP,assumed_logic,strategy_focused,recalibrated,biotech,0,0.0,0.0,0.0
50000000,GP,assumed_logic,strategy_focused,recalibrated,ecommerce,4,4994171.0,0.14285714285714285,0.10013029725570177
50000000,GP,assumed_logic,strategy_focused,recalibrated,enterprise,5,14069934.0,0.17857142857142858,0.2820942001761864
50000000,GP,assumed_logic,strategy_focused,recalibrated,games_video,2,240000.0,0.07142857142857142,0.004811863939254067
50000000,GP,assumed_logic,strategy_focused,recalibrated,hardware,3,2172800.0,0.10714285714285714,0.04356340819671349
50000000,GP,assumed_logic,strategy_focused,recalibrated,medical,1,1416163.0,0.03571428571428571,0.028393265299191072
50000000,GP,assumed_logic,strategy_focused,recalibrated,mobile,4,8135759.0,0.14285714285714285,0.16311735562734053
50000000,GP,assumed_logic,strategy_focused,recalibrated,software,4,9768205.0,0.14285714285714285,0.195846972461422
50000000,GP,assumed_logic,strategy_focused,recalibrated,web,4,8579690.0,0.14285714285714285,0.17201792050407805
75000000,GP,assumed_logic,balanced,recalibrated,advertising,2,7288352.0,0.06666666666666667,0.09784579289250428
75000000,GP,assumed_logic,balanced,recalibrated,biotech,2,3974128.0,0.06666666666666667,0.053352486984204694
75000000,GP,assumed_logic,balanced,recalibrated,ecommerce,2,2344171.0,0.06666666666666667,0.03147038866545066
75000000,GP,assumed_logic,balanced,recalibrated,enterprise,6,21783928.0,0.2,0.2924482389809418
75000000,GP,assumed_logic,balanced,recalibrated,games_video,0,0.0,0.0,0.0
75000000,GP,assumed_logic,balanced,recalibrated,hardware,2,172000.0,0.06666666666666667,0.002309092148336241
75000000,GP,assumed_logic,balanced,recalibrated,medical,3,4591916.0,0.1,0.06164626268267184
75000000,GP,assumed_logic,balanced,recalibrated,mobile,4,8135759.0,0.13333333333333333,0.10922219318404597
75000000,GP,assumed_logic,balanced,recalibrated,software,4,9768205.0,0.13333333333333333,0.1311377062141791
75000000,GP,assumed_logic,balanced,recalibrated,web,5,16429690.0,0.16666666666666666,0.2205678382476654
75000000,GP,assumed_logic,potential_focused,recalibrated,advertising,4,13196009.0,0.10810810810810811,0.17598378315078583
75000000,GP,assumed_logic,potential_focused,recalibrated,biotech,3,4084128.0,0.08108108108108109,0.05446649030870263
75000000,GP,assumed_logic,potential_focused,recalibrated,ecommerce,4,4994171.0,0.10810810810810811,0.0666029483824953
75000000,GP,assumed_logic,potential_focused,recalibrated,enterprise,6,21783928.0,0.16216216216216217,0.29051344700691945
75000000,GP,assumed_logic,potential_focused,recalibrated,games_video,2,240000.0,0.05405405405405406,0.0032006728667878753
75000000,GP,assumed_logic,potential_focused,recalibrated,hardware,3,2172800.0,0.08108108108108109,0.02897675835398623
75000000,GP,assumed_logic,potential_focused,recalibrated,medical,4,7574540.0,0.10810810810810811,0.10101510273499764
75000000,GP,assumed_logic,potential_focused,recalibrated,mobile,4,8135759.0,0.10810810810810811,0.10849959617510524
75000000,GP,assumed_logic,potential_focused,recalibrated,software,3,4223208.0,0.08108108108108109,0.0563212802350062
75000000,GP,assumed_logic,potential_focused,recalibrated,web,4,8579690.0,0.10810810810810811,0.11441992078521361
75000000,GP,assumed_logic,risk_focused,recalibrated,advertising,0,0.0,0.0,0.0
75000000,GP,assumed_logic,risk_focused,recalibrated,biotech,0,0.0,0.0,0.0
75000000,GP,assumed_logic,risk_focused,recalibrated,ecommerce,1,2204171.0,0.1,0.02963544999317725
75000000,GP,assumed_logic,risk_focused,recalibrated,enterprise,3,34805227.0,0.3,0.46796213372723017
75000000,GP,assumed_logic,risk_focused,recalibrated,games_video,0,0.0,0.0,0.0
75000000,GP,assumed_logic,risk_focused,recalibrated,hardware,0,0.0,0.0,0.0
75000000,GP,assumed_logic,risk_focused,recalibrated,medical,1,1416163.0,0.1,0.01904054983424057
75000000,GP,assumed_logic,risk_focused,recalibrated,mobile,1,600000.0,0.1,0.008067100962632369
75000000,GP,assumed_logic,risk_focused,recalibrated,software,3,27500600.0,0.3,0.3697501945549462
75000000,GP,assumed_logic,risk_focused,recalibrated,web,1,7850000.0,0.1,0.10554457092777349
75000000,GP,assumed_logic,strategy_focused,recalibrated,advertising,2,2788352.0,0.06060606060606061,0.037312816479927194
75000000,GP,assumed_logic,strategy_focused,recalibrated,biotech,0,0.0,0.0,0.0
75000000,GP,assumed_logic,strategy_focused,recalibrated,ecommerce,5,8494171.0,0.15151515151515152,0.1136662242328514
75000000,GP,assumed_logic,strategy_focused,recalibrated,enterprise,6,21783928.0,0.18181818181818182,0.29150541526892854
75000000,GP,assumed_logic,strategy_focused,recalibrated,games_video,2,240000.0,0.06060606060606061,0.0032116016755354155
75000000,GP,assumed_logic,strategy_focused,recalibrated,hardware,3,2172800.0,0.09090909090909091,0.02907570050251396
75000000,GP,assumed_logic,strategy_focused,recalibrated,medical,1,1416163.0,0.030303030303030304,0.018950631098463587
75000000,GP,assumed_logic,strategy_focused,recalibrated,mobile,5,11635759.0,0.15151515151515152,0.1557059295855262
75000000,GP,assumed_logic,strategy_focused,recalibrated,software,4,9768205.0,0.12121212121212122,0.13071493143738927
75000000,GP,assumed_logic,strategy_focused,recalibrated,web,5,16429690.0,0.15151515151515152,0.21985674971886443
25000000,GP,assumed_logic,balanced,fixed_baseline,advertising,1,2288352.0,0.05555555555555555,0.09234885920898339
25000000,GP,assumed_logic,balanced,fixed_baseline,biotech,0,0.0,0.0,0.0
25000000,GP,assumed_logic,balanced,fixed_baseline,ecommerce,2,2344171.0,0.1111111111111111,0.09460149384394612
25000000,GP,assumed_logic,balanced,fixed_baseline,enterprise,3,7570086.0,0.16666666666666666,0.3054988070951917
25000000,GP,assumed_logic,balanced,fixed_baseline,games_video,0,0.0,0.0,0.0
25000000,GP,assumed_logic,balanced,fixed_baseline,hardware,2,172000.0,0.1111111111111111,0.006941241462827897
25000000,GP,assumed_logic,balanced,fixed_baseline,medical,2,3216163.0,0.1111111111111111,0.12979165096984277
25000000,GP,assumed_logic,balanced,fixed_baseline,mobile,3,4135759.0,0.16666666666666666,0.16690291773874208
25000000,GP,assumed_logic,balanced,fixed_baseline,software,3,4223208.0,0.16666666666666666,0.17043201439387484
25000000,GP,assumed_logic,balanced,fixed_baseline,web,2,829690.0,0.1111111111111111,0.033483015286591145
25000000,GP,assumed_logic,potential_focused,fixed_baseline,advertising,2,2788352.0,0.08333333333333333,0.11185034804412958
25000000,GP,assumed_logic,potential_focused,fixed_baseline,biotech,3,4084128.0,0.125,0.1638283610737722
25000000,GP,assumed_logic,potential_focused,fixed_baseline,ecommerce,3,3194171.0,0.125,0.12812913795046874
25000000,GP,assumed_logic,potential_focused,fixed_baseline,enterprise,1,670086.0,0.041666666666666664,0.02687944431675004
25000000,GP,assumed_logic,potential_focused,fixed_baseline,games_video,2,240000.0,0.08333333333333333,0.009627221932737007
25000000,GP,assumed_logic,potential_focused,fixed_baseline,hardware,2,172000.0,0.08333333333333333,0.006899509051794855
25000000,GP,assumed_logic,potential_focused,fixed_baseline,medical,3,4591916.0,0.125,0.18419747678535828
25000000,GP,assumed_logic,potential_focused,fixed_baseline,mobile,3,4135759.0,0.125,0.16589945730547698
25000000,GP,assumed_logic,potential_focused,fixed_baseline,software,3,4223208.0,0.125,0.1694073361837933
25000000,GP,assumed_logic,potential_focused,fixed_baseline,web,2,829690.0,0.08333333333333333,0.03328170735571903
25000000,GP,assumed_logic,risk_focused,fixed_baseline,advertising,0,0.0,0.0,0.0
25000000,GP,assumed_logic,risk_focused,fixed_baseline,biotech,0,0.0,0.0,0.0
25000000,GP,assumed_logic,risk_focused,fixed_baseline,ecommerce,1,2204171.0,0.14285714285714285,0.09405735893088123
25000000,GP,assumed_logic,risk_focused,fixed_baseline,enterprise,2,13213994.0,0.2857142857142857,0.563873391206268
25000000,GP,assumed_logic,risk_focused,fixed_baseline,games_video,0,0.0,0.0,0.0
25000000,GP,assumed_logic,risk_focused,fixed_baseline,hardware,0,0.0,0.0,0.0
25000000,GP,assumed_logic,risk_focused,fixed_baseline,medical,2,3216163.0,0.2857142857142857,0.1372415287521793
25000000,GP,assumed_logic,risk_focused,fixed_baseline,mobile,1,600000.0,0.14285714285714285,0.025603465138833936
25000000,GP,assumed_logic,risk_focused,fixed_baseline,software,1,4200000.0,0.14285714285714285,0.17922425597183755
25000000,GP,assumed_logic,risk_focused,fixed_baseline,web,0,0.0,0.0,0.0
25000000,GP,assumed_logic,strategy_focused,fixed_baseline,advertising,1,500000.0,0.045454545454545456,0.020395279276026326
25000000,GP,assumed_logic,strategy_focused,fixed_baseline,biotech,0,0.0,0.0,0.0
25000000,GP,assumed_logic,strategy_focused,fixed_baseline,ecommerce,4,4994171.0,0.18181818181818182,0.20371502459446333
25000000,GP,assumed_logic,strategy_focused,fixed_baseline,enterprise,3,4004486.0,0.13636363636363635,0.1633452206538751
25000000,GP,assumed_logic,strategy_focused,fixed_baseline,games_video,2,240000.0,0.09090909090909091,0.009789734052492635
25000000,GP,assumed_logic,strategy_focused,fixed_baseline,hardware,2,172000.0,0.09090909090909091,0.007015976070953055
25000000,GP,assumed_logic,strategy_focused,fixed_baseline,medical,1,1416163.0,0.045454545454545456,0.05776607977075054
25000000,GP,assumed_logic,strategy_focused,fixed_baseline,mobile,4,8135759.0,0.18181818181818182,0.3318621538548893
25000000,GP,assumed_logic,strategy_focused,fixed_baseline,software,3,4223208.0,0.13636363636363635,0.17226701320149715
25000000,GP,assumed_logic,strategy_focused,fixed_baseline,web,2,829690.0,0.09090909090909091,0.03384351852505256
50000000,GP,assumed_logic,balanced,fixed_baseline,advertising,2,7288352.0,0.08333333333333333,0.14627328892751235
50000000,GP,assumed_logic,balanced,fixed_baseline,biotech,1,3099128.0,0.041666666666666664,0.062197825429856225
50000000,GP,assumed_logic,balanced,fixed_baseline,ecommerce,2,2344171.0,0.08333333333333333,0.04704624611688562
50000000,GP,assumed_logic,balanced,fixed_baseline,enterprise,5,17218480.0,0.20833333333333334,0.34556559561511196
50000000,GP,assumed_logic,balanced,fixed_baseline,games_video,0,0.0,0.0,0.0
50000000,GP,assumed_logic,balanced,fixed_baseline,hardware,2,172000.0,0.08333333333333333,0.0034519471199431807
50000000,GP,assumed_logic,balanced,fixed_baseline,medical,2,3216163.0,0.08333333333333333,0.06454665468091757
50000000,GP,assumed_logic,balanced,fixed_baseline,mobile,4,8135759.0,0.16666666666666666,0.1632802898174524
50000000,GP,assumed_logic,balanced,fixed_baseline,software,3,4223208.0,0.125,0.08475750402628489
50000000,GP,assumed_logic,balanced,fixed_baseline,web,3,4129690.0,0.125,0.08288064826603578
50000000,GP,assumed_logic,potential_focused,fixed_baseline,advertising,3,7788352.0,0.09375,0.15619028443275587
50000000,GP,assumed_logic,potential_focused,fixed_baseline,biotech,3,4084128.0,0.09375,0.08190450482718069
50000000,GP,assumed_logic,potential_focused,fixed_baseline,ecommerce,4,4994171.0,0.125,0.10015481952996229
50000000,GP,assumed_logic,potential_focused,fixed_baseline,enterprise,4,9504486.0,0.125,0.19060622474782166
50000000,GP,assumed_logic,potential_focused,fixed_baseline,games_video,2,240000.0,0.0625,0.004813042382247414
50000000,GP,assumed_logic,potential_focused,fixed_baseline,hardware,3,2172800.0,0.09375,0.04357407703394659
50000000,GP,assumed_logic,potential_focused,fixed_baseline,medical,3,4591916.0,0.09375,0.09208785968216673
50000000,GP,assumed_logic,potential_focused,fixed_baseline,mobile,4,8135759.0,0.125,0.16315730366146183
50000000,GP,assumed_logic,potential_focused,fixed_baseline,software,3,4223208.0,0.09375,0.08469366288769307
50000000,GP,assumed_logic,potential_focused,fixed_baseline,web,3,4129690.0,0.09375,0.08281822081476385
50000000,GP,assumed_logic,risk_focused,fixed_baseline,advertising,1,5000000.0,0.1,0.10063413999513092
50000000,GP,assumed_logic,risk_focused,fixed_baseline,biotech,0,0.0,0.0,0.0
50000000,GP,assumed_logic,risk_focused,fixed_baseline,ecommerce,1,2204171.0,0.1,0.04436297059744154
50000000,GP,assumed_logic,risk_focused,fixed_baseline,enterprise,2,13213994.0,0.2,0.265955784418164
50000000,GP,assumed_logic,risk_focused,fixed_baseline,games_video,0,0.0,0.0,0.0
50000000,GP,assumed_logic,risk_focused,fixed_baseline,hardware,0,0.0,0.0,0.0
50000000,GP,assumed_logic,risk_focused,fixed_baseline,medical,1,1416163.0,0.1,0.02850286911958492
50000000,GP,assumed_logic,risk_focused,fixed_baseline,mobile,2,4600000.0,0.2,0.09258340879552045
50000000,GP,assumed_logic,risk_focused,fixed_baseline,software,2,15400600.0,0.2,0.30996522728180265
50000000,GP,assumed_logic,risk_focused,fixed_baseline,web,1,7850000.0,0.1,0.15799559979235553
50000000,GP,assumed_logic,strategy_focused,fixed_baseline,advertising,1,500000.0,0.03571428571428571,0.01002471654011264
50000000,GP,assumed_logic,strategy_focused,fixed_baseline,biotech,0,0.0,0.0,0.0
50000000,GP,assumed_logic,strategy_focused,fixed_baseline,ecommerce,4,4994171.0,0.14285714285714285,0.10013029725570177
50000000,GP,assumed_logic,strategy_focused,fixed_baseline,enterprise,5,14069934.0,0.17857142857142858,0.2820942001761864
50000000,GP,assumed_logic,strategy_focused,fixed_baseline,games_video,2,240000.0,0.07142857142857142,0.004811863939254067
50000000,GP,assumed_logic,strategy_focused,fixed_baseline,hardware,3,2172800.0,0.10714285714285714,0.04356340819671349
50000000,GP,assumed_logic,strategy_focused,fixed_baseline,medical,1,1416163.0,0.03571428571428571,0.028393265299191072
50000000,GP,assumed_logic,strategy_focused,fixed_baseline,mobile,4,8135759.0,0.14285714285714285,0.16311735562734053
50000000,GP,assumed_logic,strategy_focused,fixed_baseline,software,4,9768205.0,0.14285714285714285,0.195846972461422
50000000,GP,assumed_logic,strategy_focused,fixed_baseline,web,4,8579690.0,0.14285714285714285,0.17201792050407805
75000000,GP,assumed_logic,balanced,fixed_baseline,advertising,2,7288352.0,0.06666666666666667,0.09784579289250428
75000000,GP,assumed_logic,balanced,fixed_baseline,biotech,2,3974128.0,0.06666666666666667,0.053352486984204694
75000000,GP,assumed_logic,balanced,fixed_baseline,ecommerce,2,2344171.0,0.06666666666666667,0.03147038866545066
75000000,GP,assumed_logic,balanced,fixed_baseline,enterprise,6,21783928.0,0.2,0.2924482389809418
75000000,GP,assumed_logic,balanced,fixed_baseline,games_video,0,0.0,0.0,0.0
75000000,GP,assumed_logic,balanced,fixed_baseline,hardware,2,172000.0,0.06666666666666667,0.002309092148336241
75000000,GP,assumed_logic,balanced,fixed_baseline,medical,3,4591916.0,0.1,0.06164626268267184
75000000,GP,assumed_logic,balanced,fixed_baseline,mobile,4,8135759.0,0.13333333333333333,0.10922219318404597
75000000,GP,assumed_logic,balanced,fixed_baseline,software,4,9768205.0,0.13333333333333333,0.1311377062141791
75000000,GP,assumed_logic,balanced,fixed_baseline,web,5,16429690.0,0.16666666666666666,0.2205678382476654
75000000,GP,assumed_logic,potential_focused,fixed_baseline,advertising,4,13196009.0,0.10810810810810811,0.17598378315078583
75000000,GP,assumed_logic,potential_focused,fixed_baseline,biotech,3,4084128.0,0.08108108108108109,0.05446649030870263
75000000,GP,assumed_logic,potential_focused,fixed_baseline,ecommerce,4,4994171.0,0.10810810810810811,0.0666029483824953
75000000,GP,assumed_logic,potential_focused,fixed_baseline,enterprise,6,21783928.0,0.16216216216216217,0.29051344700691945
75000000,GP,assumed_logic,potential_focused,fixed_baseline,games_video,2,240000.0,0.05405405405405406,0.0032006728667878753
75000000,GP,assumed_logic,potential_focused,fixed_baseline,hardware,3,2172800.0,0.08108108108108109,0.02897675835398623
75000000,GP,assumed_logic,potential_focused,fixed_baseline,medical,4,7574540.0,0.10810810810810811,0.10101510273499764
75000000,GP,assumed_logic,potential_focused,fixed_baseline,mobile,4,8135759.0,0.10810810810810811,0.10849959617510524
75000000,GP,assumed_logic,potential_focused,fixed_baseline,software,3,4223208.0,0.08108108108108109,0.0563212802350062
75000000,GP,assumed_logic,potential_focused,fixed_baseline,web,4,8579690.0,0.10810810810810811,0.11441992078521361
75000000,GP,assumed_logic,risk_focused,fixed_baseline,advertising,0,0.0,0.0,0.0
75000000,GP,assumed_logic,risk_focused,fixed_baseline,biotech,0,0.0,0.0,0.0
75000000,GP,assumed_logic,risk_focused,fixed_baseline,ecommerce,1,2204171.0,0.1,0.02963544999317725
75000000,GP,assumed_logic,risk_focused,fixed_baseline,enterprise,3,34805227.0,0.3,0.46796213372723017
75000000,GP,assumed_logic,risk_focused,fixed_baseline,games_video,0,0.0,0.0,0.0
75000000,GP,assumed_logic,risk_focused,fixed_baseline,hardware,0,0.0,0.0,0.0
75000000,GP,assumed_logic,risk_focused,fixed_baseline,medical,1,1416163.0,0.1,0.01904054983424057
75000000,GP,assumed_logic,risk_focused,fixed_baseline,mobile,1,600000.0,0.1,0.008067100962632369
75000000,GP,assumed_logic,risk_focused,fixed_baseline,software,3,27500600.0,0.3,0.3697501945549462
75000000,GP,assumed_logic,risk_focused,fixed_baseline,web,1,7850000.0,0.1,0.10554457092777349
75000000,GP,assumed_logic,strategy_focused,fixed_baseline,advertising,2,2788352.0,0.06060606060606061,0.037312816479927194
75000000,GP,assumed_logic,strategy_focused,fixed_baseline,biotech,0,0.0,0.0,0.0
75000000,GP,assumed_logic,strategy_focused,fixed_baseline,ecommerce,5,8494171.0,0.15151515151515152,0.1136662242328514
75000000,GP,assumed_logic,strategy_focused,fixed_baseline,enterprise,6,21783928.0,0.18181818181818182,0.29150541526892854
75000000,GP,assumed_logic,strategy_focused,fixed_baseline,games_video,2,240000.0,0.06060606060606061,0.0032116016755354155
75000000,GP,assumed_logic,strategy_focused,fixed_baseline,hardware,3,2172800.0,0.09090909090909091,0.02907570050251396
75000000,GP,assumed_logic,strategy_focused,fixed_baseline,medical,1,1416163.0,0.030303030303030304,0.018950631098463587
75000000,GP,assumed_logic,strategy_focused,fixed_baseline,mobile,5,11635759.0,0.15151515151515152,0.1557059295855262
75000000,GP,assumed_logic,strategy_focused,fixed_baseline,software,4,9768205.0,0.12121212121212122,0.13071493143738927
75000000,GP,assumed_logic,strategy_focused,fixed_baseline,web,5,16429690.0,0.15151515151515152,0.21985674971886443
