comparison_id,dimension,sector,from_count,to_count,delta_count,delta_investment
budget_001,budget,advertising,1,2,1,5000000.0
budget_001,budget,biotech,0,1,1,3099128.0
budget_001,budget,ecommerce,2,2,0,0.0
budget_001,budget,enterprise,3,5,2,9648394.0
budget_001,budget,games_video,0,0,0,0.0
budget_001,budget,hardware,2,2,0,0.0
budget_001,budget,medical,2,2,0,0.0
budget_001,budget,mobile,3,4,1,4000000.0
budget_001,budget,software,3,3,0,0.0
budget_001,budget,web,2,3,1,3300000.0
budget_002,budget,advertising,1,2,1,5000000.0
budget_002,budget,biotech,0,2,2,3974128.0
budget_002,budget,ecommerce,2,2,0,0.0
budget_002,budget,enterprise,3,6,3,14213842.0
budget_002,budget,games_video,0,0,0,0.0
budget_002,budget,hardware,2,2,0,0.0
budget_002,budget,medical,2,3,1,1375753.0
budget_002,budget,mobile,3,4,1,4000000.0
budget_002,budget,software,3,4,1,5544997.0
budget_002,budget,web,2,5,3,15600000.0
budget_003,budget,advertising,2,2,0,0.0
budget_003,budget,biotech,1,2,1,875000.0
budget_003,budget,ecommerce,2,2,0,0.0
budget_003,budget,enterprise,5,6,1,4565448.0
budget_003,budget,games_video,0,0,0,0.0
budget_003,budget,hardware,2,2,0,0.0
budget_003,budget,medical,2,3,1,1375753.0
budget_003,budget,mobile,4,4,0,0.0
budget_003,budget,software,3,4,1,5544997.0
budget_003,budget,web,3,5,2,12300000.0
budget_004,budget,advertising,2,3,1,5000000.0
budget_004,budget,biotech,3,3,0,0.0
budget_004,budget,ecommerce,3,4,1,1800000.0
budget_004,budget,enterprise,1,4,3,8834400.0
budget_004,budget,games_video,2,2,0,0.0
budget_004,budget,hardware,2,3,1,2000800.0
budget_004,budget,medical,3,3,0,0.0
budget_004,budget,mobile,3,4,1,4000000.0
budget_004,budget,software,3,3,0,0.0
budget_004,budget,web,2,3,1,3300000.0
budget_005,budget,advertising,2,4,2,10407657.0
budget_005,budget,biotech,3,3,0,0.0
budget_005,budget,ecommerce,3,4,1,1800000.0
budget_005,budget,enterprise,1,6,5,21113842.0
budget_005,budget,games_video,2,2,0,0.0
budget_005,budget,hardware,2,3,1,2000800.0
budget_005,budget,medical,3,4,1,2982624.0
budget_005,budget,mobile,3,4,1,4000000.0
budget_005,budget,software,3,3,0,0.0
budget_005,budget,web,2,4,2,7750000.0
budget_006,budget,advertising,3,4,1,5407657.0
budget_006,budget,biotech,3,3,0,0.0
budget_006,budget,ecommerce,4,4,0,0.0
budget_006,budget,enterprise,4,6,2,12279442.0
budget_006,budget,games_video,2,2,0,0.0
budget_006,budget,hardware,3,3,0,0.0
budget_006,budget,medical,3,4,1,2982624.0
budget_006,budget,mobile,4,4,0,0.0
budget_006,budget,software,3,3,0,0.0
budget_006,budget,web,3,4,1,4450000.0
budget_007,budget,advertising,0,0,0,0.0
budget_007,budget,biotech,0,0,0,0.0
budget_007,budget,ecommerce,1,1,0,0.0
budget_007,budget,enterprise,2,3,1,21591233.0
budget_007,budget,games_video,0,0,0,0.0
budget_007,budget,hardware,0,0,0,0.0
budget_007,budget,medical,2,2,0,0.0
budget_007,budget,mobile,1,2,1,4000000.0
budget_007,budget,software,1,1,0,0.0
budget_007,budget,web,0,0,0,0.0
budget_008,budget,advertising,0,0,0,0.0
budget_008,budget,biotech,0,0,0,0.0
budget_008,budget,ecommerce,1,1,0,0.0
budget_008,budget,enterprise,2,3,1,21591233.0
budget_008,budget,games_video,0,0,0,0.0
budget_008,budget,hardware,0,0,0,0.0
budget_008,budget,medical,2,1,-1,-1800000.0
budget_008,budget,mobile,1,1,0,0.0
budget_008,budget,software,1,3,2,23300600.0
budget_008,budget,web,0,1,1,7850000.0
budget_009,budget,advertising,0,0,0,0.0
budget_009,budget,biotech,0,0,0,0.0
budget_009,budget,ecommerce,1,1,0,0.0
budget_009,budget,enterprise,3,3,0,0.0
budget_009,budget,games_video,0,0,0,0.0
budget_009,budget,hardware,0,0,0,0.0
budget_009,budget,medical,2,1,-1,-1800000.0
budget_009,budget,mobile,2,1,-1,-4000000.0
budget_009,budget,software,1,3,2,23300600.0
budget_009,budget,web,0,1,1,7850000.0
budget_010,budget,advertising,1,1,0,0.0
budget_010,budget,biotech,0,0,0,0.0
budget_010,budget,ecommerce,4,4,0,0.0
budget_010,budget,enterprise,3,5,2,10065448.0
budget_010,budget,games_video,2,2,0,0.0
budget_010,budget,hardware,2,3,1,2000800.0
budget_010,budget,medical,1,1,0,0.0
budget_010,budget,mobile,4,4,0,0.0
budget_010,budget,software,3,4,1,5544997.0
budget_010,budget,web,2,4,2,7750000.0
budget_011,budget,advertising,1,2,1,2288352.0
budget_011,budget,biotech,0,0,0,0.0
budget_011,budget,ecommerce,4,5,1,3500000.0
budget_011,budget,enterprise,3,6,3,17779442.0
budget_011,budget,games_video,2,2,0,0.0
budget_011,budget,hardware,2,3,1,2000800.0
budget_011,budget,medical,1,1,0,0.0
budget_011,budget,mobile,4,5,1,3500000.0
budget_011,budget,software,3,4,1,5544997.0
budget_011,budget,web,2,5,3,15600000.0
budget_012,budget,advertising,1,2,1,2288352.0
budget_012,budget,biotech,0,0,0,0.0
budget_012,budget,ecommerce,4,5,1,3500000.0
budget_012,budget,enterprise,5,6,1,7713994.0
budget_012,budget,games_video,2,2,0,0.0
budget_012,budget,hardware,3,3,0,0.0
budget_012,budget,medical,1,1,0,0.0
budget_012,budget,mobile,4,5,1,3500000.0
budget_012,budget,software,4,4,0,0.0
budget_012,budget,web,4,5,1,7850000.0
budget_013,budget,advertising,1,1,0,0.0
budget_013,budget,biotech,0,1,1,875000.0
budget_013,budget,ecommerce,2,3,1,850000.0
budget_013,budget,enterprise,3,5,2,13213994.0
budget_013,budget,games_video,0,0,0,0.0
budget_013,budget,hardware,2,2,0,0.0
budget_013,budget,medical,2,2,0,0.0
budget_013,budget,mobile,2,4,2,5000000.0
budget_013,budget,software,4,5,1,5124997.0
budget_013,budget,web,2,2,0,0.0
budget_014,budget,advertising,1,2,1,5000000.0
budget_014,budget,biotech,0,2,2,3974128.0
budget_014,budget,ecommerce,2,3,1,850000.0
budget_014,budget,enterprise,3,6,3,17779442.0
budget_014,budget,games_video,0,0,0,0.0
budget_014,budget,hardware,2,2,0,0.0
budget_014,budget,medical,2,2,0,0.0
budget_014,budget,mobile,2,4,2,5000000.0
budget_014,budget,software,4,5,1,5124997.0
budget_014,budget,web,2,4,2,12300000.0
budget_015,budget,advertising,1,2,1,5000000.0
budget_015,budget,biotech,1,2,1,3099128.0
budget_015,budget,ecommerce,3,3,0,0.0
budget_015,budget,enterprise,5,6,1,4565448.0
budget_015,budget,games_video,0,0,0,0.0
budget_015,budget,hardware,2,2,0,0.0
budget_015,budget,medical,2,2,0,0.0
budget_015,budget,mobile,4,4,0,0.0
budget_015,budget,software,5,5,0,0.0
budget_015,budget,web,2,4,2,12300000.0
budget_016,budget,advertising,2,1,-1,-500000.0
budget_016,budget,biotech,3,3,0,0.0
budget_016,budget,ecommerce,3,3,0,0.0
budget_016,budget,enterprise,1,4,3,8834400.0
budget_016,budget,games_video,2,2,0,0.0
budget_016,budget,hardware,2,2,0,0.0
budget_016,budget,medical,3,4,1,2982624.0
budget_016,budget,mobile,3,4,1,4000000.0
budget_016,budget,software,3,5,2,9744997.0
budget_016,budget,web,2,2,0,0.0
budget_017,budget,advertising,2,3,1,5000000.0
budget_017,budget,biotech,3,3,0,0.0
budget_017,budget,ecommerce,3,4,1,1800000.0
budget_017,budget,enterprise,1,5,4,16548394.0
budget_017,budget,games_video,2,2,0,0.0
budget_017,budget,hardware,2,3,1,2000800.0
budget_017,budget,medical,3,4,1,2982624.0
budget_017,budget,mobile,3,4,1,4000000.0
budget_017,budget,software,3,5,2,9744997.0
budget_017,budget,web,2,4,2,7750000.0
budget_018,budget,advertising,1,3,2,5500000.0
budget_018,budget,biotech,3,3,0,0.0
budget_018,budget,ecommerce,3,4,1,1800000.0
budget_018,budget,enterprise,4,5,1,7713994.0
budget_018,budget,games_video,2,2,0,0.0
budget_018,budget,hardware,2,3,1,2000800.0
budget_018,budget,medical,4,4,0,0.0
budget_018,budget,mobile,4,4,0,0.0
budget_018,budget,software,5,5,0,0.0
budget_018,budget,web,2,4,2,7750000.0
budget_019,budget,advertising,0,0,0,0.0
budget_019,budget,biotech,0,0,0,0.0
budget_019,budget,ecommerce,1,1,0,0.0
budget_019,budget,enterprise,1,2,1,7713994.0
budget_019,budget,games_video,0,0,0,0.0
budget_019,budget,hardware,0,0,0,0.0
budget_019,budget,medical,1,1,0,0.0
budget_019,budget,mobile,1,2,1,4000000.0
budget_019,budget,software,3,3,0,6075603.0
budget_019,budget,web,0,1,1,7850000.0
budget_020,budget,advertising,0,0,0,0.0
budget_020,budget,biotech,0,0,0,0.0
budget_020,budget,ecommerce,1,1,0,0.0
budget_020,budget,enterprise,1,3,2,29305227.0
budget_020,budget,games_video,0,0,0,0.0
budget_020,budget,hardware,0,1,1,9000000.0
budget_020,budget,medical,1,1,0,0.0
budget_020,budget,mobile,1,2,1,4000000.0
budget_020,budget,software,3,3,0,0.0
budget_020,budget,web,0,1,1,7850000.0
budget_021,budget,advertising,0,0,0,0.0
budget_021,budget,biotech,0,0,0,0.0
budget_021,budget,ecommerce,1,1,0,0.0
budget_021,budget,enterprise,2,3,1,21591233.0
budget_021,budget,games_video,0,0,0,0.0
budget_021,budget,hardware,0,1,1,9000000.0
budget_021,budget,medical,1,1,0,0.0
budget_021,budget,mobile,2,2,0,0.0
budget_021,budget,software,3,3,0,-6075603.0
budget_021,budget,web,1,1,0,0.0
budget_022,budget,advertising,0,2,2,2788352.0
budget_022,budget,biotech,0,0,0,0.0
budget_022,budget,ecommerce,4,4,0,0.0
budget_022,budget,enterprise,3,5,2,10065448.0
budget_022,budget,games_video,2,2,0,0.0
budget_022,budget,hardware,2,2,0,0.0
budget_022,budget,medical,1,1,0,0.0
budget_022,budget,mobile,3,4,1,4000000.0
budget_022,budget,software,4,5,1,5124997.0
budget_022,budget,web,2,3,1,3300000.0
budget_023,budget,advertising,0,2,2,2788352.0
budget_023,budget,biotech,0,0,0,0.0
budget_023,budget,ecommerce,4,5,1,3500000.0
budget_023,budget,enterprise,3,6,3,17779442.0
budget_023,budget,games_video,2,2,0,0.0
budget_023,budget,hardware,2,4,2,4000800.0
budget_023,budget,medical,1,2,1,1800000.0
budget_023,budget,mobile,3,5,2,7500000.0
budget_023,budget,software,4,5,1,5124997.0
budget_023,budget,web,2,4,2,7750000.0
budget_024,budget,advertising,2,2,0,0.0
budget_024,budget,biotech,0,0,0,0.0
budget_024,budget,ecommerce,4,5,1,3500000.0
budget_024,budget,enterprise,5,6,1,7713994.0
budget_024,budget,games_video,2,2,0,0.0
budget_024,budget,hardware,2,4,2,4000800.0
budget_024,budget,medical,1,2,1,1800000.0
budget_024,budget,mobile,4,5,1,3500000.0
budget_024,budget,software,5,5,0,0.0
budget_024,budget,web,3,4,1,4450000.0
budget_025,budget,advertising,2,4,2,6500000.0
budget_025,budget,biotech,3,3,0,0.0
budget_025,budget,ecommerce,3,4,1,1800000.0
budget_025,budget,enterprise,1,3,2,6900000.0
budget_025,budget,games_video,2,4,2,5150000.0
budget_025,budget,hardware,2,2,0,0.0
budget_025,budget,medical,3,5,2,4647124.0
budget_025,budget,mobile,3,3,0,0.0
budget_025,budget,software,3,3,0,0.0
budget_025,budget,web,2,2,0,0.0
budget_026,budget,advertising,2,5,3,11907657.0
budget_026,budget,biotech,3,5,2,7820000.0
budget_026,budget,ecommerce,3,5,2,5300000.0
budget_026,budget,enterprise,1,4,3,8834400.0
budget_026,budget,games_video,2,4,2,5150000.0
budget_026,budget,hardware,2,3,1,2000800.0
budget_026,budget,medical,3,5,2,4647124.0
budget_026,budget,mobile,3,4,1,4000000.0
budget_026,budget,software,3,3,0,0.0
budget_026,budget,web,2,2,0,0.0
budget_027,budget,advertising,4,5,1,5407657.0
budget_027,budget,biotech,3,5,2,7820000.0
budget_027,budget,ecommerce,4,5,1,3500000.0
budget_027,budget,enterprise,3,4,1,1934400.0
budget_027,budget,games_video,4,4,0,0.0
budget_027,budget,hardware,2,3,1,2000800.0
budget_027,budget,medical,5,5,0,0.0
budget_027,budget,mobile,3,4,1,4000000.0
budget_027,budget,software,3,3,0,0.0
budget_027,budget,web,2,2,0,0.0
budget_028,budget,advertising,2,3,1,1500000.0
budget_028,budget,biotech,3,3,0,0.0
budget_028,budget,ecommerce,3,4,1,1800000.0
budget_028,budget,enterprise,1,3,2,3334400.0
budget_028,budget,games_video,2,4,2,5150000.0
budget_028,budget,hardware,2,2,0,0.0
budget_028,budget,medical,3,5,2,4647124.0
budget_028,budget,mobile,3,4,1,4000000.0
budget_028,budget,software,3,4,1,4620000.0
budget_028,budget,web,2,2,0,0.0
budget_029,budget,advertising,2,5,3,11907657.0
budget_029,budget,biotech,3,4,1,3800000.0
budget_029,budget,ecommerce,3,4,1,1800000.0
budget_029,budget,enterprise,1,4,3,8834400.0
budget_029,budget,games_video,2,4,2,5150000.0
budget_029,budget,hardware,2,3,1,2000800.0
budget_029,budget,medical,3,5,2,4647124.0
budget_029,budget,mobile,3,4,1,4000000.0
budget_029,budget,software,3,4,1,4620000.0
budget_029,budget,web,2,3,1,3300000.0
budget_030,budget,advertising,3,5,2,10407657.0
budget_030,budget,biotech,3,4,1,3800000.0
budget_030,budget,ecommerce,4,4,0,0.0
budget_030,budget,enterprise,3,4,1,5500000.0
budget_030,budget,games_video,4,4,0,0.0
budget_030,budget,hardware,2,3,1,2000800.0
budget_030,budget,medical,5,5,0,0.0
budget_030,budget,mobile,4,4,0,0.0
budget_030,budget,software,4,4,0,0.0
budget_030,budget,web,2,3,1,3300000.0
priority_031,priority,advertising,1,2,1,500000.0
priority_031,priority,biotech,0,3,3,4084128.0
priority_031,priority,ecommerce,2,3,1,850000.0
priority_031,priority,enterprise,3,1,-2,-6900000.0
priority_031,priority,games_video,0,2,2,240000.0
priority_031,priority,hardware,2,2,0,0.0
priority_031,priority,medical,2,3,1,1375753.0
priority_031,priority,mobile,3,3,0,0.0
priority_031,priority,software,3,3,0,0.0
priority_031,priority,web,2,2,0,0.0
priority_032,priority,advertising,1,0,-1,-2288352.0
priority_032,priority,biotech,0,0,0,0.0
priority_032,priority,ecommerce,2,1,-1,-140000.0
priority_032,priority,enterprise,3,2,-1,5643908.0
priority_032,priority,games_video,0,0,0,0.0
priority_032,priority,hardware,2,0,-2,-172000.0
priority_032,priority,medical,2,2,0,0.0
priority_032,priority,mobile,3,1,-2,-3535759.0
priority_032,priority,software,3,1,-2,-23208.0
priority_032,priority,web,2,0,-2,-829690.0
priority_033,priority,advertising,1,1,0,-1788352.0
priority_033,priority,biotech,0,0,0,0.0
priority_033,priority,ecommerce,2,4,2,2650000.0
priority_033,priority,enterprise,3,3,0,-3565600.0
priority_033,priority,games_video,0,2,2,240000.0
priority_033,priority,hardware,2,2,0,0.0
priority_033,priority,medical,2,1,-1,-1800000.0
priority_033,priority,mobile,3,4,1,4000000.0
priority_033,priority,software,3,3,0,0.0
priority_033,priority,web,2,2,0,0.0
priority_034,priority,advertising,1,2,1,500000.0
priority_034,priority,biotech,0,3,3,4084128.0
priority_034,priority,ecommerce,2,3,1,850000.0
priority_034,priority,enterprise,3,1,-2,-3334400.0
priority_034,priority,games_video,0,2,2,240000.0
priority_034,priority,hardware,2,2,0,0.0
priority_034,priority,medical,2,3,1,1375753.0
priority_034,priority,mobile,2,3,1,1000000.0
priority_034,priority,software,4,3,-1,-4620000.0
priority_034,priority,web,2,2,0,0.0
priority_035,priority,advertising,1,0,-1,-2288352.0
priority_035,priority,biotech,0,0,0,0.0
priority_035,priority,ecommerce,2,1,-1,-140000.0
priority_035,priority,enterprise,3,1,-2,1495514.0
priority_035,priority,games_video,0,0,0,0.0
priority_035,priority,hardware,2,0,-2,-172000.0
priority_035,priority,medical,2,1,-1,-1800000.0
priority_035,priority,mobile,2,1,-1,-2535759.0
priority_035,priority,software,4,3,-1,5101789.0
priority_035,priority,web,2,0,-2,-829690.0
priority_036,priority,advertising,1,0,-1,-2288352.0
priority_036,priority,biotech,0,0,0,0.0
priority_036,priority,ecommerce,2,4,2,2650000.0
priority_036,priority,enterprise,3,3,0,0.0
priority_036,priority,games_video,0,2,2,240000.0
priority_036,priority,hardware,2,2,0,0.0
priority_036,priority,medical,2,1,-1,-1800000.0
priority_036,priority,mobile,2,3,1,1000000.0
priority_036,priority,software,4,4,0,0.0
priority_036,priority,web,2,2,0,0.0
priority_037,priority,advertising,2,3,1,500000.0
priority_037,priority,biotech,1,3,2,985000.0
priority_037,priority,ecommerce,2,4,2,2650000.0
priority_037,priority,enterprise,5,4,-1,-7713994.0
priority_037,priority,games_video,0,2,2,240000.0
priority_037,priority,hardware,2,3,1,2000800.0
priority_037,priority,medical,2,3,1,1375753.0
priority_037,priority,mobile,4,4,0,0.0
priority_037,priority,software,3,3,0,0.0
priority_037,priority,web,3,3,0,0.0
priority_038,priority,advertising,2,0,-2,-7288352.0
priority_038,priority,biotech,1,0,-1,-3099128.0
priority_038,priority,ecommerce,2,1,-1,-140000.0
priority_038,priority,enterprise,5,3,-2,17586747.0
priority_038,priority,games_video,0,0,0,0.0
priority_038,priority,hardware,2,0,-2,-172000.0
priority_038,priority,medical,2,2,0,0.0
priority_038,priority,mobile,4,2,-2,-3535759.0
priority_038,priority,software,3,1,-2,-23208.0
priority_038,priority,web,3,0,-3,-4129690.0
priority_039,priority,advertising,2,1,-1,-6788352.0
priority_039,priority,biotech,1,0,-1,-3099128.0
priority_039,priority,ecommerce,2,4,2,2650000.0
priority_039,priority,enterprise,5,5,0,-3148546.0
priority_039,priority,games_video,0,2,2,240000.0
priority_039,priority,hardware,2,3,1,2000800.0
priority_039,priority,medical,2,1,-1,-1800000.0
priority_039,priority,mobile,4,4,0,0.0
priority_039,priority,software,3,4,1,5544997.0
priority_039,priority,web,3,4,1,4450000.0
priority_040,priority,advertising,1,1,0,0.0
priority_040,priority,biotech,1,3,2,3209128.0
priority_040,priority,ecommerce,3,3,0,0.0
priority_040,priority,enterprise,5,4,-1,-7713994.0
priority_040,priority,games_video,0,2,2,240000.0
priority_040,priority,hardware,2,2,0,0.0
priority_040,priority,medical,2,4,2,4358377.0
priority_040,priority,mobile,4,4,0,0.0
priority_040,priority,software,5,5,0,0.0
priority_040,priority,web,2,2,0,0.0
priority_041,priority,advertising,1,0,-1,-2288352.0
priority_041,priority,biotech,1,0,-1,-875000.0
priority_041,priority,ecommerce,3,1,-2,-990000.0
priority_041,priority,enterprise,5,2,-3,-4004486.0
priority_041,priority,games_video,0,0,0,0.0
priority_041,priority,hardware,2,0,-2,-172000.0
priority_041,priority,medical,2,1,-1,-1800000.0
priority_041,priority,mobile,4,2,-2,-3535759.0
priority_041,priority,software,5,3,-2,6052395.0
priority_041,priority,web,2,1,-1,7020310.0
priority_042,priority,advertising,1,2,1,500000.0
priority_042,priority,biotech,1,0,-1,-875000.0
priority_042,priority,ecommerce,3,4,1,1800000.0
priority_042,priority,enterprise,5,5,0,-3148546.0
priority_042,priority,games_video,0,2,2,240000.0
priority_042,priority,hardware,2,2,0,0.0
priority_042,priority,medical,2,1,-1,-1800000.0
priority_042,priority,mobile,4,4,0,0.0
priority_042,priority,software,5,5,0,0.0
priority_042,priority,web,2,3,1,3300000.0
priority_043,priority,advertising,2,4,2,5907657.0
priority_043,priority,biotech,2,3,1,110000.0
priority_043,priority,ecommerce,2,4,2,2650000.0
priority_043,priority,enterprise,6,6,0,0.0
priority_043,priority,games_video,0,2,2,240000.0
priority_043,priority,hardware,2,3,1,2000800.0
priority_043,priority,medical,3,4,1,2982624.0
priority_043,priority,mobile,4,4,0,0.0
priority_043,priority,software,4,3,-1,-5544997.0
priority_043,priority,web,5,4,-1,-7850000.0
priority_044,priority,advertising,2,0,-2,-7288352.0
priority_044,priority,biotech,2,0,-2,-3974128.0
priority_044,priority,ecommerce,2,1,-1,-140000.0
priority_044,priority,enterprise,6,3,-3,13021299.0
priority_044,priority,games_video,0,0,0,0.0
priority_044,priority,hardware,2,0,-2,-172000.0
priority_044,priority,medical,3,1,-2,-3175753.0
priority_044,priority,mobile,4,1,-3,-7535759.0
priority_044,priority,software,4,3,-1,17732395.0
priority_044,priority,web,5,1,-4,-8579690.0
priority_045,priority,advertising,2,2,0,-4500000.0
priority_045,priority,biotech,2,0,-2,-3974128.0
priority_045,priority,ecommerce,2,5,3,6150000.0
priority_045,priority,enterprise,6,6,0,0.0
priority_045,priority,games_video,0,2,2,240000.0
priority_045,priority,hardware,2,3,1,2000800.0
priority_045,priority,medical,3,1,-2,-3175753.0
priority_045,priority,mobile,4,5,1,3500000.0
priority_045,priority,software,4,4,0,0.0
priority_045,priority,web,5,5,0,0.0
priority_046,priority,advertising,2,3,1,500000.0
priority_046,priority,biotech,2,3,1,110000.0
priority_046,priority,ecommerce,3,4,1,1800000.0
priority_046,priority,enterprise,6,5,-1,-4565448.0
priority_046,priority,games_video,0,2,2,240000.0
priority_046,priority,hardware,2,3,1,2000800.0
priority_046,priority,medical,2,4,2,4358377.0
priority_046,priority,mobile,4,4,0,0.0
priority_046,priority,software,5,5,0,0.0
priority_046,priority,web,4,4,0,-4550000.0
priority_047,priority,advertising,2,0,-2,-7288352.0
priority_047,priority,biotech,2,0,-2,-3974128.0
priority_047,priority,ecommerce,3,1,-2,-990000.0
priority_047,priority,enterprise,6,3,-3,13021299.0
priority_047,priority,games_video,0,0,0,0.0
priority_047,priority,hardware,2,1,-1,8828000.0
priority_047,priority,medical,2,1,-1,-1800000.0
priority_047,priority,mobile,4,2,-2,-3535759.0
priority_047,priority,software,5,3,-2,-23208.0
priority_047,priority,web,4,1,-3,-5279690.0
priority_048,priority,advertising,2,2,0,-4500000.0
priority_048,priority,biotech,2,0,-2,-3974128.0
priority_048,priority,ecommerce,3,5,2,5300000.0
priority_048,priority,enterprise,6,6,0,0.0
priority_048,priority,games_video,0,2,2,240000.0
priority_048,priority,hardware,2,4,2,4000800.0
priority_048,priority,medical,2,2,0,0.0
priority_048,priority,mobile,4,5,1,3500000.0
priority_048,priority,software,5,5,0,0.0
priority_048,priority,web,4,4,0,-4550000.0
logic_recalibrated_049,logic_recalibrated,advertising,1,1,0,0.0
logic_recalibrated_049,logic_recalibrated,biotech,0,0,0,0.0
logic_recalibrated_049,logic_recalibrated,ecommerce,2,2,0,0.0
logic_recalibrated_049,logic_recalibrated,enterprise,3,3,0,3565600.0
logic_recalibrated_049,logic_recalibrated,games_video,0,0,0,0.0
logic_recalibrated_049,logic_recalibrated,hardware,2,2,0,0.0
logic_recalibrated_049,logic_recalibrated,medical,2,2,0,0.0
logic_recalibrated_049,logic_recalibrated,mobile,2,3,1,1000000.0
logic_recalibrated_049,logic_recalibrated,software,4,3,-1,-4620000.0
logic_recalibrated_049,logic_recalibrated,web,2,2,0,0.0
logic_recalibrated_050,logic_recalibrated,advertising,2,2,0,0.0
logic_recalibrated_050,logic_recalibrated,biotech,3,3,0,0.0
logic_recalibrated_050,logic_recalibrated,ecommerce,3,3,0,0.0
logic_recalibrated_050,logic_recalibrated,enterprise,1,1,0,0.0
logic_recalibrated_050,logic_recalibrated,games_video,2,2,0,0.0
logic_recalibrated_050,logic_recalibrated,hardware,2,2,0,0.0
logic_recalibrated_050,logic_recalibrated,medical,3,3,0,0.0
logic_recalibrated_050,logic_recalibrated,mobile,3,3,0,0.0
logic_recalibrated_050,logic_recalibrated,software,3,3,0,0.0
logic_recalibrated_050,logic_recalibrated,web,2,2,0,0.0
logic_recalibrated_051,logic_recalibrated,advertising,0,0,0,0.0
logic_recalibrated_051,logic_recalibrated,biotech,0,0,0,0.0
logic_recalibrated_051,logic_recalibrated,ecommerce,1,1,0,0.0
logic_recalibrated_051,logic_recalibrated,enterprise,1,2,1,7713994.0
logic_recalibrated_051,logic_recalibrated,games_video,0,0,0,0.0
logic_recalibrated_051,logic_recalibrated,hardware,0,0,0,0.0
logic_recalibrated_051,logic_recalibrated,medical,1,2,1,1800000.0
logic_recalibrated_051,logic_recalibrated,mobile,1,1,0,0.0
logic_recalibrated_051,logic_recalibrated,software,3,1,-2,-9744997.0
logic_recalibrated_051,logic_recalibrated,web,0,0,0,0.0
logic_recalibrated_052,logic_recalibrated,advertising,0,1,1,500000.0
logic_recalibrated_052,logic_recalibrated,biotech,0,0,0,0.0
logic_recalibrated_052,logic_recalibrated,ecommerce,4,4,0,0.0
logic_recalibrated_052,logic_recalibrated,enterprise,3,3,0,0.0
logic_recalibrated_052,logic_recalibrated,games_video,2,2,0,0.0
logic_recalibrated_052,logic_recalibrated,hardware,2,2,0,0.0
logic_recalibrated_052,logic_recalibrated,medical,1,1,0,0.0
logic_recalibrated_052,logic_recalibrated,mobile,3,4,1,4000000.0
logic_recalibrated_052,logic_recalibrated,software,4,3,-1,-4620000.0
logic_recalibrated_052,logic_recalibrated,web,2,2,0,0.0
logic_recalibrated_053,logic_recalibrated,advertising,2,2,0,0.0
logic_recalibrated_053,logic_recalibrated,biotech,3,3,0,0.0
logic_recalibrated_053,logic_recalibrated,ecommerce,3,3,0,0.0
logic_recalibrated_053,logic_recalibrated,enterprise,1,1,0,0.0
logic_recalibrated_053,logic_recalibrated,games_video,2,2,0,0.0
logic_recalibrated_053,logic_recalibrated,hardware,2,2,0,0.0
logic_recalibrated_053,logic_recalibrated,medical,3,3,0,0.0
logic_recalibrated_053,logic_recalibrated,mobile,3,3,0,0.0
logic_recalibrated_053,logic_recalibrated,software,3,3,0,0.0
logic_recalibrated_053,logic_recalibrated,web,2,2,0,0.0
logic_recalibrated_054,logic_recalibrated,advertising,1,2,1,5000000.0
logic_recalibrated_054,logic_recalibrated,biotech,1,1,0,2224128.0
logic_recalibrated_054,logic_recalibrated,ecommerce,3,2,-1,-850000.0
logic_recalibrated_054,logic_recalibrated,enterprise,5,5,0,0.0
logic_recalibrated_054,logic_recalibrated,games_video,0,0,0,0.0
logic_recalibrated_054,logic_recalibrated,hardware,2,2,0,0.0
logic_recalibrated_054,logic_recalibrated,medical,2,2,0,0.0
logic_recalibrated_054,logic_recalibrated,mobile,4,4,0,0.0
logic_recalibrated_054,logic_recalibrated,software,5,3,-2,-9744997.0
logic_recalibrated_054,logic_recalibrated,web,2,3,1,3300000.0
logic_recalibrated_055,logic_recalibrated,advertising,1,3,2,5500000.0
logic_recalibrated_055,logic_recalibrated,biotech,3,3,0,0.0
logic_recalibrated_055,logic_recalibrated,ecommerce,3,4,1,1800000.0
logic_recalibrated_055,logic_recalibrated,enterprise,4,4,0,0.0
logic_recalibrated_055,logic_recalibrated,games_video,2,2,0,0.0
logic_recalibrated_055,logic_recalibrated,hardware,2,3,1,2000800.0
logic_recalibrated_055,logic_recalibrated,medical,4,3,-1,-2982624.0
logic_recalibrated_055,logic_recalibrated,mobile,4,4,0,0.0
logic_recalibrated_055,logic_recalibrated,software,5,3,-2,-9744997.0
logic_recalibrated_055,logic_recalibrated,web,2,3,1,3300000.0
logic_recalibrated_056,logic_recalibrated,advertising,0,0,0,0.0
logic_recalibrated_056,logic_recalibrated,biotech,0,0,0,0.0
logic_recalibrated_056,logic_recalibrated,ecommerce,1,1,0,0.0
logic_recalibrated_056,logic_recalibrated,enterprise,2,3,1,21591233.0
logic_recalibrated_056,logic_recalibrated,games_video,0,0,0,0.0
logic_recalibrated_056,logic_recalibrated,hardware,0,0,0,0.0
logic_recalibrated_056,logic_recalibrated,medical,1,2,1,1800000.0
logic_recalibrated_056,logic_recalibrated,mobile,2,2,0,0.0
logic_recalibrated_056,logic_recalibrated,software,3,1,-2,-15820600.0
logic_recalibrated_056,logic_recalibrated,web,1,0,-1,-7850000.0
logic_recalibrated_057,logic_recalibrated,advertising,2,1,-1,-2288352.0
logic_recalibrated_057,logic_recalibrated,biotech,0,0,0,0.0
logic_recalibrated_057,logic_recalibrated,ecommerce,4,4,0,0.0
logic_recalibrated_057,logic_recalibrated,enterprise,5,5,0,0.0
logic_recalibrated_057,logic_recalibrated,games_video,2,2,0,0.0
logic_recalibrated_057,logic_recalibrated,hardware,2,3,1,2000800.0
logic_recalibrated_057,logic_recalibrated,medical,1,1,0,0.0
logic_recalibrated_057,logic_recalibrated,mobile,4,4,0,0.0
logic_recalibrated_057,logic_recalibrated,software,5,4,-1,-4200000.0
logic_recalibrated_057,logic_recalibrated,web,3,4,1,4450000.0
logic_recalibrated_058,logic_recalibrated,advertising,3,4,1,5000000.0
logic_recalibrated_058,logic_recalibrated,biotech,3,3,0,0.0
logic_recalibrated_058,logic_recalibrated,ecommerce,4,4,0,0.0
logic_recalibrated_058,logic_recalibrated,enterprise,3,3,0,3565600.0
logic_recalibrated_058,logic_recalibrated,games_video,4,4,0,0.0
logic_recalibrated_058,logic_recalibrated,hardware,2,2,0,0.0
logic_recalibrated_058,logic_recalibrated,medical,5,5,0,0.0
logic_recalibrated_058,logic_recalibrated,mobile,4,3,-1,-4000000.0
logic_recalibrated_058,logic_recalibrated,software,4,3,-1,-4620000.0
logic_recalibrated_058,logic_recalibrated,web,2,2,0,0.0
logic_recalibrated_059,logic_recalibrated,advertising,2,2,0,0.0
logic_recalibrated_059,logic_recalibrated,biotech,2,2,0,0.0
logic_recalibrated_059,logic_recalibrated,ecommerce,3,2,-1,-850000.0
logic_recalibrated_059,logic_recalibrated,enterprise,6,6,0,0.0
logic_recalibrated_059,logic_recalibrated,games_video,0,0,0,0.0
logic_recalibrated_059,logic_recalibrated,hardware,2,2,0,0.0
logic_recalibrated_059,logic_recalibrated,medical,2,3,1,1375753.0
logic_recalibrated_059,logic_recalibrated,mobile,4,4,0,0.0
logic_recalibrated_059,logic_recalibrated,software,5,4,-1,-4200000.0
logic_recalibrated_059,logic_recalibrated,web,4,5,1,3300000.0
logic_recalibrated_060,logic_recalibrated,advertising,3,4,1,5407657.0
logic_recalibrated_060,logic_recalibrated,biotech,3,3,0,0.0
logic_recalibrated_060,logic_recalibrated,ecommerce,4,4,0,0.0
logic_recalibrated_060,logic_recalibrated,enterprise,5,6,1,4565448.0
logic_recalibrated_060,logic_recalibrated,games_video,2,2,0,0.0
logic_recalibrated_060,logic_recalibrated,hardware,3,3,0,0.0
logic_recalibrated_060,logic_recalibrated,medical,4,4,0,0.0
logic_recalibrated_060,logic_recalibrated,mobile,4,4,0,0.0
logic_recalibrated_060,logic_recalibrated,software,5,3,-2,-9744997.0
logic_recalibrated_060,logic_recalibrated,web,4,4,0,0.0
logic_recalibrated_061,logic_recalibrated,advertising,0,0,0,0.0
logic_recalibrated_061,logic_recalibrated,biotech,0,0,0,0.0
logic_recalibrated_061,logic_recalibrated,ecommerce,1,1,0,0.0
logic_recalibrated_061,logic_recalibrated,enterprise,3,3,0,0.0
logic_recalibrated_061,logic_recalibrated,games_video,0,0,0,0.0
logic_recalibrated_061,logic_recalibrated,hardware,1,0,-1,-9000000.0
logic_recalibrated_061,logic_recalibrated,medical,1,1,0,0.0
logic_recalibrated_061,logic_recalibrated,mobile,2,1,-1,-4000000.0
logic_recalibrated_061,logic_recalibrated,software,3,3,0,13555603.0
logic_recalibrated_061,logic_recalibrated,web,1,1,0,0.0
logic_recalibrated_062,logic_recalibrated,advertising,2,2,0,0.0
logic_recalibrated_062,logic_recalibrated,biotech,0,0,0,0.0
logic_recalibrated_062,logic_recalibrated,ecommerce,5,5,0,0.0
logic_recalibrated_062,logic_recalibrated,enterprise,6,6,0,0.0
logic_recalibrated_062,logic_recalibrated,games_video,2,2,0,0.0
logic_recalibrated_062,logic_recalibrated,hardware,4,3,-1,-2000000.0
logic_recalibrated_062,logic_recalibrated,medical,2,1,-1,-1800000.0
logic_recalibrated_062,logic_recalibrated,mobile,5,5,0,0.0
logic_recalibrated_062,logic_recalibrated,software,5,4,-1,-4200000.0
logic_recalibrated_062,logic_recalibrated,web,4,5,1,7850000.0
logic_recalibrated_063,logic_recalibrated,advertising,5,5,0,0.0
logic_recalibrated_063,logic_recalibrated,biotech,4,5,1,4020000.0
logic_recalibrated_063,logic_recalibrated,ecommerce,4,5,1,3500000.0
logic_recalibrated_063,logic_recalibrated,enterprise,4,4,0,0.0
logic_recalibrated_063,logic_recalibrated,games_video,4,4,0,0.0
logic_recalibrated_063,logic_recalibrated,hardware,3,3,0,0.0
logic_recalibrated_063,logic_recalibrated,medical,5,5,0,0.0
logic_recalibrated_063,logic_recalibrated,mobile,4,4,0,0.0
logic_recalibrated_063,logic_recalibrated,software,4,3,-1,-4620000.0
logic_recalibrated_063,logic_recalibrated,web,3,2,-1,-3300000.0
logic_fixed_targets_064,logic_fixed_targets,advertising,1,1,0,0.0
logic_fixed_targets_064,logic_fixed_targets,biotech,0,0,0,0.0
logic_fixed_targets_064,logic_fixed_targets,ecommerce,2,2,0,0.0
logic_fixed_targets_064,logic_fixed_targets,enterprise,3,3,0,3565600.0
logic_fixed_targets_064,logic_fixed_targets,games_video,0,0,0,0.0
logic_fixed_targets_064,logic_fixed_targets,hardware,2,2,0,0.0
logic_fixed_targets_064,logic_fixed_targets,medical,2,2,0,0.0
logic_fixed_targets_064,logic_fixed_targets,mobile,2,3,1,1000000.0
logic_fixed_targets_064,logic_fixed_targets,software,4,3,-1,-4620000.0
logic_fixed_targets_064,logic_fixed_targets,web,2,2,0,0.0
logic_fixed_targets_065,logic_fixed_targets,advertising,2,2,0,0.0
logic_fixed_targets_065,logic_fixed_targets,biotech,3,3,0,0.0
logic_fixed_targets_065,logic_fixed_targets,ecommerce,3,3,0,0.0
logic_fixed_targets_065,logic_fixed_targets,enterprise,1,1,0,0.0
logic_fixed_targets_065,logic_fixed_targets,games_video,2,2,0,0.0
logic_fixed_targets_065,logic_fixed_targets,hardware,2,2,0,0.0
logic_fixed_targets_065,logic_fixed_targets,medical,3,3,0,0.0
logic_fixed_targets_065,logic_fixed_targets,mobile,3,3,0,0.0
logic_fixed_targets_065,logic_fixed_targets,software,3,3,0,0.0
logic_fixed_targets_065,logic_fixed_targets,web,2,2,0,0.0
logic_fixed_targets_066,logic_fixed_targets,advertising,0,0,0,0.0
logic_fixed_targets_066,logic_fixed_targets,biotech,0,0,0,0.0
logic_fixed_targets_066,logic_fixed_targets,ecommerce,1,1,0,0.0
logic_fixed_targets_066,logic_fixed_targets,enterprise,1,2,1,7713994.0
logic_fixed_targets_066,logic_fixed_targets,games_video,0,0,0,0.0
logic_fixed_targets_066,logic_fixed_targets,hardware,0,0,0,0.0
logic_fixed_targets_066,logic_fixed_targets,medical,1,2,1,1800000.0
logic_fixed_targets_066,logic_fixed_targets,mobile,1,1,0,0.0
logic_fixed_targets_066,logic_fixed_targets,software,3,1,-2,-9744997.0
logic_fixed_targets_066,logic_fixed_targets,web,0,0,0,0.0
logic_fixed_targets_067,logic_fixed_targets,advertising,0,1,1,500000.0
logic_fixed_targets_067,logic_fixed_targets,biotech,0,0,0,0.0
logic_fixed_targets_067,logic_fixed_targets,ecommerce,4,4,0,0.0
logic_fixed_targets_067,logic_fixed_targets,enterprise,3,3,0,0.0
logic_fixed_targets_067,logic_fixed_targets,games_video,2,2,0,0.0
logic_fixed_targets_067,logic_fixed_targets,hardware,2,2,0,0.0
logic_fixed_targets_067,logic_fixed_targets,medical,1,1,0,0.0
logic_fixed_targets_067,logic_fixed_targets,mobile,3,4,1,4000000.0
logic_fixed_targets_067,logic_fixed_targets,software,4,3,-1,-4620000.0
logic_fixed_targets_067,logic_fixed_targets,web,2,2,0,0.0
logic_fixed_targets_068,logic_fixed_targets,advertising,1,2,1,5000000.0
logic_fixed_targets_068,logic_fixed_targets,biotech,1,1,0,2224128.0
logic_fixed_targets_068,logic_fixed_targets,ecommerce,3,2,-1,-850000.0
logic_fixed_targets_068,logic_fixed_targets,enterprise,5,5,0,0.0
logic_fixed_targets_068,logic_fixed_targets,games_video,0,0,0,0.0
logic_fixed_targets_068,logic_fixed_targets,hardware,2,2,0,0.0
logic_fixed_targets_068,logic_fixed_targets,medical,2,2,0,0.0
logic_fixed_targets_068,logic_fixed_targets,mobile,4,4,0,0.0
logic_fixed_targets_068,logic_fixed_targets,software,5,3,-2,-9744997.0
logic_fixed_targets_068,logic_fixed_targets,web,2,3,1,3300000.0
logic_fixed_targets_069,logic_fixed_targets,advertising,1,3,2,5500000.0
logic_fixed_targets_069,logic_fixed_targets,biotech,3,3,0,0.0
logic_fixed_targets_069,logic_fixed_targets,ecommerce,3,4,1,1800000.0
logic_fixed_targets_069,logic_fixed_targets,enterprise,4,4,0,0.0
logic_fixed_targets_069,logic_fixed_targets,games_video,2,2,0,0.0
logic_fixed_targets_069,logic_fixed_targets,hardware,2,3,1,2000800.0
logic_fixed_targets_069,logic_fixed_targets,medical,4,3,-1,-2982624.0
logic_fixed_targets_069,logic_fixed_targets,mobile,4,4,0,0.0
logic_fixed_targets_069,logic_fixed_targets,software,5,3,-2,-9744997.0
logic_fixed_targets_069,logic_fixed_targets,web,2,3,1,3300000.0
logic_fixed_targets_070,logic_fixed_targets,advertising,0,1,1,5000000.0
logic_fixed_targets_070,logic_fixed_targets,biotech,0,0,0,0.0
logic_fixed_targets_070,logic_fixed_targets,ecommerce,1,1,0,0.0
logic_fixed_targets_070,logic_fixed_targets,enterprise,2,2,0,0.0
logic_fixed_targets_070,logic_fixed_targets,games_video,0,0,0,0.0
logic_fixed_targets_070,logic_fixed_targets,hardware,0,0,0,0.0
logic_fixed_targets_070,logic_fixed_targets,medical,1,1,0,0.0
logic_fixed_targets_070,logic_fixed_targets,mobile,2,2,0,0.0
logic_fixed_targets_070,logic_fixed_targets,software,3,2,-1,-4620000.0
logic_fixed_targets_070,logic_fixed_targets,web,1,1,0,0.0
logic_fixed_targets_071,logic_fixed_targets,advertising,2,1,-1,-2288352.0
logic_fixed_targets_071,logic_fixed_targets,biotech,0,0,0,0.0
logic_fixed_targets_071,logic_fixed_targets,ecommerce,4,4,0,0.0
logic_fixed_targets_071,logic_fixed_targets,enterprise,5,5,0,0.0
logic_fixed_targets_071,logic_fixed_targets,games_video,2,2,0,0.0
logic_fixed_targets_071,logic_fixed_targets,hardware,2,3,1,2000800.0
logic_fixed_targets_071,logic_fixed_targets,medical,1,1,0,0.0
logic_fixed_targets_071,logic_fixed_targets,mobile,4,4,0,0.0
logic_fixed_targets_071,logic_fixed_targets,software,5,4,-1,-4200000.0
logic_fixed_targets_071,logic_fixed_targets,web,3,4,1,4450000.0
logic_fixed_targets_072,logic_fixed_targets,advertising,2,2,0,0.0
logic_fixed_targets_072,logic_fixed_targets,biotech,2,2,0,0.0
logic_fixed_targets_072,logic_fixed_targets,ecommerce,3,2,-1,-850000.0
logic_fixed_targets_072,logic_fixed_targets,enterprise,6,6,0,0.0
logic_fixed_targets_072,logic_fixed_targets,games_video,0,0,0,0.0
logic_fixed_targets_072,logic_fixed_targets,hardware,2,2,0,0.0
logic_fixed_targets_072,logic_fixed_targets,medical,2,3,1,1375753.0
logic_fixed_targets_072,logic_fixed_targets,mobile,4,4,0,0.0
logic_fixed_targets_072,logic_fixed_targets,software,5,4,-1,-4200000.0
logic_fixed_targets_072,logic_fixed_targets,web,4,5,1,3300000.0
logic_fixed_targets_073,logic_fixed_targets,advertising,3,4,1,5407657.0
logic_fixed_targets_073,logic_fixed_targets,biotech,3,3,0,0.0
logic_fixed_targets_073,logic_fixed_targets,ecommerce,4,4,0,0.0
logic_fixed_targets_073,logic_fixed_targets,enterprise,5,6,1,4565448.0
logic_fixed_targets_073,logic_fixed_targets,games_video,2,2,0,0.0
logic_fixed_targets_073,logic_fixed_targets,hardware,3,3,0,0.0
logic_fixed_targets_073,logic_fixed_targets,medical,4,4,0,0.0
logic_fixed_targets_073,logic_fixed_targets,mobile,4,4,0,0.0
logic_fixed_targets_073,logic_fixed_targets,software,5,3,-2,-9744997.0
logic_fixed_targets_073,logic_fixed_targets,web,4,4,0,0.0
logic_fixed_targets_074,logic_fixed_targets,advertising,0,0,0,0.0
logic_fixed_targets_074,logic_fixed_targets,biotech,0,0,0,0.0
logic_fixed_targets_074,logic_fixed_targets,ecommerce,1,1,0,0.0
logic_fixed_targets_074,logic_fixed_targets,enterprise,3,3,0,0.0
logic_fixed_targets_074,logic_fixed_targets,games_video,0,0,0,0.0
logic_fixed_targets_074,logic_fixed_targets,hardware,1,0,-1,-9000000.0
logic_fixed_targets_074,logic_fixed_targets,medical,1,1,0,0.0
logic_fixed_targets_074,logic_fixed_targets,mobile,2,1,-1,-4000000.0
logic_fixed_targets_074,logic_fixed_targets,software,3,3,0,13555603.0
logic_fixed_targets_074,logic_fixed_targets,web,1,1,0,0.0
logic_fixed_targets_075,logic_fixed_targets,advertising,2,2,0,0.0
logic_fixed_targets_075,logic_fixed_targets,biotech,0,0,0,0.0
logic_fixed_targets_075,logic_fixed_targets,ecommerce,5,5,0,0.0
logic_fixed_targets_075,logic_fixed_targets,enterprise,6,6,0,0.0
logic_fixed_targets_075,logic_fixed_targets,games_video,2,2,0,0.0
logic_fixed_targets_075,logic_fixed_targets,hardware,4,3,-1,-2000000.0
logic_fixed_targets_075,logic_fixed_targets,medical,2,1,-1,-1800000.0
logic_fixed_targets_075,logic_fixed_targets,mobile,5,5,0,0.0
logic_fixed_targets_075,logic_fixed_targets,software,5,4,-1,-4200000.0
logic_fixed_targets_075,logic_fixed_targets,web,4,5,1,7850000.0
