comparison_id,dimension,from_budget,from_model,from_logical_scenario,from_priority,from_target_policy,to_budget,to_model,to_logical_scenario,to_priority,to_target_policy,retained,added_count,removed_count,jaccard_similarity,added_projects,removed_projects,delta_projects_selected,delta_total_investment,delta_budget_utilization_percent,delta_total_potential,delta_total_risk,delta_total_strategic
budget_001,budget,25000000,GP,assumed_logic,balanced,recalibrated,50000000,GP,assumed_logic,balanced,recalibrated,18,6,0,0.75,P013;P025;P033;P055;P057;P075,,6,25047522.0,0.5361860000000007,231.68000000000006,366.66666799999985,375.0
budget_002,budget,25000000,GP,assumed_logic,balanced,recalibrated,75000000,GP,assumed_logic,balanced,recalibrated,17,13,1,0.5483870967741935,P004;P005;P012;P013;P023;P025;P028;P033;P054;P055;P057;P075;P092,P003,12,49708720.0,0.19981599999999844,432.5100000000001,762.5000010000001,725.0
budget_003,budget,50000000,GP,assumed_logic,balanced,recalibrated,75000000,GP,assumed_logic,balanced,recalibrated,23,7,1,0.7419354838709677,P004;P005;P012;P023;P028;P054;P092,P003,6,24661198.0,-0.3363700000000023,200.83000000000004,395.83333300000027,350.0
budget_004,budget,25000000,GP,assumed_logic,potential_focused,recalibrated,50000000,GP,assumed_logic,potential_focused,recalibrated,24,8,0,0.75,P025;P033;P044;P052;P053;P055;P075;P085,,8,24935200.0,0.011780000000001678,235.00999999999988,625.0000009999999,575.0
budget_005,budget,25000000,GP,assumed_logic,potential_focused,recalibrated,75000000,GP,assumed_logic,potential_focused,recalibrated,24,13,0,0.6486486486486487,P023;P025;P033;P044;P052;P053;P054;P055;P057;P074;P075;P085;P093,,13,50054923.0,0.26173733333331484,417.51,950.0000009999999,875.0
budget_006,budget,50000000,GP,assumed_logic,potential_focused,recalibrated,75000000,GP,assumed_logic,potential_focused,recalibrated,32,5,0,0.8648648648648649,P023;P054;P057;P074;P093,,5,25119723.0,0.24995733333331316,182.5000000000001,325.0,300.0
budget_007,budget,25000000,GP,assumed_logic,risk_focused,recalibrated,50000000,GP,assumed_logic,risk_focused,recalibrated,7,2,0,0.7777777777777778,P033;P059,,2,25591233.0,4.313810000000004,106.67000000000002,66.66666699999996,175.0
budget_008,budget,25000000,GP,assumed_logic,risk_focused,recalibrated,75000000,GP,assumed_logic,risk_focused,recalibrated,6,4,1,0.5454545454545454,P006;P008;P028;P059,P095,3,50941833.0,5.430902666666682,172.4999999999999,112.5,375.0
budget_009,budget,50000000,GP,assumed_logic,risk_focused,recalibrated,75000000,GP,assumed_logic,risk_focused,recalibrated,7,3,2,0.5833333333333334,P006;P008;P028,P033;P095,1,25350600.0,1.1170926666666787,65.82999999999987,45.83333300000004,200.0
budget_010,budget,25000000,GP,assumed_logic,strategy_focused,recalibrated,50000000,GP,assumed_logic,strategy_focused,recalibrated,21,7,1,0.7241379310344828,P004;P005;P023;P025;P053;P054;P085,P003,6,25361245.0,1.6915359999999993,176.66999999999996,441.66666699999996,500.0
budget_011,budget,25000000,GP,assumed_logic,strategy_focused,recalibrated,75000000,GP,assumed_logic,strategy_focused,recalibrated,21,12,1,0.6176470588235294,P004;P005;P023;P025;P028;P035;P045;P053;P054;P057;P073;P085,P003,11,50213591.0,1.576849333333314,359.18000000000006,766.6666679999998,825.0
budget_012,budget,50000000,GP,assumed_logic,strategy_focused,recalibrated,75000000,GP,assumed_logic,strategy_focused,recalibrated,28,5,0,0.8484848484848485,P028;P035;P045;P057;P073,,5,24852346.0,-0.11468666666668526,182.5100000000001,325.0000009999999,325.0
budget_013,budget,25000000,GP,baseline,balanced,recalibrated,50000000,GP,baseline,balanced,recalibrated,18,7,0,0.72,P005;P012;P031;P033;P042;P053;P057,,7,25063991.0,0.46032399999999996,249.16999999999996,466.66666699999996,500.0
budget_014,budget,25000000,GP,baseline,balanced,recalibrated,75000000,GP,baseline,balanced,recalibrated,18,12,0,0.6,P005;P012;P013;P023;P028;P031;P033;P042;P053;P054;P057;P075,,12,50028567.0,0.4812119999999993,455.01,750.0000010000001,775.0
budget_015,budget,50000000,GP,baseline,balanced,recalibrated,75000000,GP,baseline,balanced,recalibrated,25,5,0,0.8333333333333334,P013;P023;P028;P054;P075,,5,24964576.0,0.02088799999999935,205.84000000000003,283.33333400000015,275.0
budget_016,budget,25000000,GP,baseline,potential_focused,recalibrated,50000000,GP,baseline,potential_focused,recalibrated,23,7,1,0.7419354838709677,P004;P005;P033;P052;P053;P055;P093,P072,6,25062021.0,0.26542200000000093,231.66999999999996,366.66666699999996,550.0
budget_017,budget,25000000,GP,baseline,potential_focused,recalibrated,75000000,GP,baseline,potential_focused,recalibrated,24,13,0,0.6486486486486487,P004;P005;P023;P025;P033;P044;P052;P053;P055;P057;P075;P085;P093,,13,49826815.0,-0.042406666666664705,440.8399999999999,908.3333339999999,950.0
budget_018,budget,50000000,GP,baseline,potential_focused,recalibrated,75000000,GP,baseline,potential_focused,recalibrated,30,7,0,0.8108108108108109,P023;P025;P044;P057;P072;P075;P085,,7,24764794.0,-0.30782866666666564,209.16999999999996,541.666667,400.0
budget_019,budget,25000000,GP,baseline,risk_focused,recalibrated,50000000,GP,baseline,risk_focused,recalibrated,6,4,1,0.5454545454545454,P008;P028;P033;P057,P005,3,25639597.0,3.948532,147.51000000000005,125.00000099999994,250.0
budget_020,budget,25000000,GP,baseline,risk_focused,recalibrated,75000000,GP,baseline,risk_focused,recalibrated,7,5,0,0.5833333333333334,P028;P033;P057;P059;P088,,5,50155227.0,3.7660866666666664,255.01000000000005,187.50000099999994,400.0
budget_021,budget,50000000,GP,baseline,risk_focused,recalibrated,75000000,GP,baseline,risk_focused,recalibrated,9,3,1,0.6923076923076923,P005;P059;P088,P008,2,24515630.0,-0.1824453333333338,107.5,62.5,150.0
budget_022,budget,25000000,GP,baseline,strategy_focused,recalibrated,50000000,GP,baseline,strategy_focused,recalibrated,21,7,0,0.75,P005;P025;P033;P053;P054;P072;P073,,7,25278797.0,1.2866399999999913,240.84000000000003,483.3333339999999,500.0
budget_023,budget,25000000,GP,baseline,strategy_focused,recalibrated,75000000,GP,baseline,strategy_focused,recalibrated,21,14,0,0.6,P005;P023;P025;P033;P035;P045;P053;P054;P057;P072;P073;P083;P085;P095,,14,50243591.0,1.2968493333333129,437.51,1025.0000009999999,900.0
budget_024,budget,50000000,GP,baseline,strategy_focused,recalibrated,75000000,GP,baseline,strategy_focused,recalibrated,28,7,0,0.8,P023;P035;P045;P057;P083;P085;P095,,7,24964794.0,0.010209333333321524,196.66999999999996,541.666667,400.0
budget_025,budget,25000000,IP,assumed_logic,single_objective,recalibrated,50000000,IP,assumed_logic,single_objective,recalibrated,24,9,0,0.7272727272727273,P044;P052;P053;P064;P065;P071;P075;P093;P094,,9,24997124.0,0.13562799999999697,251.66999999999996,754.166667,350.0
budget_026,budget,25000000,IP,assumed_logic,single_objective,recalibrated,75000000,IP,assumed_logic,single_objective,recalibrated,24,16,0,0.6,P014;P015;P033;P044;P045;P052;P053;P055;P064;P065;P071;P074;P075;P085;P093;P094,,16,49659981.0,-0.26485200000000475,461.66999999999985,1291.666667,650.0
budget_027,budget,50000000,IP,assumed_logic,single_objective,recalibrated,75000000,IP,assumed_logic,single_objective,recalibrated,33,7,0,0.825,P014;P015;P033;P045;P055;P074;P085,,7,24662857.0,-0.4004800000000017,209.9999999999999,537.5,300.0
budget_028,budget,25000000,IP,baseline,single_objective,recalibrated,50000000,IP,baseline,single_objective,recalibrated,24,10,0,0.7058823529411765,P004;P033;P044;P052;P055;P064;P065;P071;P093;P094,,10,25051524.0,0.2444279999999992,261.66999999999996,866.666667,500.0
budget_029,budget,25000000,IP,baseline,single_objective,recalibrated,75000000,IP,baseline,single_objective,recalibrated,24,16,0,0.6,P004;P015;P025;P033;P044;P052;P053;P055;P064;P065;P071;P074;P075;P085;P093;P094,,16,50059981.0,0.2684813333333125,477.50999999999976,1262.5000009999999,775.0
budget_030,budget,50000000,IP,baseline,single_objective,recalibrated,75000000,IP,baseline,single_objective,recalibrated,34,6,0,0.85,P015;P025;P053;P074;P075;P085,,6,25008457.0,0.024053333333313276,215.8399999999998,395.8333339999999,275.0
priority_031,priority,25000000,GP,assumed_logic,balanced,recalibrated,25000000,GP,assumed_logic,potential_focused,recalibrated,16,8,2,0.6153846153846154,P011;P012;P013;P042;P061;P062;P072;P092,P052;P053,6,149881.0,0.5995240000000024,136.6600000000002,541.6666659999999,-75.0
priority_032,priority,25000000,GP,assumed_logic,balanced,recalibrated,25000000,GP,assumed_logic,risk_focused,recalibrated,6,1,12,0.3157894736842105,P057,P001;P002;P021;P022;P031;P034;P041;P051;P052;P073;P081;P082,-11,-1345101.0,-5.380403999999999,-195.8299999999998,-1070.833333,-775.0
priority_033,priority,25000000,GP,assumed_logic,balanced,recalibrated,25000000,GP,assumed_logic,strategy_focused,recalibrated,15,7,3,0.6,P033;P042;P044;P055;P061;P062;P072,P053;P073;P095,4,-263952.0,-1.055807999999999,6.660000000000082,516.6666659999999,225.0
priority_034,priority,25000000,GP,baseline,balanced,recalibrated,25000000,GP,baseline,potential_focused,recalibrated,15,9,3,0.5555555555555556,P011;P012;P013;P031;P042;P061;P062;P072;P092,P004;P052;P055,6,95481.0,0.38192399999999793,136.66000000000008,541.6666659999999,-100.0
priority_035,priority,25000000,GP,baseline,balanced,recalibrated,25000000,GP,baseline,risk_focused,recalibrated,5,2,13,0.25,P005;P053,P001;P002;P021;P022;P034;P041;P051;P052;P055;P073;P081;P082;P095,-11,-1168498.0,-4.673992000000013,-204.17000000000002,-1054.166667,-700.0
priority_036,priority,25000000,GP,baseline,balanced,recalibrated,25000000,GP,baseline,strategy_focused,recalibrated,16,5,2,0.6956521739130435,P031;P042;P044;P061;P062,P073;P095,3,-198352.0,-0.7934079999999994,-3.340000000000032,404.16666599999985,200.0
priority_037,priority,50000000,GP,assumed_logic,balanced,recalibrated,50000000,GP,assumed_logic,potential_focused,recalibrated,23,9,1,0.696969696969697,P011;P012;P042;P044;P061;P062;P072;P085;P092,P057,8,37559.0,0.07511800000000335,139.99,799.9999989999999,125.0
priority_038,priority,50000000,GP,assumed_logic,balanced,recalibrated,50000000,GP,assumed_logic,risk_focused,recalibrated,8,1,16,0.32,P059,P001;P002;P013;P021;P022;P025;P031;P034;P041;P051;P052;P055;P073;P075;P081;P082,-15,-801390.0,-1.6027799999999957,-320.83999999999986,-1370.833334,-975.0
priority_039,priority,50000000,GP,assumed_logic,balanced,recalibrated,50000000,GP,assumed_logic,strategy_focused,recalibrated,18,10,6,0.5294117647058824,P004;P005;P023;P042;P044;P054;P061;P062;P072;P085,P003;P013;P057;P073;P075;P095,4,49771.0,0.09954199999999958,-48.35000000000002,591.666665,350.0
priority_040,priority,50000000,GP,baseline,balanced,recalibrated,50000000,GP,baseline,potential_focused,recalibrated,24,6,1,0.7741935483870968,P011;P013;P061;P062;P092;P093,P057,5,93511.0,0.1870219999999989,119.16000000000008,441.66666599999985,-50.0
priority_041,priority,50000000,GP,baseline,balanced,recalibrated,50000000,GP,baseline,risk_focused,recalibrated,8,2,17,0.2962962962962963,P008;P028,P001;P002;P005;P012;P021;P022;P031;P034;P041;P042;P051;P052;P055;P073;P081;P082;P095,-15,-592892.0,-1.1857840000000124,-305.8299999999999,-1395.833333,-950.0
priority_042,priority,50000000,GP,baseline,balanced,recalibrated,50000000,GP,baseline,strategy_focused,recalibrated,22,6,3,0.7096774193548387,P025;P044;P054;P061;P062;P072,P012;P057;P095,3,16454.0,0.032907999999991944,-11.669999999999959,420.8333329999998,200.0
priority_043,priority,75000000,GP,assumed_logic,balanced,recalibrated,75000000,GP,assumed_logic,potential_focused,recalibrated,27,10,3,0.675,P003;P011;P042;P044;P061;P062;P072;P074;P085;P093,P004;P005;P028,7,496084.0,0.6614453333333188,121.66000000000008,729.1666659999996,75.0
priority_044,priority,75000000,GP,assumed_logic,balanced,recalibrated,75000000,GP,assumed_logic,risk_focused,recalibrated,6,4,24,0.17647058823529413,P003;P006;P008;P059,P001;P002;P004;P005;P012;P013;P021;P022;P023;P025;P031;P033;P034;P041;P051;P052;P054;P055;P073;P075;P081;P082;P092;P095,-20,-111988.0,-0.14931733333331465,-455.84000000000003,-1720.8333340000001,-1125.0
priority_045,priority,75000000,GP,assumed_logic,balanced,recalibrated,75000000,GP,assumed_logic,strategy_focused,recalibrated,25,8,5,0.6578947368421053,P035;P042;P044;P045;P061;P062;P072;P085,P012;P013;P075;P092;P095,3,240919.0,0.3212253333333166,-66.66999999999996,520.8333329999996,325.0
priority_046,priority,75000000,GP,baseline,balanced,recalibrated,75000000,GP,baseline,potential_focused,recalibrated,28,9,2,0.717948717948718,P011;P025;P044;P061;P062;P072;P085;P092;P093,P028;P054,7,-106271.0,-0.14169466666666608,122.49000000000001,699.9999989999997,75.0
priority_047,priority,75000000,GP,baseline,balanced,recalibrated,75000000,GP,baseline,risk_focused,recalibrated,10,2,20,0.3125,P059;P088,P001;P002;P012;P013;P021;P022;P023;P031;P034;P041;P042;P051;P052;P054;P055;P073;P075;P081;P082;P095,-18,-1041838.0,-1.3891173333333455,-404.16999999999996,-1616.6666670000002,-1075.0
priority_048,priority,75000000,GP,baseline,balanced,recalibrated,75000000,GP,baseline,strategy_focused,recalibrated,26,9,4,0.6666666666666666,P025;P035;P044;P045;P061;P062;P072;P083;P085,P012;P013;P028;P075,5,16672.0,0.022229333333314116,-20.840000000000032,679.1666659999996,325.0
logic_recalibrated_049,logic_recalibrated,25000000,GP,baseline,balanced,recalibrated,25000000,GP,assumed_logic,balanced,recalibrated,16,2,2,0.8,P031;P053,P004;P055,0,-54400.0,-0.21760000000000446,-1.1368683772161603e-13,0.0,-25.0
logic_recalibrated_050,logic_recalibrated,25000000,GP,baseline,potential_focused,recalibrated,25000000,GP,assumed_logic,potential_focused,recalibrated,24,0,0,1.0,,,0,0.0,0.0,0.0,0.0,0.0
logic_recalibrated_051,logic_recalibrated,25000000,GP,baseline,risk_focused,recalibrated,25000000,GP,assumed_logic,risk_focused,recalibrated,5,2,2,0.5555555555555556,P057;P095,P004;P005,0,-231003.0,-0.9240119999999905,8.340000000000089,-16.66666600000002,-100.0
logic_recalibrated_052,logic_recalibrated,25000000,GP,baseline,strategy_focused,recalibrated,25000000,GP,assumed_logic,strategy_focused,recalibrated,20,2,1,0.8695652173913043,P033;P072,P004,1,-120000.0,-0.480000000000004,10.0,112.5,0.0
logic_recalibrated_053,logic_recalibrated,25000000,IP,baseline,single_objective,recalibrated,25000000,IP,assumed_logic,single_objective,recalibrated,24,0,0,1.0,,,0,0.0,0.0,0.0,0.0,0.0
logic_recalibrated_054,logic_recalibrated,50000000,GP,baseline,balanced,recalibrated,50000000,GP,assumed_logic,balanced,recalibrated,21,3,4,0.75,P013;P025;P075,P004;P005;P012;P042,-1,-70869.0,-0.1417380000000037,-17.49000000000001,-99.99999900000012,-150.0
logic_recalibrated_055,logic_recalibrated,50000000,GP,baseline,potential_focused,recalibrated,50000000,GP,assumed_logic,potential_focused,recalibrated,27,5,3,0.7714285714285715,P025;P044;P072;P075;P085,P004;P005;P093,2,-126821.0,-0.25364199999999926,3.339999999999918,258.3333339999999,25.0
logic_recalibrated_056,logic_recalibrated,50000000,GP,baseline,risk_focused,recalibrated,50000000,GP,assumed_logic,risk_focused,recalibrated,7,2,3,0.5833333333333334,P059;P095,P004;P008;P028,-1,-279367.0,-0.558733999999987,-32.49999999999994,-75.0,-175.0
logic_recalibrated_057,logic_recalibrated,50000000,GP,baseline,strategy_focused,recalibrated,50000000,GP,assumed_logic,strategy_focused,recalibrated,26,2,2,0.8666666666666667,P023;P085,P003;P073,0,-37552.0,-0.07510399999999606,-54.17000000000007,70.83333300000004,0.0
logic_recalibrated_058,logic_recalibrated,50000000,IP,baseline,single_objective,recalibrated,50000000,IP,assumed_logic,single_objective,recalibrated,31,2,3,0.8611111111111112,P053;P075,P004;P033;P055,-1,-54400.0,-0.10880000000000223,-10.0,-112.5,-150.0
logic_recalibrated_059,logic_recalibrated,75000000,GP,baseline,balanced,recalibrated,75000000,GP,assumed_logic,balanced,recalibrated,28,2,2,0.875,P025;P092,P003;P042,0,-374247.0,-0.4989960000000053,-22.5,12.5,-75.0
logic_recalibrated_060,logic_recalibrated,75000000,GP,baseline,potential_focused,recalibrated,75000000,GP,assumed_logic,potential_focused,recalibrated,35,2,2,0.8974358974358975,P054;P074,P004;P005,0,228108.0,0.30414399999997954,-23.329999999999927,41.66666699999996,-75.0
logic_recalibrated_061,logic_recalibrated,75000000,GP,baseline,risk_focused,recalibrated,75000000,GP,assumed_logic,risk_focused,recalibrated,8,2,4,0.5714285714285714,P006;P008,P004;P005;P033;P088,-2,555603.0,0.7408040000000256,-74.17000000000007,-91.66666699999996,-125.0
logic_recalibrated_062,logic_recalibrated,75000000,GP,baseline,strategy_focused,recalibrated,75000000,GP,assumed_logic,strategy_focused,recalibrated,32,1,3,0.8888888888888888,P028,P003;P083;P095,-2,-150000.0,-0.20000000000000284,-68.32999999999993,-145.83333300000004,-75.0
logic_recalibrated_063,logic_recalibrated,75000000,IP,baseline,single_objective,recalibrated,75000000,IP,assumed_logic,single_objective,recalibrated,38,2,2,0.9047619047619048,P014;P045,P004;P025,0,-400000.0,-0.5333333333333172,-15.839999999999918,29.166666000000077,-125.0
logic_fixed_targets_064,logic_fixed_targets,25000000,GP,baseline,balanced,recalibrated,25000000,GP,assumed_logic,balanced,fixed_baseline,16,2,2,0.8,P031;P053,P004;P055,0,-54400.0,-0.21760000000000446,-1.1368683772161603e-13,0.0,-25.0
logic_fixed_targets_065,logic_fixed_targets,25000000,GP,baseline,potential_focused,recalibrated,25000000,GP,assumed_logic,potential_focused,fixed_baseline,24,0,0,1.0,,,0,0.0,0.0,0.0,0.0,0.0
logic_fixed_targets_066,logic_fixed_targets,25000000,GP,baseline,risk_focused,recalibrated,25000000,GP,assumed_logic,risk_focused,fixed_baseline,5,2,2,0.5555555555555556,P057;P095,P004;P005,0,-231003.0,-0.9240119999999905,8.340000000000089,-16.66666600000002,-100.0
logic_fixed_targets_067,logic_fixed_targets,25000000,GP,baseline,strategy_focused,recalibrated,25000000,GP,assumed_logic,strategy_focused,fixed_baseline,20,2,1,0.8695652173913043,P033;P072,P004,1,-120000.0,-0.480000000000004,10.0,112.5,0.0
logic_fixed_targets_068,logic_fixed_targets,50000000,GP,baseline,balanced,recalibrated,50000000,GP,assumed_logic,balanced,fixed_baseline,21,3,4,0.75,P013;P025;P075,P004;P005;P012;P042,-1,-70869.0,-0.1417380000000037,-17.49000000000001,-99.99999900000012,-150.0
logic_fixed_targets_069,logic_fixed_targets,50000000,GP,baseline,potential_focused,recalibrated,50000000,GP,assumed_logic,potential_focused,fixed_baseline,27,5,3,0.7714285714285715,P025;P044;P072;P075;P085,P004;P005;P093,2,-126821.0,-0.25364199999999926,3.339999999999918,258.3333339999999,25.0
logic_fixed_targets_070,logic_fixed_targets,50000000,GP,baseline,risk_focused,recalibrated,50000000,GP,assumed_logic,risk_focused,fixed_baseline,9,1,1,0.8181818181818182,P075,P004,0,380000.0,0.7600000000000051,0.0,0.0,-75.0
logic_fixed_targets_071,logic_fixed_targets,50000000,GP,baseline,strategy_focused,recalibrated,50000000,GP,assumed_logic,strategy_focused,fixed_baseline,26,2,2,0.8666666666666667,P023;P085,P003;P073,0,-37552.0,-0.07510399999999606,-54.17000000000007,70.83333300000004,0.0
logic_fixed_targets_072,logic_fixed_targets,75000000,GP,baseline,balanced,recalibrated,75000000,GP,assumed_logic,balanced,fixed_baseline,28,2,2,0.875,P025;P092,P003;P042,0,-374247.0,-0.4989960000000053,-22.5,12.5,-75.0
logic_fixed_targets_073,logic_fixed_targets,75000000,GP,baseline,potential_focused,recalibrated,75000000,GP,assumed_logic,potential_focused,fixed_baseline,35,2,2,0.8974358974358975,P054;P074,P004;P005,0,228108.0,0.30414399999997954,-23.329999999999927,41.66666699999996,-75.0
logic_fixed_targets_074,logic_fixed_targets,75000000,GP,baseline,risk_focused,recalibrated,75000000,GP,assumed_logic,risk_focused,fixed_baseline,8,2,4,0.5714285714285714,P006;P008,P004;P005;P033;P088,-2,555603.0,0.7408040000000256,-74.17000000000007,-91.66666699999996,-125.0
logic_fixed_targets_075,logic_fixed_targets,75000000,GP,baseline,strategy_focused,recalibrated,75000000,GP,assumed_logic,strategy_focused,fixed_baseline,32,1,3,0.8888888888888888,P028,P003;P083;P095,-2,-150000.0,-0.20000000000000284,-68.32999999999993,-145.83333300000004,-75.0
