project_id,company_id,startup_name,sector,country_code,status,founded_at,first_funding_at,last_funding_at,first_funding_year,last_funding_year,funding_duration_years,funding_rounds,funding_total_usd,investment_cost,acquisition,ipo,funding_band,rounds_score,duration_score,status_score,outcome_score,investment_potential_score,risk_score,strategic_score
P001,c:263415,Bolt,software,,operating,,2013-02-01,2013-02-01,2013,2013,0,1,16000.0,16000.0,0,0,Low,0.0,0.0,70,0.0,17.5,100.0,100.0
P002,c:84886,QRcao,software,POL,closed,2011-08-01,2011-08-01,2011-08-01,2011,2011,0,1,7208.0,7208.0,0,0,Low,0.0,0.0,20,0.0,5.0,100.0,100.0
P003,c:77139,BestVendor,software,USA,acquired,2011-01-01,2011-03-18,2012-02-01,2011,2012,1,4,4200000.0,4200000.0,1,0,Medium,75.0,33.33333333333333,90,50.0,63.33,45.833333,100.0
P004,c:73717,ToutApp,software,USA,operating,2010-11-01,2011-05-15,2013-12-11,2011,2013,2,3,4620000.0,4620000.0,0,0,Medium,50.0,66.66666666666666,70,0.0,49.17,41.666667,100.0
P005,c:238577,Imimtek,software,USA,operating,2011-01-01,2012-03-26,2013-10-09,2012,2013,1,3,5124997.0,5124997.0,0,0,Medium,50.0,33.33333333333333,70,0.0,40.83,58.333333,100.0
P006,c:39269,Wave Systems,software,USA,ipo,1988-01-01,2011-10-06,2013-03-13,2011,2013,2,2,12100000.0,12100000.0,0,1,High,25.0,66.66666666666666,100,50.0,59.17,54.166667,100.0
P007,c:267283,STI Technologies,software,USA,operating,1979-01-01,2013-10-18,2013-10-18,2013,2013,0,1,17000000.0,17000000.0,0,0,High,0.0,0.0,70,0.0,17.5,100.0,100.0
P008,c:215373,Axion Health,software,USA,operating,2004-01-01,2012-04-24,2013-05-22,2012,2013,1,4,11200600.0,11200600.0,0,0,High,75.0,33.33333333333333,70,0.0,48.33,45.833333,100.0
P009,c:169123,Coho Data,software,CAN,operating,2011-11-01,2012-08-23,2013-11-05,2012,2013,1,2,35000000.0,35000000.0,0,0,Very High,25.0,33.33333333333333,70,0.0,33.33,70.833333,100.0
P010,c:264731,Xuanyixia,software,CHN,operating,,2013-09-13,2013-09-13,2013,2013,0,1,25000000.0,25000000.0,0,0,Very High,0.0,0.0,70,0.0,17.5,100.0,100.0
P011,c:220366,Spartan Bioscience,biotech,CAN,operating,2005-01-01,2012-05-16,2012-05-16,2012,2012,0,1,110000.0,110000.0,0,0,Low,0.0,0.0,70,0.0,17.5,100.0,0.0
P012,c:270121,Intrepid Bioinformatics,biotech,USA,operating,2006-01-01,2010-04-27,2011-08-04,2010,2011,1,2,875000.0,875000.0,0,0,Low,25.0,33.33333333333333,70,0.0,33.33,70.833333,0.0
P013,c:241316,Salutaris Medical Devices,biotech,USA,operating,,2010-01-29,2012-09-05,2010,2012,2,3,3099128.0,3099128.0,0,0,Medium,50.0,66.66666666666666,70,0.0,49.17,41.666667,0.0
P014,c:63233,Sage Science,biotech,USA,operating,2005-01-01,2010-12-02,2011-09-29,2010,2011,1,2,4020000.0,4020000.0,0,0,Medium,25.0,33.33333333333333,70,0.0,33.33,70.833333,0.0
P015,c:79243,CryoXtract Instruments,biotech,USA,operating,2008-01-01,2011-06-15,2012-06-13,2011,2012,1,2,3800000.0,3800000.0,0,0,Medium,25.0,33.33333333333333,70,0.0,33.33,70.833333,0.0
P016,c:73632,OctreoPharm Sciences,biotech,,operating,,2011-04-12,2011-04-12,2011,2011,0,1,7235000.0,7235000.0,0,0,High,0.0,0.0,70,0.0,17.5,100.0,0.0
P017,c:187651,Kit Check,biotech,USA,operating,2012-01-01,2013-07-16,2013-07-16,2013,2013,0,1,10400000.0,10400000.0,0,0,High,0.0,0.0,70,0.0,17.5,100.0,0.0
P018,c:67113,Generex Biotechnology,biotech,CAN,operating,1983-01-01,2011-01-25,2012-08-10,2011,2012,1,4,9350000.0,9350000.0,0,0,High,75.0,33.33333333333333,70,0.0,48.33,45.833333,0.0
P019,c:187826,Jounce Therapeutics,biotech,USA,operating,,2013-02-14,2013-02-14,2013,2013,0,1,47000000.0,47000000.0,0,0,Very High,0.0,0.0,70,0.0,17.5,100.0,0.0
P020,c:52205,TaiMed Biologics,biotech,TWN,ipo,,2010-03-31,2010-03-31,2010,2010,0,1,22000000.0,22000000.0,0,1,Very High,0.0,0.0,100,50.0,35.0,100.0,0.0
P021,c:60564,Jazzdesk,web,,operating,2010-05-10,2010-05-10,2010-05-10,2010,2010,0,1,129690.0,129690.0,0,0,Low,0.0,0.0,70,0.0,17.5,100.0,75.0
P022,c:64602,OpenChime,web,USA,operating,2010-09-01,2011-06-01,2011-06-01,2011,2011,0,1,700000.0,700000.0,0,0,Low,0.0,0.0,70,0.0,17.5,100.0,75.0
P023,c:73522,VHX,web,USA,operating,2011-05-01,2012-06-19,2013-08-29,2012,2013,1,2,4450000.0,4450000.0,0,0,Medium,25.0,33.33333333333333,70,0.0,33.33,70.833333,75.0
P024,c:13174,authorSTREAM.com,web,IND,operating,2007-05-01,2010-12-15,2010-12-15,2010,2010,0,1,5000000.0,5000000.0,0,0,Medium,0.0,0.0,70,0.0,17.5,100.0,75.0
P025,c:191939,ID.me,web,USA,operating,2010-01-01,2013-03-17,2013-09-17,2013,2013,0,2,3300000.0,3300000.0,0,0,Medium,25.0,0.0,70,0.0,25.0,87.5,75.0
P026,c:221989,N3TWORK,web,,operating,2013-01-01,2013-06-05,2013-06-05,2013,2013,0,1,12000000.0,12000000.0,0,0,High,0.0,0.0,70,0.0,17.5,100.0,75.0
P027,c:44847,ReadyForce,web,USA,operating,2010-01-01,2010-03-29,2010-03-29,2010,2010,0,1,12200000.0,12200000.0,0,0,High,0.0,0.0,70,0.0,17.5,100.0,75.0
P028,c:43789,Leetchi,web,FRA,operating,2009-03-01,2010-02-01,2012-03-01,2010,2012,2,3,7850000.0,7850000.0,0,0,High,50.0,66.66666666666666,70,0.0,49.17,41.666667,75.0
P029,c:279187,Sprouts Farmers Markets,web,USA,operating,,2010-05-07,2011-04-29,2010,2011,1,2,87162331.0,87162331.0,0,0,Very High,25.0,33.33333333333333,70,0.0,33.33,70.833333,75.0
P030,c:236170,Consumer Agent Portal (CAP),web,USA,operating,2011-01-01,2011-08-30,2013-07-09,2011,2013,2,3,30600000.0,30600000.0,0,0,Very High,50.0,66.66666666666666,70,0.0,49.17,41.666667,75.0
P031,c:48335,PhoneTell,mobile,USA,operating,2009-06-01,2010-05-24,2010-05-24,2010,2010,0,1,1000000.0,1000000.0,0,0,Low,0.0,0.0,70,0.0,17.5,100.0,75.0
P032,c:141791,Infinite Monkeys,mobile,SGP,operating,2011-01-03,2011-01-01,2013-03-29,2011,2013,2,2,600000.0,600000.0,0,0,Low,25.0,66.66666666666666,70,0.0,41.67,54.166667,75.0
P033,c:155382,Between,mobile,KOR,operating,2011-02-10,2011-11-01,2013-01-01,2011,2013,2,2,4000000.0,4000000.0,0,0,Medium,25.0,66.66666666666666,70,0.0,41.67,54.166667,75.0
P034,c:124630,Cycell,mobile,GBR,operating,,2011-09-30,2012-12-09,2011,2012,1,2,2535759.0,2535759.0,0,0,Medium,25.0,33.33333333333333,70,0.0,33.33,70.833333,75.0
P035,c:275254,Snapverse,mobile,,operating,,2013-10-29,2013-10-29,2013,2013,0,1,3500000.0,3500000.0,0,0,Medium,0.0,0.0,70,0.0,17.5,100.0,75.0
P036,c:282591,Yetu,mobile,DEU,operating,,2013-12-04,2013-12-04,2013,2013,0,1,8000000.0,8000000.0,0,0,High,0.0,0.0,70,0.0,17.5,100.0,75.0
P037,c:34945,PagerDuty,mobile,USA,operating,2009-02-01,2010-09-29,2013-01-31,2010,2013,3,2,12600000.0,12600000.0,0,0,High,25.0,100.0,70,0.0,50.0,37.5,75.0
P038,c:226513,Airspan Networks,mobile,USA,operating,1992-01-01,2012-12-19,2012-12-19,2012,2012,0,1,10000000.0,10000000.0,0,0,High,0.0,0.0,70,0.0,17.5,100.0,75.0
P039,c:220584,Kumu Networks,mobile,USA,operating,2011-01-01,2012-09-24,2013-10-31,2012,2013,1,2,20425630.0,20425630.0,0,0,Very High,25.0,33.33333333333333,70,0.0,33.33,70.833333,75.0
P040,c:58112,Acision,mobile,IND,operating,1992-01-01,2010-10-05,2010-10-05,2010,2010,0,1,100000000.0,100000000.0,0,0,Very High,0.0,0.0,70,0.0,17.5,100.0,75.0
P041,c:185453,Currently,ecommerce,,operating,2012-01-01,2012-10-18,2012-10-18,2012,2012,0,1,140000.0,140000.0,0,0,Low,0.0,0.0,70,0.0,17.5,100.0,50.0
P042,c:199660,Yellowsmith,ecommerce,USA,operating,2012-08-01,2012-08-20,2012-08-20,2012,2012,0,1,850000.0,850000.0,0,0,Low,0.0,0.0,70,0.0,17.5,100.0,50.0
P043,c:46413,SixthEye,ecommerce,USA,operating,2010-01-01,2010-04-14,2013-09-04,2010,2013,3,3,2204171.0,2204171.0,0,0,Medium,50.0,100.0,70,0.0,57.5,25.0,50.0
P044,c:148023,Commerce Sciences,ecommerce,USA,operating,2011-01-01,2012-07-02,2012-07-02,2012,2012,0,1,1800000.0,1800000.0,0,0,Medium,0.0,0.0,70,0.0,17.5,100.0,50.0
P045,c:189033,Jifiti.com,ecommerce,USA,operating,2011-09-01,2013-07-29,2013-11-26,2013,2013,0,2,3500000.0,3500000.0,0,0,Medium,25.0,0.0,70,0.0,25.0,87.5,50.0
P046,c:213140,Zola Books,ecommerce,USA,operating,2011-09-19,2013-05-20,2013-11-04,2013,2013,0,3,13300000.0,13300000.0,0,0,High,50.0,0.0,70,0.0,32.5,75.0,50.0
P047,c:44272,made.com,ecommerce,GBR,operating,2010-01-01,2010-03-21,2012-01-10,2010,2012,2,2,13028918.0,13028918.0,0,0,High,25.0,66.66666666666666,70,0.0,41.67,54.166667,50.0
P048,c:141242,BagThat,ecommerce,GBR,operating,,2011-11-07,2012-05-15,2011,2012,1,2,6400000.0,6400000.0,0,0,High,25.0,33.33333333333333,70,0.0,33.33,70.833333,50.0
P049,c:67092,Bigcommerce,ecommerce,AUS,operating,2009-01-01,2011-08-01,2013-07-25,2011,2013,2,3,75000000.0,75000000.0,0,0,Very High,50.0,66.66666666666666,70,0.0,49.17,41.666667,50.0
P050,c:81001,Loxam Holding,ecommerce,FRA,operating,,2011-07-02,2011-07-02,2011,2011,0,1,86928000.0,86928000.0,0,0,Very High,0.0,0.0,70,0.0,17.5,100.0,50.0
P051,c:134081,Live Mobile,enterprise,IRL,operating,2011-05-10,2011-01-01,2011-06-15,2011,2011,0,2,670086.0,670086.0,0,0,Low,25.0,0.0,70,0.0,25.0,87.5,100.0
P052,c:151530,HireArt,enterprise,USA,operating,2012-01-01,2012-01-01,2012-01-01,2012,2012,0,1,1400000.0,1400000.0,0,0,Low,0.0,0.0,70,0.0,17.5,100.0,100.0
P053,c:80585,AeroFS,enterprise,USA,operating,2010-01-01,2010-08-01,2012-12-09,2010,2012,2,3,5500000.0,5500000.0,0,0,Medium,50.0,66.66666666666666,70,0.0,49.17,41.666667,100.0
P054,c:184279,MobileSpan,enterprise,USA,operating,2011-01-01,2013-01-17,2013-01-22,2013,2013,0,2,4565448.0,4565448.0,0,0,Medium,25.0,0.0,70,0.0,25.0,87.5,100.0
P055,c:141409,Vivocha,enterprise,ITA,operating,2012-04-18,2012-09-12,2012-09-12,2012,2012,0,1,1934400.0,1934400.0,0,0,Medium,0.0,0.0,70,0.0,17.5,100.0,100.0
P056,c:217659,LATTO,enterprise,ISR,operating,2007-02-01,2011-02-01,2013-07-31,2011,2013,2,2,15000000.0,15000000.0,0,0,High,25.0,66.66666666666666,70,0.0,41.67,54.166667,100.0
P057,c:145223,ownCloud,enterprise,USA,operating,,2011-12-23,2013-12-09,2011,2013,2,3,7713994.0,7713994.0,0,0,High,50.0,66.66666666666666,70,0.0,49.17,41.666667,100.0
P058,c:189409,Codenvy,enterprise,USA,operating,2012-11-01,2013-02-26,2013-02-26,2013,2013,0,1,9000000.0,9000000.0,0,0,High,0.0,0.0,70,0.0,17.5,100.0,100.0
P059,c:57256,SwiftKey,enterprise,GBR,operating,2008-08-01,2010-09-22,2013-09-04,2010,2013,3,4,21591233.0,21591233.0,0,0,Very High,75.0,100.0,70,0.0,65.0,12.5,100.0
P060,c:146186,REALTIME.CO,enterprise,PRT,operating,1997-01-01,2012-08-08,2012-08-08,2012,2012,0,1,100000000.0,100000000.0,0,0,Very High,0.0,0.0,70,0.0,17.5,100.0,100.0
P061,c:65631,Explore Engage,games_video,AUS,operating,2010-01-20,2011-04-14,2011-04-14,2011,2011,0,1,200000.0,200000.0,0,0,Low,0.0,0.0,70,0.0,17.5,100.0,25.0
P062,c:213816,Roll20,games_video,,operating,2012-04-01,2012-05-01,2012-05-01,2012,2012,0,1,40000.0,40000.0,0,0,Low,0.0,0.0,70,0.0,17.5,100.0,25.0
P063,c:56059,PlayJam,games_video,GBR,operating,1999-01-01,2011-10-25,2011-10-25,2011,2011,0,1,5000000.0,5000000.0,0,0,Medium,0.0,0.0,70,0.0,17.5,100.0,25.0
P064,c:232826,Frolik,games_video,,operating,,2013-06-28,2013-06-28,2013,2013,0,1,1650000.0,1650000.0,0,0,Medium,0.0,0.0,70,0.0,17.5,100.0,25.0
P065,c:167369,AwesomenessTV,games_video,USA,acquired,2012-06-21,2012-08-07,2012-08-07,2012,2012,0,1,3500000.0,3500000.0,1,0,Medium,0.0,0.0,90,50.0,32.5,100.0,25.0
P066,c:242597,"Kiwi, Inc.",games_video,USA,operating,2011-08-01,2013-07-29,2013-07-29,2013,2013,0,1,9000000.0,9000000.0,0,0,High,0.0,0.0,70,0.0,17.5,100.0,25.0
P067,c:10711,i.TV,games_video,USA,operating,2008-10-01,2013-08-12,2013-12-09,2013,2013,0,2,9197854.0,9197854.0,0,0,High,25.0,0.0,70,0.0,25.0,87.5,25.0
P068,c:19113,Quickflix,games_video,AUS,operating,,2012-02-07,2012-02-07,2012,2012,0,1,10000000.0,10000000.0,0,0,High,0.0,0.0,70,0.0,17.5,100.0,25.0
P069,c:6159,CCP Games,games_video,ISL,operating,1997-06-01,2010-01-07,2012-08-09,2010,2012,2,2,36300000.0,36300000.0,0,0,Very High,25.0,66.66666666666666,70,0.0,41.67,54.166667,25.0
P070,c:209098,SendUs,games_video,USA,operating,2013-01-01,2010-08-30,2013-05-09,2010,2013,3,3,25125716.0,25125716.0,0,0,Very High,50.0,100.0,70,0.0,57.5,25.0,25.0
P071,c:256343,Dynadmic,advertising,FRA,operating,2012-01-01,2012-06-01,2012-06-01,2012,2012,0,1,1500000.0,1500000.0,0,0,Low,0.0,0.0,70,0.0,17.5,100.0,25.0
P072,c:203218,DishOpinion,advertising,USA,operating,2012-10-01,2012-11-18,2012-11-18,2012,2012,0,1,500000.0,500000.0,0,0,Low,0.0,0.0,70,0.0,17.5,100.0,25.0
P073,c:82968,Local Yokel Media,advertising,USA,operating,2011-04-10,2011-03-03,2013-06-11,2011,2013,2,2,2288352.0,2288352.0,0,0,Medium,25.0,66.66666666666666,70,0.0,41.67,54.166667,25.0
P074,c:41242,AlmondNet,advertising,USA,operating,1998-01-01,2010-02-02,2012-10-02,2010,2012,2,2,5407657.0,5407657.0,0,0,Medium,25.0,66.66666666666666,70,0.0,41.67,54.166667,25.0
P075,c:59637,Connexity,advertising,USA,operating,2011-05-01,2010-10-21,2012-08-02,2010,2012,2,3,5000000.0,5000000.0,0,0,Medium,50.0,66.66666666666666,70,0.0,49.17,41.666667,25.0
P076,c:54588,Runa,advertising,USA,acquired,2009-01-01,2010-08-16,2012-11-02,2010,2012,2,2,10200000.0,10200000.0,1,0,High,25.0,66.66666666666666,90,50.0,56.67,54.166667,25.0
P077,c:3781,Spongecell,advertising,USA,operating,2006-09-01,2011-06-05,2012-02-07,2011,2012,1,2,10000000.0,10000000.0,0,0,High,25.0,33.33333333333333,70,0.0,33.33,70.833333,25.0
P078,c:82717,Vserv.mobi,advertising,IND,operating,2010-01-04,2011-07-20,2012-10-01,2011,2012,1,2,7000000.0,7000000.0,0,0,High,25.0,33.33333333333333,70,0.0,33.33,70.833333,25.0
P079,c:840,ValueClick,advertising,USA,ipo,1998-01-01,2010-02-01,2010-02-01,2010,2010,0,1,45000000.0,45000000.0,0,1,Very High,0.0,0.0,100,50.0,35.0,100.0,25.0
P080,c:24117,Brand Affinity Technologies,advertising,USA,operating,2007-01-01,2010-08-24,2012-05-02,2010,2012,2,2,27500000.0,27500000.0,0,0,Very High,25.0,66.66666666666666,70,0.0,41.67,54.166667,25.0
P081,c:218853,KOPIS MOBILE,hardware,USA,operating,2012-01-01,2013-04-15,2013-04-15,2013,2013,0,1,50000.0,50000.0,0,0,Low,0.0,0.0,70,0.0,17.5,100.0,50.0
P082,c:52607,Orthocone,hardware,SWE,operating,,2010-02-19,2010-02-19,2010,2010,0,1,122000.0,122000.0,0,0,Low,0.0,0.0,70,0.0,17.5,100.0,50.0
P083,c:51745,Wellcore,hardware,USA,closed,2007-01-01,2010-07-12,2010-07-12,2010,2010,0,1,2000000.0,2000000.0,0,0,Medium,0.0,0.0,20,0.0,5.0,100.0,50.0
P084,c:188873,Smart Eye,hardware,SWE,operating,1999-01-01,2013-02-21,2013-02-21,2013,2013,0,1,3895881.0,3895881.0,0,0,Medium,0.0,0.0,70,0.0,17.5,100.0,50.0
P085,c:282769,Packet Digital,hardware,USA,operating,2003-01-01,2010-01-10,2010-01-10,2010,2010,0,1,2000800.0,2000800.0,0,0,Medium,0.0,0.0,70,0.0,17.5,100.0,50.0
P086,c:46968,E la Carte,hardware,USA,operating,2009-01-01,2010-07-02,2013-06-24,2010,2013,3,3,17500000.0,17500000.0,0,0,High,50.0,100.0,70,0.0,57.5,25.0,50.0
P087,c:190682,Matterport,hardware,USA,operating,2011-01-01,2012-01-01,2013-09-12,2012,2013,1,3,10000000.0,10000000.0,0,0,High,50.0,33.33333333333333,70,0.0,40.83,58.333333,50.0
P088,c:52192,LeddarTech,hardware,CAN,operating,2007-01-01,2010-02-05,2013-05-21,2010,2013,3,2,9000000.0,9000000.0,0,0,High,25.0,100.0,70,0.0,50.0,37.5,50.0
P089,c:78489,Leap Motion,hardware,USA,operating,2010-10-01,2011-06-10,2013-01-03,2011,2013,2,3,44050000.0,44050000.0,0,0,Very High,50.0,66.66666666666666,70,0.0,49.17,41.666667,50.0
P090,c:40867,RoboteX,hardware,USA,operating,2007-01-01,2010-01-13,2013-03-22,2010,2013,3,4,24574239.0,24574239.0,0,0,Very High,75.0,100.0,70,0.0,65.0,12.5,50.0
P091,c:235022,Cold Plasma Medical Technologies,medical,USA,operating,2012-01-01,2010-04-09,2012-12-19,2010,2012,2,5,1416163.0,1416163.0,0,0,Low,100.0,66.66666666666666,70,0.0,64.17,16.666667,0.0
P092,c:84369,CamStent,medical,GBR,operating,,2011-08-05,2012-05-11,2011,2012,1,2,1375753.0,1375753.0,0,0,Low,25.0,33.33333333333333,70,0.0,33.33,70.833333,0.0
P093,c:44072,EMKinetics,medical,,operating,,2010-03-12,2011-06-22,2010,2011,1,2,2982624.0,2982624.0,0,0,Medium,25.0,33.33333333333333,70,0.0,33.33,70.833333,0.0
P094,c:235069,Ideal Implant,medical,USA,operating,2006-01-01,2011-06-07,2011-06-07,2011,2011,0,1,1664500.0,1664500.0,0,0,Medium,0.0,0.0,70,0.0,17.5,100.0,0.0
P095,c:167154,DoctorAtWork.com,medical,RUS,operating,2009-10-01,2010-07-01,2012-06-01,2010,2012,2,3,1800000.0,1800000.0,0,0,Medium,50.0,66.66666666666666,70,0.0,49.17,41.666667,0.0
P096,c:152135,GluMetrics,medical,USA,operating,,2011-10-04,2012-03-15,2011,2012,1,2,18305000.0,18305000.0,0,0,High,25.0,33.33333333333333,70,0.0,33.33,70.833333,0.0
P097,c:194027,Propeller Health,medical,USA,operating,2007-01-01,2012-06-25,2013-04-05,2012,2013,1,3,13865200.0,13865200.0,0,0,High,50.0,33.33333333333333,70,0.0,40.83,58.333333,0.0
P098,c:182874,eZono,medical,DEU,operating,2004-01-01,2013-01-03,2013-01-03,2013,2013,0,1,10000000.0,10000000.0,0,0,High,0.0,0.0,70,0.0,17.5,100.0,0.0
P099,c:188574,Gynesonics,medical,USA,operating,,2010-05-11,2013-02-20,2010,2013,3,4,43654818.0,43654818.0,0,0,Very High,75.0,100.0,70,0.0,65.0,12.5,0.0
P100,c:57280,Watermark Medical,medical,USA,operating,2008-01-01,2010-09-22,2013-04-10,2010,2013,3,2,38190236.0,38190236.0,0,0,Very High,25.0,100.0,70,0.0,50.0,37.5,0.0
