check,passed,detail
frozen:config/model_config.json,True,
frozen:data/processed/.gitkeep,True,
frozen:data/processed/startup_projects.csv,True,
frozen:data/processed/startup_projects_scored.csv,True,
frozen:data/raw/funds.csv,True,
frozen:data/raw/ipos.csv,True,
frozen:docs/archive/integer_programming_original.py,True,
frozen:docs/archive/methodology_original.md,True,
frozen:docs/archive/pre_extension_sha256.json,True,
frozen:docs/archive/README_original.md,True,
frozen:notebooks/.gitkeep,True,
frozen:notebooks/01_dataset_exploration.ipynb,True,
frozen:notebooks/02_statistical_analysis.ipynb,True,
frozen:results/data_dictionary.csv,True,
frozen:results/integer_programming_budget_summary.csv,True,
frozen:results/integer_programming_selected_projects.csv,True,
frozen:results/optimization/comparison_25m.csv,True,
frozen:results/optimization/comparison_50m.csv,True,
frozen:results/optimization/comparison_75m.csv,True,
frozen:results/optimization/goal_targets.csv,True,
frozen:results/optimization/gp_decisions.csv,True,
frozen:results/optimization/gp_fixed_targets_decisions.csv,True,
frozen:results/optimization/gp_fixed_targets_selected.csv,True,
frozen:results/optimization/gp_fixed_targets_summary.csv,True,
frozen:results/optimization/gp_selected.csv,True,
frozen:results/optimization/gp_summary.csv,True,
frozen:results/optimization/ip_decisions.csv,True,
frozen:results/optimization/ip_selected.csv,True,
frozen:results/optimization/ip_summary.csv,True,
frozen:results/optimization/ip_vs_gp_comparison.csv,True,
frozen:results/optimization/payoff_decisions.csv,True,
frozen:results/optimization/payoff_selected.csv,True,
frozen:results/optimization/payoff_summary.csv,True,
frozen:results/optimization/scores_by_sector.csv,True,
frozen:results/optimization/score_correlations.csv,True,
frozen:results/optimization/score_summary.csv,True,
frozen:results/optimization/sector_composition.csv,True,
frozen:results/optimization/sensitivity_changes.csv,True,
frozen:results/optimization/sensitivity_sector_changes.csv,True,
frozen:src/.gitkeep,True,
frozen:src/compare_models.py,True,
frozen:src/goal_programming.py,True,
frozen:src/inspect_data.py,True,
frozen:src/integer_programming.py,True,
frozen:src/portfolio_model.py,True,
frozen:src/run_analysis.py,True,
frozen:src/score_projects.py,True,
frozen:src/sensitivity_analysis.py,True,
frozen:src/validate_results.py,True,
frozen:tests/test_models.py,True,
generated_documents_match_frozen_outputs,True,"Verified 7 academic documents; 50 frozen artifacts unchanged.
"
comparison_unique_source:GP:25000000:assumed_logic:balanced,True,
comparison_totals:GP:25000000:assumed_logic:balanced,True,
comparison_deviation:GP:25000000:assumed_logic:balanced:potential,True,
comparison_deviation:GP:25000000:assumed_logic:balanced:risk,True,
comparison_deviation:GP:25000000:assumed_logic:balanced:strategic,True,
comparison_unique_source:GP:25000000:assumed_logic:potential_focused,True,
comparison_totals:GP:25000000:assumed_logic:potential_focused,True,
comparison_deviation:GP:25000000:assumed_logic:potential_focused:potential,True,
comparison_deviation:GP:25000000:assumed_logic:potential_focused:risk,True,
comparison_deviation:GP:25000000:assumed_logic:potential_focused:strategic,True,
comparison_unique_source:GP:25000000:assumed_logic:risk_focused,True,
comparison_totals:GP:25000000:assumed_logic:risk_focused,True,
comparison_deviation:GP:25000000:assumed_logic:risk_focused:potential,True,
comparison_deviation:GP:25000000:assumed_logic:risk_focused:risk,True,
comparison_deviation:GP:25000000:assumed_logic:risk_focused:strategic,True,
comparison_unique_source:GP:25000000:assumed_logic:strategy_focused,True,
comparison_totals:GP:25000000:assumed_logic:strategy_focused,True,
comparison_deviation:GP:25000000:assumed_logic:strategy_focused:potential,True,
comparison_deviation:GP:25000000:assumed_logic:strategy_focused:risk,True,
comparison_deviation:GP:25000000:assumed_logic:strategy_focused:strategic,True,
comparison_unique_source:IP:25000000:assumed_logic:single_objective,True,
comparison_totals:IP:25000000:assumed_logic:single_objective,True,
comparison_deviation:IP:25000000:assumed_logic:single_objective:potential,True,
comparison_deviation:IP:25000000:assumed_logic:single_objective:risk,True,
comparison_deviation:IP:25000000:assumed_logic:single_objective:strategic,True,
comparison_unique_source:GP:50000000:assumed_logic:balanced,True,
comparison_totals:GP:50000000:assumed_logic:balanced,True,
comparison_deviation:GP:50000000:assumed_logic:balanced:potential,True,
comparison_deviation:GP:50000000:assumed_logic:balanced:risk,True,
comparison_deviation:GP:50000000:assumed_logic:balanced:strategic,True,
comparison_unique_source:GP:50000000:assumed_logic:potential_focused,True,
comparison_totals:GP:50000000:assumed_logic:potential_focused,True,
comparison_deviation:GP:50000000:assumed_logic:potential_focused:potential,True,
comparison_deviation:GP:50000000:assumed_logic:potential_focused:risk,True,
comparison_deviation:GP:50000000:assumed_logic:potential_focused:strategic,True,
comparison_unique_source:GP:50000000:assumed_logic:risk_focused,True,
comparison_totals:GP:50000000:assumed_logic:risk_focused,True,
comparison_deviation:GP:50000000:assumed_logic:risk_focused:potential,True,
comparison_deviation:GP:50000000:assumed_logic:risk_focused:risk,True,
comparison_deviation:GP:50000000:assumed_logic:risk_focused:strategic,True,
comparison_unique_source:GP:50000000:assumed_logic:strategy_focused,True,
comparison_totals:GP:50000000:assumed_logic:strategy_focused,True,
comparison_deviation:GP:50000000:assumed_logic:strategy_focused:potential,True,
comparison_deviation:GP:50000000:assumed_logic:strategy_focused:risk,True,
comparison_deviation:GP:50000000:assumed_logic:strategy_focused:strategic,True,
comparison_unique_source:IP:50000000:assumed_logic:single_objective,True,
comparison_totals:IP:50000000:assumed_logic:single_objective,True,
comparison_deviation:IP:50000000:assumed_logic:single_objective:potential,True,
comparison_deviation:IP:50000000:assumed_logic:single_objective:risk,True,
comparison_deviation:IP:50000000:assumed_logic:single_objective:strategic,True,
comparison_unique_source:GP:75000000:assumed_logic:balanced,True,
comparison_totals:GP:75000000:assumed_logic:balanced,True,
comparison_deviation:GP:75000000:assumed_logic:balanced:potential,True,
comparison_deviation:GP:75000000:assumed_logic:balanced:risk,True,
comparison_deviation:GP:75000000:assumed_logic:balanced:strategic,True,
comparison_unique_source:GP:75000000:assumed_logic:potential_focused,True,
comparison_totals:GP:75000000:assumed_logic:potential_focused,True,
comparison_deviation:GP:75000000:assumed_logic:potential_focused:potential,True,
comparison_deviation:GP:75000000:assumed_logic:potential_focused:risk,True,
comparison_deviation:GP:75000000:assumed_logic:potential_focused:strategic,True,
comparison_unique_source:GP:75000000:assumed_logic:risk_focused,True,
comparison_totals:GP:75000000:assumed_logic:risk_focused,True,
comparison_deviation:GP:75000000:assumed_logic:risk_focused:potential,True,
comparison_deviation:GP:75000000:assumed_logic:risk_focused:risk,True,
comparison_deviation:GP:75000000:assumed_logic:risk_focused:strategic,True,
comparison_unique_source:GP:75000000:assumed_logic:strategy_focused,True,
comparison_totals:GP:75000000:assumed_logic:strategy_focused,True,
comparison_deviation:GP:75000000:assumed_logic:strategy_focused:potential,True,
comparison_deviation:GP:75000000:assumed_logic:strategy_focused:risk,True,
comparison_deviation:GP:75000000:assumed_logic:strategy_focused:strategic,True,
comparison_unique_source:IP:75000000:assumed_logic:single_objective,True,
comparison_totals:IP:75000000:assumed_logic:single_objective,True,
comparison_deviation:IP:75000000:assumed_logic:single_objective:potential,True,
comparison_deviation:IP:75000000:assumed_logic:single_objective:risk,True,
comparison_deviation:IP:75000000:assumed_logic:single_objective:strategic,True,
comparison_unique_source:GP:25000000:baseline:balanced,True,
comparison_totals:GP:25000000:baseline:balanced,True,
comparison_deviation:GP:25000000:baseline:balanced:potential,True,
comparison_deviation:GP:25000000:baseline:balanced:risk,True,
comparison_deviation:GP:25000000:baseline:balanced:strategic,True,
comparison_unique_source:GP:25000000:baseline:potential_focused,True,
comparison_totals:GP:25000000:baseline:potential_focused,True,
comparison_deviation:GP:25000000:baseline:potential_focused:potential,True,
comparison_deviation:GP:25000000:baseline:potential_focused:risk,True,
comparison_deviation:GP:25000000:baseline:potential_focused:strategic,True,
comparison_unique_source:GP:25000000:baseline:risk_focused,True,
comparison_totals:GP:25000000:baseline:risk_focused,True,
comparison_deviation:GP:25000000:baseline:risk_focused:potential,True,
comparison_deviation:GP:25000000:baseline:risk_focused:risk,True,
comparison_deviation:GP:25000000:baseline:risk_focused:strategic,True,
comparison_unique_source:GP:25000000:baseline:strategy_focused,True,
comparison_totals:GP:25000000:baseline:strategy_focused,True,
comparison_deviation:GP:25000000:baseline:strategy_focused:potential,True,
comparison_deviation:GP:25000000:baseline:strategy_focused:risk,True,
comparison_deviation:GP:25000000:baseline:strategy_focused:strategic,True,
comparison_unique_source:IP:25000000:baseline:single_objective,True,
comparison_totals:IP:25000000:baseline:single_objective,True,
comparison_deviation:IP:25000000:baseline:single_objective:potential,True,
comparison_deviation:IP:25000000:baseline:single_objective:risk,True,
comparison_deviation:IP:25000000:baseline:single_objective:strategic,True,
comparison_unique_source:GP:50000000:baseline:balanced,True,
comparison_totals:GP:50000000:baseline:balanced,True,
comparison_deviation:GP:50000000:baseline:balanced:potential,True,
comparison_deviation:GP:50000000:baseline:balanced:risk,True,
comparison_deviation:GP:50000000:baseline:balanced:strategic,True,
comparison_unique_source:GP:50000000:baseline:potential_focused,True,
comparison_totals:GP:50000000:baseline:potential_focused,True,
comparison_deviation:GP:50000000:baseline:potential_focused:potential,True,
comparison_deviation:GP:50000000:baseline:potential_focused:risk,True,
comparison_deviation:GP:50000000:baseline:potential_focused:strategic,True,
comparison_unique_source:GP:50000000:baseline:risk_focused,True,
comparison_totals:GP:50000000:baseline:risk_focused,True,
comparison_deviation:GP:50000000:baseline:risk_focused:potential,True,
comparison_deviation:GP:50000000:baseline:risk_focused:risk,True,
comparison_deviation:GP:50000000:baseline:risk_focused:strategic,True,
comparison_unique_source:GP:50000000:baseline:strategy_focused,True,
comparison_totals:GP:50000000:baseline:strategy_focused,True,
comparison_deviation:GP:50000000:baseline:strategy_focused:potential,True,
comparison_deviation:GP:50000000:baseline:strategy_focused:risk,True,
comparison_deviation:GP:50000000:baseline:strategy_focused:strategic,True,
comparison_unique_source:IP:50000000:baseline:single_objective,True,
comparison_totals:IP:50000000:baseline:single_objective,True,
comparison_deviation:IP:50000000:baseline:single_objective:potential,True,
comparison_deviation:IP:50000000:baseline:single_objective:risk,True,
comparison_deviation:IP:50000000:baseline:single_objective:strategic,True,
comparison_unique_source:GP:75000000:baseline:balanced,True,
comparison_totals:GP:75000000:baseline:balanced,True,
comparison_deviation:GP:75000000:baseline:balanced:potential,True,
comparison_deviation:GP:75000000:baseline:balanced:risk,True,
comparison_deviation:GP:75000000:baseline:balanced:strategic,True,
comparison_unique_source:GP:75000000:baseline:potential_focused,True,
comparison_totals:GP:75000000:baseline:potential_focused,True,
comparison_deviation:GP:75000000:baseline:potential_focused:potential,True,
comparison_deviation:GP:75000000:baseline:potential_focused:risk,True,
comparison_deviation:GP:75000000:baseline:potential_focused:strategic,True,
comparison_unique_source:GP:75000000:baseline:risk_focused,True,
comparison_totals:GP:75000000:baseline:risk_focused,True,
comparison_deviation:GP:75000000:baseline:risk_focused:potential,True,
comparison_deviation:GP:75000000:baseline:risk_focused:risk,True,
comparison_deviation:GP:75000000:baseline:risk_focused:strategic,True,
comparison_unique_source:GP:75000000:baseline:strategy_focused,True,
comparison_totals:GP:75000000:baseline:strategy_focused,True,
comparison_deviation:GP:75000000:baseline:strategy_focused:potential,True,
comparison_deviation:GP:75000000:baseline:strategy_focused:risk,True,
comparison_deviation:GP:75000000:baseline:strategy_focused:strategic,True,
comparison_unique_source:IP:75000000:baseline:single_objective,True,
comparison_totals:IP:75000000:baseline:single_objective,True,
comparison_deviation:IP:75000000:baseline:single_objective:potential,True,
comparison_deviation:IP:75000000:baseline:single_objective:risk,True,
comparison_deviation:IP:75000000:baseline:single_objective:strategic,True,
per_budget_view:25000000,True,
per_budget_view:50000000,True,
per_budget_view:75000000,True,
optimal_statuses:ip,True,
optimal_statuses:gp,True,
optimal_statuses:payoff,True,
optimal_statuses:gp_fixed_targets,True,
chart_sector_data:0,True,
chart_sector_data:1,True,
chart_sector_data:2,True,
chart_sector_data:3,True,
chart_sector_data:4,True,
chart_sector_data:5,True,
chart_sector_data:6,True,
chart_sector_data:7,True,
chart_sector_data:8,True,
chart_sector_data:9,True,
chart_sector_data:10,True,
chart_sector_data:11,True,
chart_sector_data:12,True,
chart_sector_data:13,True,
chart_sector_data:14,True,
chart_sector_data:15,True,
chart_sector_data:16,True,
chart_sector_data:17,True,
chart_sector_data:18,True,
chart_sector_data:19,True,
chart_sector_data:20,True,
chart_sector_data:21,True,
chart_sector_data:22,True,
chart_sector_data:23,True,
chart_sector_data:24,True,
chart_sector_data:25,True,
chart_sector_data:26,True,
chart_sector_data:27,True,
chart_sector_data:28,True,
chart_sector_data:29,True,
chart_sector_data:30,True,
chart_sector_data:31,True,
chart_sector_data:32,True,
chart_sector_data:33,True,
chart_sector_data:34,True,
chart_sector_data:35,True,
chart_sector_data:36,True,
chart_sector_data:37,True,
chart_sector_data:38,True,
chart_sector_data:39,True,
chart_sector_data:40,True,
chart_sector_data:41,True,
chart_sector_data:42,True,
chart_sector_data:43,True,
chart_sector_data:44,True,
chart_sector_data:45,True,
chart_sector_data:46,True,
chart_sector_data:47,True,
chart_sector_data:48,True,
chart_sector_data:49,True,
chart_sector_data:50,True,
chart_sector_data:51,True,
chart_sector_data:52,True,
chart_sector_data:53,True,
chart_sector_data:54,True,
chart_sector_data:55,True,
chart_sector_data:56,True,
chart_sector_data:57,True,
chart_sector_data:58,True,
chart_sector_data:59,True,
chart_sector_data:60,True,
chart_sector_data:61,True,
chart_sector_data:62,True,
chart_sector_data:63,True,
chart_sector_data:64,True,
chart_sector_data:65,True,
chart_sector_data:66,True,
chart_sector_data:67,True,
chart_sector_data:68,True,
chart_sector_data:69,True,
chart_sector_data:70,True,
chart_sector_data:71,True,
chart_sector_data:72,True,
chart_sector_data:73,True,
chart_sector_data:74,True,
chart_sector_data:75,True,
chart_sector_data:76,True,
chart_sector_data:77,True,
chart_sector_data:78,True,
chart_sector_data:79,True,
chart_sector_data:80,True,
chart_sector_data:81,True,
chart_sector_data:82,True,
chart_sector_data:83,True,
chart_sector_data:84,True,
chart_sector_data:85,True,
chart_sector_data:86,True,
chart_sector_data:87,True,
chart_sector_data:88,True,
chart_sector_data:89,True,
chart_sector_data:90,True,
chart_sector_data:91,True,
chart_sector_data:92,True,
chart_sector_data:93,True,
chart_sector_data:94,True,
chart_sector_data:95,True,
chart_sector_data:96,True,
chart_sector_data:97,True,
chart_sector_data:98,True,
chart_sector_data:99,True,
chart_sector_data:100,True,
chart_sector_data:101,True,
chart_sector_data:102,True,
chart_sector_data:103,True,
chart_sector_data:104,True,
chart_sector_data:105,True,
chart_sector_data:106,True,
chart_sector_data:107,True,
chart_sector_data:108,True,
chart_sector_data:109,True,
chart_sector_data:110,True,
chart_sector_data:111,True,
chart_sector_data:112,True,
chart_sector_data:113,True,
chart_sector_data:114,True,
chart_sector_data:115,True,
chart_sector_data:116,True,
chart_sector_data:117,True,
chart_sector_data:118,True,
chart_sector_data:119,True,
chart_sector_data:120,True,
chart_sector_data:121,True,
chart_sector_data:122,True,
chart_sector_data:123,True,
chart_sector_data:124,True,
chart_sector_data:125,True,
chart_sector_data:126,True,
chart_sector_data:127,True,
chart_sector_data:128,True,
chart_sector_data:129,True,
chart_sector_data:130,True,
chart_sector_data:131,True,
chart_sector_data:132,True,
chart_sector_data:133,True,
chart_sector_data:134,True,
chart_sector_data:135,True,
chart_sector_data:136,True,
chart_sector_data:137,True,
chart_sector_data:138,True,
chart_sector_data:139,True,
chart_sector_data:140,True,
chart_sector_data:141,True,
chart_sector_data:142,True,
chart_sector_data:143,True,
chart_sector_data:144,True,
chart_sector_data:145,True,
chart_sector_data:146,True,
chart_sector_data:147,True,
chart_sector_data:148,True,
chart_sector_data:149,True,
chart_sector_data:150,True,
chart_sector_data:151,True,
chart_sector_data:152,True,
chart_sector_data:153,True,
chart_sector_data:154,True,
chart_sector_data:155,True,
chart_sector_data:156,True,
chart_sector_data:157,True,
chart_sector_data:158,True,
chart_sector_data:159,True,
chart_sector_data:160,True,
chart_sector_data:161,True,
chart_sector_data:162,True,
chart_sector_data:163,True,
chart_sector_data:164,True,
chart_sector_data:165,True,
chart_sector_data:166,True,
chart_sector_data:167,True,
chart_sector_data:168,True,
chart_sector_data:169,True,
chart_sector_data:170,True,
chart_sector_data:171,True,
chart_sector_data:172,True,
chart_sector_data:173,True,
chart_sector_data:174,True,
chart_sector_data:175,True,
chart_sector_data:176,True,
chart_sector_data:177,True,
chart_sector_data:178,True,
chart_sector_data:179,True,
chart_sector_data:180,True,
chart_sector_data:181,True,
chart_sector_data:182,True,
chart_sector_data:183,True,
chart_sector_data:184,True,
chart_sector_data:185,True,
chart_sector_data:186,True,
chart_sector_data:187,True,
chart_sector_data:188,True,
chart_sector_data:189,True,
chart_sector_data:190,True,
chart_sector_data:191,True,
chart_sector_data:192,True,
chart_sector_data:193,True,
chart_sector_data:194,True,
chart_sector_data:195,True,
chart_sector_data:196,True,
chart_sector_data:197,True,
chart_sector_data:198,True,
chart_sector_data:199,True,
chart_sector_data:200,True,
chart_sector_data:201,True,
chart_sector_data:202,True,
chart_sector_data:203,True,
chart_sector_data:204,True,
chart_sector_data:205,True,
chart_sector_data:206,True,
chart_sector_data:207,True,
chart_sector_data:208,True,
chart_sector_data:209,True,
chart_sector_data:210,True,
chart_sector_data:211,True,
chart_sector_data:212,True,
chart_sector_data:213,True,
chart_sector_data:214,True,
chart_sector_data:215,True,
chart_sector_data:216,True,
chart_sector_data:217,True,
chart_sector_data:218,True,
chart_sector_data:219,True,
chart_sector_data:220,True,
chart_sector_data:221,True,
chart_sector_data:222,True,
chart_sector_data:223,True,
chart_sector_data:224,True,
chart_sector_data:225,True,
chart_sector_data:226,True,
chart_sector_data:227,True,
chart_sector_data:228,True,
chart_sector_data:229,True,
chart_sector_data:230,True,
chart_sector_data:231,True,
chart_sector_data:232,True,
chart_sector_data:233,True,
chart_sector_data:234,True,
chart_sector_data:235,True,
chart_sector_data:236,True,
chart_sector_data:237,True,
chart_sector_data:238,True,
chart_sector_data:239,True,
chart_sector_data:240,True,
chart_sector_data:241,True,
chart_sector_data:242,True,
chart_sector_data:243,True,
chart_sector_data:244,True,
chart_sector_data:245,True,
chart_sector_data:246,True,
chart_sector_data:247,True,
chart_sector_data:248,True,
chart_sector_data:249,True,
chart_sector_data:250,True,
chart_sector_data:251,True,
chart_sector_data:252,True,
chart_sector_data:253,True,
chart_sector_data:254,True,
chart_sector_data:255,True,
chart_sector_data:256,True,
chart_sector_data:257,True,
chart_sector_data:258,True,
chart_sector_data:259,True,
chart_sector_data:260,True,
chart_sector_data:261,True,
chart_sector_data:262,True,
chart_sector_data:263,True,
chart_sector_data:264,True,
chart_sector_data:265,True,
chart_sector_data:266,True,
chart_sector_data:267,True,
chart_sector_data:268,True,
chart_sector_data:269,True,
chart_sector_data:270,True,
chart_sector_data:271,True,
chart_sector_data:272,True,
chart_sector_data:273,True,
chart_sector_data:274,True,
chart_sector_data:275,True,
chart_sector_data:276,True,
chart_sector_data:277,True,
chart_sector_data:278,True,
chart_sector_data:279,True,
chart_sector_data:280,True,
chart_sector_data:281,True,
chart_sector_data:282,True,
chart_sector_data:283,True,
chart_sector_data:284,True,
chart_sector_data:285,True,
chart_sector_data:286,True,
chart_sector_data:287,True,
chart_sector_data:288,True,
chart_sector_data:289,True,
chart_sector_data:290,True,
chart_sector_data:291,True,
chart_sector_data:292,True,
chart_sector_data:293,True,
chart_sector_data:294,True,
chart_sector_data:295,True,
chart_sector_data:296,True,
chart_sector_data:297,True,
chart_sector_data:298,True,
chart_sector_data:299,True,
chart_sector_data:300,True,
chart_sector_data:301,True,
chart_sector_data:302,True,
chart_sector_data:303,True,
chart_sector_data:304,True,
chart_sector_data:305,True,
chart_sector_data:306,True,
chart_sector_data:307,True,
chart_sector_data:308,True,
chart_sector_data:309,True,
chart_sector_data:310,True,
chart_sector_data:311,True,
chart_sector_data:312,True,
chart_sector_data:313,True,
chart_sector_data:314,True,
chart_sector_data:315,True,
chart_sector_data:316,True,
chart_sector_data:317,True,
chart_sector_data:318,True,
chart_sector_data:319,True,
chart_sector_data:320,True,
chart_sector_data:321,True,
chart_sector_data:322,True,
chart_sector_data:323,True,
chart_sector_data:324,True,
chart_sector_data:325,True,
chart_sector_data:326,True,
chart_sector_data:327,True,
chart_sector_data:328,True,
chart_sector_data:329,True,
chart_sector_data:330,True,
chart_sector_data:331,True,
chart_sector_data:332,True,
chart_sector_data:333,True,
chart_sector_data:334,True,
chart_sector_data:335,True,
chart_sector_data:336,True,
chart_sector_data:337,True,
chart_sector_data:338,True,
chart_sector_data:339,True,
chart_sector_data:340,True,
chart_sector_data:341,True,
chart_sector_data:342,True,
chart_sector_data:343,True,
chart_sector_data:344,True,
chart_sector_data:345,True,
chart_sector_data:346,True,
chart_sector_data:347,True,
chart_sector_data:348,True,
chart_sector_data:349,True,
chart_sector_data:350,True,
chart_sector_data:351,True,
chart_sector_data:352,True,
chart_sector_data:353,True,
chart_sector_data:354,True,
chart_sector_data:355,True,
chart_sector_data:356,True,
chart_sector_data:357,True,
chart_sector_data:358,True,
chart_sector_data:359,True,
chart_sector_data:360,True,
chart_sector_data:361,True,
chart_sector_data:362,True,
chart_sector_data:363,True,
chart_sector_data:364,True,
chart_sector_data:365,True,
chart_sector_data:366,True,
chart_sector_data:367,True,
chart_sector_data:368,True,
chart_sector_data:369,True,
chart_sector_data:370,True,
chart_sector_data:371,True,
chart_sector_data:372,True,
chart_sector_data:373,True,
chart_sector_data:374,True,
chart_sector_data:375,True,
chart_sector_data:376,True,
chart_sector_data:377,True,
chart_sector_data:378,True,
chart_sector_data:379,True,
chart_sector_data:380,True,
chart_sector_data:381,True,
chart_sector_data:382,True,
chart_sector_data:383,True,
chart_sector_data:384,True,
chart_sector_data:385,True,
chart_sector_data:386,True,
chart_sector_data:387,True,
chart_sector_data:388,True,
chart_sector_data:389,True,
chart_sector_data:390,True,
chart_sector_data:391,True,
chart_sector_data:392,True,
chart_sector_data:393,True,
chart_sector_data:394,True,
chart_sector_data:395,True,
chart_sector_data:396,True,
chart_sector_data:397,True,
chart_sector_data:398,True,
chart_sector_data:399,True,
chart_sector_data:400,True,
chart_sector_data:401,True,
chart_sector_data:402,True,
chart_sector_data:403,True,
chart_sector_data:404,True,
chart_sector_data:405,True,
chart_sector_data:406,True,
chart_sector_data:407,True,
chart_sector_data:408,True,
chart_sector_data:409,True,
chart_sector_data:410,True,
chart_sector_data:411,True,
chart_sector_data:412,True,
chart_sector_data:413,True,
chart_sector_data:414,True,
chart_sector_data:415,True,
chart_sector_data:416,True,
chart_sector_data:417,True,
chart_sector_data:418,True,
chart_sector_data:419,True,
chart_source_hash:ip_vs_gp_comparison.csv,True,
chart_source_hash:sector_composition.csv,True,
chart_source_hash:sensitivity_changes.csv,True,
chart_file_hash:01_budget_potential.pdf,True,
chart_pdf_header:01_budget_potential.pdf,True,
chart_file_hash:01_budget_potential.png,True,
chart_resolution:01_budget_potential.png,True,
chart_file_hash:02_budget_project_count.pdf,True,
chart_pdf_header:02_budget_project_count.pdf,True,
chart_file_hash:02_budget_project_count.png,True,
chart_resolution:02_budget_project_count.png,True,
chart_file_hash:03_ip_vs_gp_performance.pdf,True,
chart_pdf_header:03_ip_vs_gp_performance.pdf,True,
chart_file_hash:03_ip_vs_gp_performance.png,True,
chart_resolution:03_ip_vs_gp_performance.png,True,
chart_file_hash:04_selected_sectors.pdf,True,
chart_pdf_header:04_selected_sectors.pdf,True,
chart_file_hash:04_selected_sectors.png,True,
chart_resolution:04_selected_sectors.png,True,
chart_file_hash:05_gp_goal_deviations.pdf,True,
chart_pdf_header:05_gp_goal_deviations.pdf,True,
chart_file_hash:05_gp_goal_deviations.png,True,
chart_resolution:05_gp_goal_deviations.png,True,
chart_file_hash:06_gp_priority_composition.pdf,True,
chart_pdf_header:06_gp_priority_composition.pdf,True,
chart_file_hash:06_gp_priority_composition.png,True,
chart_resolution:06_gp_priority_composition.png,True,
chart_file_hash:07_logical_constraint_sensitivity.pdf,True,
chart_pdf_header:07_logical_constraint_sensitivity.pdf,True,
chart_file_hash:07_logical_constraint_sensitivity.png,True,
chart_resolution:07_logical_constraint_sensitivity.png,True,
seven_figure_pairs,True,
at_least_50_viva_questions,True,80
viva_sequential_numbering,True,
sixteen_slides,True,
slide_1_3_to_6_points,True,4
slide_1_recommended_visual,True,
slide_1_speaking_notes,True,79 words
slide_2_3_to_6_points,True,4
slide_2_recommended_visual,True,
slide_2_speaking_notes,True,79 words
slide_3_3_to_6_points,True,5
slide_3_recommended_visual,True,
slide_3_speaking_notes,True,82 words
slide_4_3_to_6_points,True,5
slide_4_recommended_visual,True,
slide_4_speaking_notes,True,88 words
slide_5_3_to_6_points,True,5
slide_5_recommended_visual,True,
slide_5_speaking_notes,True,80 words
slide_6_3_to_6_points,True,5
slide_6_recommended_visual,True,
slide_6_speaking_notes,True,82 words
slide_7_3_to_6_points,True,4
slide_7_recommended_visual,True,
slide_7_speaking_notes,True,91 words
slide_8_3_to_6_points,True,5
slide_8_recommended_visual,True,
slide_8_speaking_notes,True,87 words
slide_9_3_to_6_points,True,5
slide_9_recommended_visual,True,
slide_9_speaking_notes,True,84 words
slide_10_3_to_6_points,True,4
slide_10_recommended_visual,True,
slide_10_speaking_notes,True,85 words
slide_11_3_to_6_points,True,5
slide_11_recommended_visual,True,
slide_11_speaking_notes,True,88 words
slide_12_3_to_6_points,True,5
slide_12_recommended_visual,True,
slide_12_speaking_notes,True,84 words
slide_13_3_to_6_points,True,5
slide_13_recommended_visual,True,
slide_13_speaking_notes,True,86 words
slide_14_3_to_6_points,True,5
slide_14_recommended_visual,True,
slide_14_speaking_notes,True,82 words
slide_15_3_to_6_points,True,6
slide_15_recommended_visual,True,
slide_15_speaking_notes,True,86 words
slide_16_3_to_6_points,True,5
slide_16_recommended_visual,True,
slide_16_speaking_notes,True,86 words
nineteen_methodology_sections,True,
consistent_proxy_term:README.md,True,
no_unrendered_tokens:README.md,True,
upstream_counts_qualified:README.md,True,
consistent_proxy_term:docs/methodology.md,True,
no_unrendered_tokens:docs/methodology.md,True,
upstream_counts_qualified:docs/methodology.md,True,
consistent_proxy_term:docs/final_results_summary.md,True,
no_unrendered_tokens:docs/final_results_summary.md,True,
consistent_proxy_term:docs/project_explanation_beginner.md,True,
no_unrendered_tokens:docs/project_explanation_beginner.md,True,
upstream_counts_qualified:docs/project_explanation_beginner.md,True,
consistent_proxy_term:docs/viva_preparation.md,True,
no_unrendered_tokens:docs/viva_preparation.md,True,
upstream_counts_qualified:docs/viva_preparation.md,True,
consistent_proxy_term:docs/final_presentation_content.md,True,
no_unrendered_tokens:docs/final_presentation_content.md,True,
upstream_counts_qualified:docs/final_presentation_content.md,True,
consistent_proxy_term:docs/final_model_audit.md,True,
no_unrendered_tokens:docs/final_model_audit.md,True,
upstream_counts_qualified:docs/final_model_audit.md,True,
link:README.md:docs/final_model_audit.md,True,
link:README.md:docs/methodology.md,True,
link:README.md:docs/final_results_summary.md,True,
link:README.md:docs/project_explanation_beginner.md,True,
link:README.md:docs/viva_preparation.md,True,
link:README.md:docs/final_presentation_content.md,True,
link:README.md:docs/final_figures_review.md,True,
link:README.md:results/submission/consistency_report.md,True,
link:README.md:docs/final_results_summary.md#3-authoritative-ip-vs-gp-comparison,True,
link:README.md:docs/methodology.md,True,
link:README.md:config/model_config.json,True,
link:README.md:docs/data_dictionary.csv,True,
link:README.md:docs/goal_programming.md,True,
link:README.md:docs/risk_methodology.md,True,
link:README.md:docs/strategic_methodology.md,True,
link:README.md:results/optimization/,True,
link:README.md:results/optimization/ip_summary.csv,True,
link:README.md:results/optimization/gp_summary.csv,True,
link:README.md:results/optimization/payoff_summary.csv,True,
link:README.md:results/optimization/goal_targets.csv,True,
link:README.md:results/optimization/ip_vs_gp_comparison.csv,True,
link:README.md:results/optimization/sensitivity_changes.csv,True,
link:README.md:results/optimization/sector_composition.csv,True,
link:README.md:results/optimization/validation_report.md,True,
link:README.md:results/optimization/charts/,True,
link:README.md:data/processed/startup_projects_scored.csv,True,
link:README.md:docs/audit.md,True,
link:docs\audit.md:final_model_audit.md,True,
link:docs\final_figures_review.md:../results/optimization/charts/,True,
link:docs\final_figures_review.md:../results/optimization/charts/chart_manifest.json,True,
link:docs\final_figures_review.md:../src/plot_optimization.py,True,
link:docs\final_model_audit.md:submission_freeze.json,True,
link:docs\final_model_audit.md:../results/submission/consistency_report.md,True,
link:docs\final_presentation_content.md:final_results_summary.md,True,
link:docs\final_presentation_content.md:viva_preparation.md,True,
link:docs\final_results_summary.md:../results/optimization/ip_summary.csv,True,
link:docs\final_results_summary.md:../results/optimization/gp_summary.csv,True,
link:docs\final_results_summary.md:methodology.md#14-gp-target-generation,True,
link:docs\final_results_summary.md:../results/optimization/ip_vs_gp_comparison.csv,True,
link:docs\final_results_summary.md:../results/optimization/sector_composition.csv,True,
link:docs\final_results_summary.md:../results/optimization/sensitivity_sector_changes.csv,True,
link:docs\final_results_summary.md:final_model_audit.md,True,
link:docs\final_results_summary.md:../results/submission/consistency_report.md,True,
link:docs\goal_programming.md:methodology.md,True,
link:docs\methodology.md:final_model_audit.md,True,
link:docs\methodology.md:final_results_summary.md,True,
link:docs\methodology.md:data_dictionary.csv,True,
link:docs\methodology.md:risk_methodology.md,True,
link:docs\methodology.md:final_results_summary.md,True,
link:docs\methodology.md:final_results_summary.md,True,
link:docs\methodology.md:../results/optimization/validation_report.md,True,
link:docs\phase_log.md:final_model_audit.md,True,
link:docs\project_explanation_beginner.md:final_results_summary.md,True,
link:docs\viva_preparation.md:methodology.md,True,
link:docs\viva_preparation.md:final_results_summary.md,True,
link:results\README.md:optimization/,True,
link:results\README.md:optimization/comparison_report.md,True,
link:results\README.md:optimization/sensitivity_report.md,True,
link:results\README.md:optimization/validation_report.md,True,
link:results\README.md:../docs/audit.md,True,
link:results\README.md:../docs/data_dictionary.csv,True,
link:results\README.md:optimization/charts/,True,
link:results\optimization\README.md:../../docs/final_results_summary.md,True,
link:results\optimization\README.md:../../docs/methodology.md,True,
link:results\optimization\README.md:validation_report.md,True,
link:results\optimization\README.md:../submission/consistency_report.md,True,
link:results\optimization\README.md:charts/,True,
link:results\submission\consistency_report.md:tests.txt,True,
link:results\submission\consistency_report.md:validation.txt,True,
link:results\submission\consistency_report.md:consistency_checks.csv,True,
link:results\submission\consistency_report.md:../../docs/final_results_summary.md,True,
existing_validation_all_passed,True,1586/1586
rerun_tests_report,True,
rerun_validation_report,True,
